task_id,mu,sigma
wildchat_109,0.0,0.6773825298356546
wildchat_128,10.0,0.992776441779426
wildchat_154,10.0,0.808280964249194
wildchat_171,7.58593158120882,0.78360927643811
wildchat_173,-5.3039655824082095,0.8052738652231862
wildchat_194,8.281696842162356,0.6751794792931026
wildchat_212,10.0,0.9322040924083417
wildchat_226,10.0,0.9995915714931971
wildchat_245,-4.651353847125908,0.8270607046059179
wildchat_248,5.533622688791426,0.4347440563637148
wildchat_270,0.05914393250631233,0.9409938528505793
wildchat_281,1.199690789563069,0.9766756171068746
wildchat_284,-1.1010261601170717,0.7363076001247277
wildchat_286,-3.9807457650664904,0.8638772567588056
wildchat_322,10.0,0.7248371477558874
wildchat_389,-4.329239075756404,0.704933723909317
wildchat_397,5.409186445068027,0.9774375188287334
wildchat_429,-6.703906946862281,0.9420195251374397
wildchat_434,-2.012876688142969,0.9987040423318871
wildchat_469,3.1618156797770274,0.4907788227142743
wildchat_510,6.592404748798739,7.38905609893065
wildchat_519,10.0,0.9829308423144092
wildchat_573,10.0,0.9750281650755309
wildchat_580,10.0,0.9999188104592291
wildchat_587,5.492125689257894,0.9909349453425581
wildchat_610,7.66178922411428,1.0
wildchat_621,-6.0803556651129185,0.9608993421325015
wildchat_1003,4.287718450432549,0.5425552868180924
wildchat_1012,2.0516596905316975,0.9823413169742422
wildchat_1014,-0.8375460410744675,0.8381870936750543
wildchat_1044,-10.0,0.9722690048578203
wildchat_1068,10.0,0.914042452855884
wildchat_1077,10.0,0.7623679966917116
wildchat_1124,-3.5340035754777097,0.9989425676351493
wildchat_1137,-2.4173461433769616,0.9996485024167259
wildchat_1165,-10.0,1.000000396494846
wildchat_1221,-10.0,0.9472135380541911
wildchat_1229,4.2474901220741055,0.851625829303084
wildchat_1230,-6.681942599664477,0.9026532435671453
wildchat_1257,10.0,0.9999999814254241
wildchat_1298,10.0,1.0000010333080802
wildchat_1322,10.0,0.972885557028084
wildchat_1357,-6.3627621731424036,0.5402741220456476
wildchat_1364,6.050225754888927,0.48858647819718476
wildchat_1398,-2.791066015579709,0.8034513948521415
wildchat_1405,7.236866742760136,0.8548376333242825
wildchat_1448,2.122992846219633,0.9630498979898049
wildchat_1450,4.905026527227243,0.6077190675531104
wildchat_1453,0.9784566780143017,0.7544087732906665
wildchat_1463,-6.946696049489362,0.884355720268381
wildchat_1469,-3.281910103869149,0.898527148268531
wildchat_1476,-3.8352623380979787,0.7797461315252735
wildchat_1499,6.751779640717549,0.9152513345789344
wildchat_1507,8.040808772340844,0.9905350715755193
wildchat_1537,-10.0,0.9999997383479418
wildchat_1552,10.0,0.9993533380205992
wildchat_1604,-6.0799097099540536,0.9609274158218716
wildchat_1626,-1.4568986988667831,0.7090449974671333
wildchat_1642,7.560416344224123,0.6023375820054835
wildchat_1669,-2.8848980792855796,0.8526707916676259
wildchat_2003,10.0,0.9987864376570726
wildchat_2117,5.934899051271511,0.5735982726279877
wildchat_2126,3.54154515620865,0.8933677992992844
wildchat_2150,2.730760809999461,3.0569276480931817
wildchat_2165,2.553833634709456,0.9999969541434971
wildchat_2199,1.3676033892574417,0.9680558825001595
wildchat_2229,7.593939673627244,0.7880367484942042
wildchat_2323,6.4314107653893755,0.9328198444092084
wildchat_2337,4.931929887694338,0.6864860830249411
wildchat_2352,1.5969565737668299,0.555636205582777
wildchat_2391,-10.0,0.9999765243638766
wildchat_2404,3.035988426011416,0.9072765153070975
wildchat_2410,7.209279376815634,0.6931994056105641
wildchat_2456,6.38707387531874,0.8764387821908635
wildchat_2490,-2.6985074466249572,0.9093730218936975
wildchat_2499,7.076438851715826,0.5934532683244379
wildchat_2614,-5.837311027976238,0.9668431398777506
wildchat_2649,5.864458000953991,0.7378771384240318
wildchat_2662,-1.1847492440094596,0.6210700992640391
wildchat_2671,-6.50847126970542,0.9056603862715285
wildchat_2676,-10.0,0.6703127544586267
wildchat_2684,7.7240987262899115,0.5030714743665775
wildchat_3005,-7.365625198851573,0.7485086108392337
wildchat_3009,-8.104426014986098,0.6159779385540314
wildchat_3016,10.0,0.6544422954980007
wildchat_3025,1.597680467445452,0.4809012850448208
wildchat_3047,4.0278151454593125,0.8601579934421232
wildchat_3048,10.0,0.993091641687731
wildchat_3060,4.905440026520665,0.6765718883871245
wildchat_3062,3.5209310265792815,0.6210093405671084
wildchat_3223,2.114623002747197,0.6069870086273224
wildchat_3312,10.0,0.9925115642987745
wildchat_3349,3.1336064544739988,0.8784141703552062
wildchat_3354,1.0146789831093077,0.7577707245202577
wildchat_3355,1.6319127635042303,0.7238363611568801
wildchat_3384,10.0,0.8970633686391999
wildchat_3401,2.7691676652265076,0.6057354603094347
wildchat_3407,10.0,0.9725829251112085
wildchat_3452,-1.8142569337265078,0.6752400502248259
wildchat_3548,3.865560440657382,0.885195322063549
wildchat_3561,4.7940543283705965,0.8342544462603991
wildchat_3563,10.0,0.9909036857079607
wildchat_3587,-0.20211599925983684,0.7240050076327693
wildchat_3588,5.2693196149836705,0.5596662550371467
wildchat_3598,-0.6588033915820881,0.7947975198406175
wildchat_3604,7.766230070721921,0.5333341655969871
wildchat_3638,5.747233548329925,0.9927424113104145
wildchat_3643,-4.050428430936985,0.9714067959365639
wildchat_3650,2.171782637051872,3.0635838935719617
wildchat_3685,10.0,0.6483091764576239
wildchat_3691,1.6742298519469103,0.5331983485478085
wildchat_3700,10.0,0.9999997180217018
wildchat_4017,10.0,0.707182528650474
wildchat_4120,10.0,0.9618977944840458
wildchat_4141,5.753031074199381,0.9906245502818848
wildchat_4148,10.0,0.9653072876651441
wildchat_4177,-7.032730316437039,0.8657570734733899
wildchat_4187,10.0,0.8980866858533905
wildchat_4210,-7.173435853796587,0.6804778969002893
wildchat_4222,10.0,0.9898273810293335
wildchat_4270,10.0,0.9144224705775695
wildchat_4276,5.224919423046108,0.9274598527038452
wildchat_4294,5.352279711903144,0.9930866069236114
wildchat_4302,5.3951854915773,0.9926687625944539
wildchat_4356,-1.8610508917843183,0.9412657920426724
wildchat_4399,-5.3622739464193945,0.9920074888282461
wildchat_4401,4.231158069200133,0.7242044826279654
wildchat_4418,5.016974428913744,0.5556499187127315
wildchat_4474,7.66178940282191,0.9999999791505395
wildchat_4500,-3.2120828350839954,0.9015274371961216
wildchat_4514,-2.50502474600507,0.6125415458425946
wildchat_4515,1.1675798639071373,0.5563496360073049
wildchat_4525,-1.1128244895375015,0.9499671537787594
wildchat_4549,-2.2626336402917313,0.9725470444406084
wildchat_4576,5.382018539063131,0.7730335361997227
wildchat_4577,10.0,0.9913357465522682
wildchat_4650,10.0,1.0000006941540958
wildchat_4675,2.593837409507256,0.8769650060836927
wildchat_4676,-3.566763153866248,0.9611414641279081
wildchat_4698,-10.0,0.9975199946461165
wildchat_5001,10.0,0.9818417222246546
wildchat_5003,10.0,0.7365826685278736
wildchat_5015,2.155286783772808,0.6077793403865546
wildchat_5094,6.322440988356825,0.9769709541639319
wildchat_5120,-2.362399438724614,0.887613195726997
wildchat_5178,-1.8215710499743305,0.9899895647477839
wildchat_5183,-2.8091218448746362,0.7310665775172713
wildchat_5192,-1.1330195893642183,0.8430918680349608
wildchat_5267,10.0,0.6578830747767233
wildchat_5270,-4.621706322277271,0.9704621515913697
wildchat_5271,7.668886405999445,0.5729634477106941
wildchat_5281,10.0,0.907095772113139
wildchat_5304,-3.1733945187417643,0.9719499448010583
wildchat_5339,2.4426062229878616,0.5140726868224682
wildchat_5352,-0.7073060549818891,0.9959689717246023
wildchat_5357,5.990874098130815,0.9333988355375512
wildchat_5359,10.0,0.9299506204608236
wildchat_5452,6.143482673317018,0.4576092503153331
wildchat_5453,-10.0,0.7193081487330895
wildchat_5474,9.222264398327063,0.49023916070455975
wildchat_5478,-5.6611258005748315,0.7643326840297552
wildchat_5485,-1.4856356489315652,0.5221348031959648
wildchat_5503,-3.5556247197446207,0.598423301677307
wildchat_5567,4.119798588331367,0.6813492992106424
wildchat_5592,-3.4219421725607706,0.7950473120887914
wildchat_5629,6.893061082975549,0.7273700417845634
wildchat_5651,4.264126471048159,0.9228757306299612
wildchat_5672,5.430758115097095,0.9933019326566039
wildchat_5694,10.0,0.999999630515465
wildchat_6055,4.596601900576601,0.5213534740257614
wildchat_6096,2.6423617560848838,0.9993328024307461
wildchat_6245,-10.0,1.0
wildchat_6332,3.930074161663361,0.9914355636107122
wildchat_6341,5.39080367762835,0.9931569157058051
wildchat_6342,-4.784430291136118,0.8657751612480185
wildchat_6366,1.0814358972598406,0.690268939575968
wildchat_6457,-1.3872657054381856,0.7074611711249301
wildchat_6498,-4.99977714051458,0.9917351154457612
wildchat_6538,-0.49483501713130956,0.6765243461750735
wildchat_6552,10.0,0.9748277469034657
wildchat_6553,-3.200991493504053,0.8717102005884411
wildchat_6554,6.7746288395569305,0.8330091617682236
wildchat_6566,2.546598712091899,0.9388146789887586
wildchat_6593,10.0,0.8535231535822967
wildchat_6605,-0.1359878256104739,0.6140477004042305
wildchat_6622,6.01201869212852,0.7620987603995458
wildchat_6640,1.257802034689224,0.7679077853180418
wildchat_6665,-10.0,0.9295433853080248
wildchat_6672,5.700407565927985,0.9654384426232604
wildchat_6673,5.166400651015181,0.8132348383674872
wildchat_7022,10.0,0.6416795558011178
wildchat_7040,5.975251739268347,0.9587127185965503
wildchat_7041,10.0,0.9923707257275871
wildchat_7044,-5.004208172634487,0.8093666294771191
wildchat_7052,-3.8551772953515293,0.7866120432119958
wildchat_7058,-3.1225776298174805,0.9447229914371837
wildchat_7110,-6.759999366493704,0.9046205804404915
wildchat_7137,0.7778442905330886,0.8871953520447565
wildchat_7177,4.478764286389854,0.6341595255725414
wildchat_7218,2.2022112213155,0.9350190305980115
wildchat_7230,4.517893017391001,0.8658488111193287
wildchat_7233,0.8809845830825531,0.8879566940142956
wildchat_7245,10.0,0.9926560201196644
wildchat_7271,-1.5653014986472729,0.7059270012818123
wildchat_7302,-4.209737802469621,0.8630369375773517
wildchat_7324,10.0,0.9169859191350961
wildchat_7336,10.0,0.9999994301779844
wildchat_7372,10.0,0.993098317623396
wildchat_7388,-10.0,0.9296497421765145
wildchat_7391,-5.704450046165503,0.9700722779919895
wildchat_7404,-4.795445796171566,0.7805666317823845
wildchat_7420,4.672637551851145,0.9991831096891931
wildchat_7428,0.20920668539216403,0.6126723440176196
wildchat_7432,10.0,1.0
wildchat_7433,10.0,0.7546550459030228
wildchat_7507,-3.1597308981201233,0.709476643512125
wildchat_7511,-10.0,0.9997530308974162
wildchat_7547,-6.135571295352266,0.9455947696499919
wildchat_7604,1.310828176604587,0.9405930530077149
wildchat_7638,2.494775795192186,0.9820498838567462
wildchat_7668,1.5431509589067518,0.5188307427669396
wildchat_7711,-0.2337878848996349,0.7422001426406623
wildchat_8008,-0.38230125067508514,0.7759238169227765
wildchat_8019,6.264588695034356,0.49780042194879154
wildchat_8029,10.0,0.9619035413902977
wildchat_8046,7.411986944196919,0.8144453305652571
wildchat_8068,0.6933260661521251,0.9990604165205365
wildchat_8072,4.632701314114782,0.9955582231927829
wildchat_8144,-3.072919867454989,0.7886768336034666
wildchat_8148,-1.464909759515911,0.8455818348326002
wildchat_8149,10.0,0.913268037409257
wildchat_8153,10.0,0.813563395297695
wildchat_8166,-10.0,0.9864294046263595
wildchat_8308,-3.331790026982855,0.5372443322293828
wildchat_8316,4.221849478127138,0.852834082301052
wildchat_8318,4.622281765464747,0.6032916190086457
wildchat_8379,-6.882278360669891,0.8720470938590251
wildchat_8383,10.0,0.9930752477002217
wildchat_8405,10.0,0.8059800539487001
wildchat_8414,-10.0,1.0000132449760868
wildchat_8433,-10.0,0.9999999914255774
wildchat_8435,10.0,0.6865040300331777
wildchat_8455,-4.280546603580914,0.6189335559398156
wildchat_8510,3.3394261079827023,0.9946723038794711
wildchat_8533,-8.867372723999102,0.5689609354111336
wildchat_8541,-5.308408239884335,0.7577436784679025
wildchat_8543,-10.0,0.9572475598353622
wildchat_8582,-5.4344445713860905,0.7749305872087042
wildchat_8586,-2.0992285313689547,0.9633760447693643
wildchat_8657,10.0,0.99995066710198
wildchat_8672,-0.48637420985720103,0.7850480217277458
wildchat_8696,-6.419745336615545,0.937617343416049
wildchat_9008,0.37632151881459525,0.7388495044063922
wildchat_9044,7.2096711713906325,0.49629932984899916
wildchat_9064,-2.234079567566728,0.7019307844000803
wildchat_9086,7.044317070618176,0.8139150320060875
wildchat_9089,-6.128621091229478,0.914775005135162
wildchat_9117,10.0,0.7295539751294918
wildchat_9123,10.0,0.9955417275364266
wildchat_9159,0.505389107491843,0.9883367775066672
wildchat_9162,10.0,0.9994518662034315
wildchat_9218,-2.3797229890914915,0.7734058989788581
wildchat_9431,3.903685484732213,0.9885148548137916
wildchat_9433,10.0,0.9999999429179468
wildchat_9484,5.4372409021884724,0.992059973984256
wildchat_9521,-10.0,0.9999864871579294
wildchat_9574,2.5538062174858327,0.9999952206085377
wildchat_9615,-2.401270624291413,0.8317804940572088
wildchat_9630,7.5777843768239235,0.7890213043931069
wildchat_9632,6.764182798479616,0.9464335890616189
wildchat_9652,0.8769739779483983,0.7203279881359368
wildchat_9687,10.0,0.9930834806071247
wildchat_9689,0.2488221921258223,0.9711964568100389
wildchat_9691,-4.700632972562878,0.6809996621603491
wildchat_10020,-1.6479053724251198,0.6534313356932231
wildchat_10023,2.279089607293293,0.9831623537144967
wildchat_10037,10.0,0.9999997446082973
wildchat_10062,5.833451231833376,0.5853067641951106
wildchat_10063,-4.488254743525005,0.996557324038994
wildchat_10078,-3.8748393917943975,0.8062568095898822
wildchat_10082,4.638148972942641,0.926626920927708
wildchat_10132,6.13588454206624,0.7016404927869075
wildchat_10133,0.39709163571146555,0.9426630150038693
wildchat_10165,2.7138206144721777,0.996494819685069
wildchat_10186,-7.4923279283757225,0.7383570072523732
wildchat_10209,-4.080442393224766,0.912696578897732
wildchat_10210,6.348167263415949,0.9336333951385094
wildchat_10237,10.0,0.8090852964598808
wildchat_10240,-7.6563754864327445,0.8168564354941477
wildchat_10253,-10.0,0.8369239502722596
wildchat_10326,1.955079230108218,0.983093857289431
wildchat_10343,-3.203581257217265,0.768343737634255
wildchat_10349,-10.0,0.9693840583121857
wildchat_10361,7.596686613871444,0.5651293414926716
wildchat_10375,7.5104440382963205,0.5614203814330938
wildchat_10381,2.027330384852332,0.976607096953612
wildchat_10401,6.574996484888579,0.6679009742221864
wildchat_10403,2.4744313027505704,0.44076350578241624
wildchat_10413,-2.7246391599594983,0.71593742885175
wildchat_10445,-10.0,0.9930573865203008
wildchat_10478,4.46264728525507,0.5504506649335765
wildchat_10480,-8.450976839123689,0.6529453252039776
wildchat_10500,-1.1383327562752328,0.45684047610326733
wildchat_10624,7.215154440822572,0.8381571326740626
wildchat_10642,-5.17600562079084,0.6389095238648729
wildchat_10645,10.0,1.0000000005340954
wildchat_10654,-1.564623674553877,0.9882183546043473
wildchat_10695,-1.1987551856322143,0.7465711948167245
wildchat_10707,-0.9355342374975552,0.7435208428917853
wildchat_11004,0.831356687033427,0.8772514998192416
wildchat_11030,1.8080541381890907,0.6574867583985644
wildchat_11065,6.846519469844001,0.8804002701577958
wildchat_11114,-1.901045733860139,0.9045658284113798
wildchat_11141,-3.1364194170620596,0.8634851501959426
wildchat_11155,4.590840089692729,0.5050330797346565
wildchat_11182,10.0,1.0
wildchat_11190,10.0,0.9996805310472914
wildchat_11240,-10.0,0.9969362179665385
wildchat_11241,-5.123403543255981,0.995634339447824
wildchat_11267,5.6428453013834945,0.9679888049125799
wildchat_11303,0.6600022543891222,0.7213179175991066
wildchat_11320,10.0,0.7338028744283486
wildchat_11328,6.301523511095379,0.7016374504734755
wildchat_11364,-2.727838689353257,0.659201880319537
wildchat_11393,10.0,0.9475308596994305
wildchat_11453,-3.7913187124576258,0.7186560769423247
wildchat_11489,10.0,1.0000001898487325
wildchat_11524,-0.07624749614872556,0.5038546900612978
wildchat_11536,7.450928451533884,0.8081932832562363
wildchat_11545,-2.11195546857503,0.4937402036804872
wildchat_11565,4.205659329891682,0.6989802280675586
wildchat_11573,-10.0,0.834666376650024
wildchat_11625,0.6392732758793416,0.7187637952658469
wildchat_11632,-5.3528710806987245,0.9931341721182851
wildchat_11655,10.0,0.9891686656262461
wildchat_12002,5.26499372742787,0.7881379280201204
wildchat_12047,2.721940190857459,0.6705965815837336
wildchat_12051,10.0,0.9999999179911013
wildchat_12057,-3.3418985998372523,0.9017602440720446
wildchat_12092,-4.453150957698577,0.8750710314532187
wildchat_12129,-8.161860623475095,0.6879772257716628
wildchat_12149,7.850427773493879,0.7539031681954885
wildchat_12203,10.0,0.7248507315798853
wildchat_12265,10.0,0.8947640552331135
wildchat_12286,5.614323223059196,0.7704899475905207
wildchat_12315,6.004081503796554,0.8478379678251539
wildchat_12328,4.866980801496182,0.5440105003451577
wildchat_12353,-0.9137926552453568,0.8847400713019598
wildchat_12364,-10.0,1.0
wildchat_12369,2.547883355624946,0.868744118238214
wildchat_12406,-3.7849097402891125,0.9086435281945219
wildchat_12410,5.890471178190458,0.5377042020433809
wildchat_12461,-6.67897303759232,0.7002829781634751
wildchat_12474,10.0,0.7982888446818939
wildchat_12504,10.0,0.8423922800359144
wildchat_12548,10.0,0.7123172779550093
wildchat_12558,7.629564952863119,0.6364322981107219
wildchat_12563,10.0,0.8980706055236977
wildchat_12594,-1.170623744570705,0.8296341412565957
wildchat_12616,10.0,0.9657643274842573
wildchat_12642,4.665214951726056,0.5747514573951586
wildchat_12645,10.0,0.735820522720039
wildchat_12681,10.0,0.615277410444829
wildchat_13000,3.691944563004524,0.6166072291868332
wildchat_13029,-6.317383458004706,0.7057252571317253
wildchat_13050,2.2518174323241396,0.9592480140265346
wildchat_13061,-5.473714153384684,0.9919716822519277
wildchat_13072,-2.5538367902480426,0.9999972057192447
wildchat_13123,7.417526099537035,0.8139641592519382
wildchat_13152,-5.240580807120333,0.8097443642978591
wildchat_13185,0.634399983045342,0.8531179320413683
wildchat_13203,10.0,0.8334407138319635
wildchat_13213,6.931171454794174,0.6842541704907753
wildchat_13223,10.0,0.9747902174442985
wildchat_13225,10.0,1.0
wildchat_13243,-5.39512406585522,0.9926758919163572
wildchat_13257,2.1624106198639126,0.9539759047505181
wildchat_13285,-3.8993296939082005,0.8732869189033478
wildchat_13307,-2.996878902081072,0.9834188521636417
wildchat_13309,5.352159032998458,0.9930989640500592
wildchat_13317,2.4388674071597185,0.5943002590078048
wildchat_13344,10.0,0.8790347778449971
wildchat_13371,10.0,0.9930967524602178
wildchat_13384,-1.0135353870293218,0.811481833888723
wildchat_13390,-10.0,0.9999676145091287
wildchat_13405,10.0,0.9926410212194019
wildchat_13421,10.0,1.0000005747220466
wildchat_13483,6.295996422995547,0.5695527179457319
wildchat_13521,10.0,0.9999003067935981
wildchat_13541,4.681251817456778,0.9990894682089413
wildchat_13552,-3.0970267395388213,0.6206839546208639
wildchat_13555,0.1516686389301567,0.6397129537972199
wildchat_13616,3.1985728918159,0.9854930774258489
wildchat_13619,-10.0,1.0000007265037674
wildchat_13637,4.293254824831525,0.7034382564330987
wildchat_13695,10.0,0.9764980784135693
wildchat_14002,-2.866619929436801,0.9965028935004306
wildchat_14010,10.0,0.916285183482102
wildchat_14021,0.21512298128697424,0.7614911026998678
wildchat_14039,5.964400342991424,0.9177341549410413
wildchat_14113,4.810203742229627,0.8300805605230859
wildchat_14129,7.4814878531530615,0.8045966702302355
wildchat_14155,-2.900503356115057,0.6288819434477414
wildchat_14181,10.0,0.8531404091103846
wildchat_14252,10.0,0.9930989488921071
wildchat_14272,-1.4124511265442465,0.7440640080796211
wildchat_14299,5.352866109009125,0.9930816498358588
wildchat_14300,-2.382828532111397,0.7222372106061787
wildchat_14301,6.200021403476144,0.5405330416053459
wildchat_14306,10.0,0.8816240678688887
wildchat_14316,-2.5799157446999947,0.9727014404087713
wildchat_14331,-5.6706243587156395,0.9717555893031647
wildchat_14342,-10.0,0.9944458563281761
wildchat_14370,-3.4985438711212242,0.8751785433702569
wildchat_14381,6.950189277003868,0.8655520028414023
wildchat_14402,4.14859995758383,0.8134947578701008
wildchat_14413,10.0,1.0000005143999666
wildchat_14420,1.122626652655006,0.8993022469453203
wildchat_14450,2.5823374452711114,0.9920790700850924
wildchat_14456,-0.15552025504029154,0.9746000982354023
wildchat_14468,6.667977772516853,0.8627965130074327
wildchat_14506,4.940393340762008,0.7949082804919902
wildchat_14507,10.0,0.9883218416427243
wildchat_14537,-1.8044154706075548,0.7381519112188288
wildchat_14538,-2.55391737768818,0.999999585131783
wildchat_14558,-4.78651670277509,0.638893300924959
wildchat_14624,10.0,0.9310514469915115
wildchat_14651,5.762727595714862,0.9932364024875274
wildchat_14656,-0.6314264673983329,0.9718695307390035
wildchat_14677,7.746785153053347,0.6514505957587423
wildchat_14692,10.0,0.822091232013226
wildchat_14707,-2.553891125056327,0.9999912309069063
wildchat_14708,8.370498325178254,0.5581169094765538
wildchat_15054,6.241053172534196,0.9484755519126237
wildchat_15085,8.575028064362833,0.6175444718018253
wildchat_15122,5.049439301379526,0.6470234910241144
wildchat_15147,0.27491849001199914,5.236288997556399
wildchat_15151,5.623083788576288,0.5707731800354411
wildchat_15153,6.304812608833061,0.9178545799937767
wildchat_15202,1.4869492148247945,0.978203774711099
wildchat_15209,4.731414543891602,0.8614804928062713
wildchat_15264,10.0,0.9999986969750345
wildchat_15283,10.0,0.6919948903219637
wildchat_15310,-1.79694600782108,0.9785167161854723
wildchat_15325,-10.0,0.9999998155488868
wildchat_15328,8.408056127478297,0.6652353999649754
wildchat_15332,-5.939447185058444,0.5312610774209212
wildchat_15333,-1.967466417856739,0.8126827989862317
wildchat_15338,-7.673379219255879,0.9999619515337965
wildchat_15372,-2.393173403457301,0.518031324122689
wildchat_15388,-4.122166709238935,0.8694711027885672
wildchat_15392,10.0,0.9648933139970862
wildchat_15401,7.777487638878168,0.9983512843496438
wildchat_15466,10.0,0.9928831820369001
wildchat_15475,5.627896368155898,0.9737013644604441
wildchat_15522,-6.032239067963794,0.9334758282834754
wildchat_15537,6.810693312602867,0.5233932040548781
wildchat_15547,10.0,0.9927706843880435
wildchat_15549,-1.5975919768033038,0.9887744319821485
wildchat_15553,5.422602273107091,0.9898689314347319
wildchat_15586,-1.7115676132997868,0.979267026914978
wildchat_15608,1.7454538301930003,0.783635383219819
wildchat_15615,5.083171221524801,7.38905609893065
wildchat_15623,7.363237662215674,0.8258318123188165
wildchat_15646,-5.442267749891548,0.993908232637694
wildchat_15656,-7.69836963063424,0.9991183045657773
wildchat_15658,-3.822030299613189,0.8490308537033355
wildchat_15667,-6.91510626445318,0.8922142111582965
wildchat_15668,10.0,0.8529532476587506
wildchat_15674,-1.5448672469692513,0.7524033739682273
wildchat_16033,7.818797947272528,0.753400858908953
wildchat_16094,-6.8619546614614295,0.8529989140923365
wildchat_16101,-7.705419866931375,0.7721184473085428
wildchat_16155,-10.0,0.96841823734092
wildchat_16165,8.73227138886002,0.9744803867947098
wildchat_16242,-10.0,0.9746463806280893
wildchat_16255,8.722972995567007,0.5836288386518923
wildchat_16259,4.717345844340522,0.9692916420659916
wildchat_16265,3.140612583080023,0.8495287301542465
wildchat_16322,-10.0,0.9416324667370422
wildchat_16334,4.709490853515492,0.5702251446734926
wildchat_16343,-2.709827299187999,0.9998318117160796
wildchat_16378,-1.2253302794484793,0.807027111573954
wildchat_16390,8.503657895869681,0.997767310430424
wildchat_16430,10.0,1.0
wildchat_16431,-5.684275422763365,0.9941718934467776
wildchat_16459,10.0,0.8770303298780243
wildchat_16460,2.6790759156206727,0.7006584314547103
wildchat_16470,-0.7470298638923273,0.49121673146527234
wildchat_16478,-2.4790389016266876,0.9980519829285969
wildchat_16490,-0.31770848178256794,0.5100207212057966
wildchat_16546,0.5979674365209887,0.5020853955308408
wildchat_16558,7.049363321175278,0.8608416255851671
wildchat_16699,-2.3640562192186843,0.9369552131943404
wildchat_17009,10.0,1.000000001668114
wildchat_17079,-0.3997025443635017,0.9025259167568741
wildchat_17080,10.0,0.9530157268233863
wildchat_17089,1.7327012095409307,0.730593507236313
wildchat_17095,8.318586345442059,0.509959601944918
wildchat_17098,5.597054285497139,0.7608201872887758
wildchat_17134,6.447278668357387,0.5261675055803383
wildchat_17175,1.3928491843288493,0.9682123375630561
wildchat_17224,6.5856328988684485,0.6544650761093936
wildchat_17274,10.0,0.9275525500794617
wildchat_17305,3.010091450768193,0.6845012068028354
wildchat_17348,8.173728815886989,0.6842755638345095
wildchat_17359,7.494719290412573,0.5620910486836241
wildchat_17396,-0.7426494071574479,0.9909318983211306
wildchat_17417,-3.450019940596474,0.706114578969306
wildchat_17473,-4.850657674397532,0.830024044004301
wildchat_17479,-10.0,1.0000011927076522
wildchat_17521,6.160796393996306,0.9785941848878639
wildchat_17544,2.158526370565462,0.9831269813413713
wildchat_17561,7.9451020053235615,0.7203319702799761
wildchat_17586,10.0,1.0000000005825422
wildchat_17592,-5.352161527415825,0.9930984215420523
wildchat_17627,10.0,0.7599713265576454
wildchat_17648,-1.444963306827356,0.7454614200975221
wildchat_18022,7.66178922411428,1.0
wildchat_18023,-10.0,0.9978365759837673
wildchat_18045,10.0,0.9816561534842287
wildchat_18066,10.0,0.9892748986871177
wildchat_18080,4.772610794512854,0.5618814825966467
wildchat_18099,10.0,0.9998696188694709
wildchat_18102,5.923845599207106,0.47576717695837706
wildchat_18119,7.952965127078901,0.5919723843316513
wildchat_18166,-3.3700468981435123,0.5470093112518382
wildchat_18175,6.134868364062855,0.9417136715769792
wildchat_18183,-7.66292748115744,0.9992598589652707
wildchat_18197,7.87463690652774,0.7719824945656762
wildchat_18202,10.0,0.8852422565699425
wildchat_18207,-10.0,0.70298973495291
wildchat_18230,-3.796699530332408,0.8552122999181091
wildchat_18239,-2.4638741993879485,0.8186572116895029
wildchat_18258,-4.734950838998326,0.803395650676821
wildchat_18281,3.1992973013824755,0.6668616560196621
wildchat_18296,-2.6067416998327375,0.5801620695357169
wildchat_18355,-5.97798925417504,0.9735067960542397
wildchat_18423,10.0,0.7592430904523398
wildchat_18508,-3.6407054825109015,0.9607757919830903
wildchat_18537,-1.8337495531339487,0.9159499457311139
wildchat_18542,3.6645299472055055,0.9863834537620322
wildchat_18544,10.0,1.000000000847022
wildchat_18559,10.0,0.9682130847764767
wildchat_18648,-1.780340909977079,0.571967336273092
wildchat_18659,1.599486395199167,0.599067463425867
wildchat_18664,5.605612238135206,0.9708516149946507
wildchat_18671,4.38600405094712,0.7123667782199735
wildchat_18695,2.5086554101868934,0.6363415168811656
wildchat_18696,-3.460275945952571,0.9880563740238091
wildchat_19053,10.0,0.9999983162858154
wildchat_19078,-1.4133524323006337,0.6526712433545614
wildchat_19134,6.02712649631508,0.5491213500377209
wildchat_19142,-2.4024788162298103,0.9649118297148852
wildchat_19173,0.7052417439358394,0.5420110217879948
wildchat_19186,10.0,1.0000000010831003
wildchat_19188,3.868945236261764,0.5635079524069965
wildchat_19204,5.961339470421346,0.9677175276583801
wildchat_19251,-5.416828510201691,0.993359437724338
wildchat_19255,7.814708644699603,0.9962962429957525
wildchat_19263,1.003707299052172,0.9929523458602868
wildchat_19379,-0.9037342419684614,0.9946461107671561
wildchat_19381,-7.211621738528362,0.7737142944229009
wildchat_19390,7.123656152482061,0.8942819924912324
wildchat_19399,10.0,0.7004239785284256
wildchat_19462,-1.245314844188554,0.964168276882694
wildchat_19475,-0.7567350470293013,0.9272132403254837
wildchat_19529,10.0,0.9025832362068196
wildchat_19573,10.0,1.0000003456412028
wildchat_19620,-7.017230893849987,0.6397212626997852
wildchat_19667,-2.7969530825191784,0.7303703059399376
wildchat_19685,-2.2718867197849453,0.5821650787239497
wildchat_19690,10.0,0.9999242881338539
wildchat_19692,-7.902998567181292,0.9749296017787619
wildchat_20005,1.8547687569564844,0.8359599573718256
wildchat_20022,-0.5637884703802225,0.9263607634366074
wildchat_20026,-0.05104652588782986,0.8899540125246655
wildchat_20033,10.0,0.9862685770566709
wildchat_20098,-2.0091570582395164,0.8631313264861472
wildchat_20100,-5.311141902067775,0.7952277691351685
wildchat_20110,6.710637406163824,0.9075835806405349
wildchat_20128,10.0,0.9990147654598637
wildchat_20158,6.393767943057858,0.9386990388194266
wildchat_20177,2.8547154361714915,0.467319714931436
wildchat_20201,-2.553772760312453,0.9999949855192279
wildchat_20223,-1.682070384637677,0.960309728196548
wildchat_20229,8.359539169921153,0.6568739871181284
wildchat_20239,-10.0,0.9900984513248801
wildchat_20250,-0.686769852324455,0.5766050840231369
wildchat_20322,10.0,0.9514570023700576
wildchat_20355,7.671075381562189,1.0000002578188354
wildchat_20385,-6.979419779141039,0.8172125549327944
wildchat_20390,10.0,1.000004664231191
wildchat_20397,-6.811570637871389,0.8961389238459954
wildchat_20427,6.097289873362814,0.5397525193232154
wildchat_20481,-2.91475852656524,0.7061206965684446
wildchat_20499,1.322883000149556,0.7801142094128464
wildchat_20508,0.7739994130154236,0.8064783049453021
wildchat_20517,1.9882665205911074,0.6923993292214717
wildchat_20558,10.0,0.9999969907120446
wildchat_20589,-3.3186316725215534,0.8444901963604009
wildchat_20682,-5.3630422305044645,0.9940553666482611
wildchat_20714,10.0,1.0000000007433092
wildchat_21012,10.0,0.9013235560867308
wildchat_21013,-3.6243881642527978,0.7429569258399373
wildchat_21021,10.0,1.000106045712777
wildchat_21043,10.0,0.9454554940939143
wildchat_21050,4.715434876261303,0.9511787572845131
wildchat_21077,2.7913794469859297,1.000048075377487
wildchat_21211,2.4620442337310045,0.9828575520700804
wildchat_21244,-7.041063311869669,0.8680935944407568
wildchat_21259,6.492450663711617,0.5435714106900195
wildchat_21272,7.64469692807972,0.749937880054907
wildchat_21289,5.067401025132555,0.7969233914867772
wildchat_21308,4.367765651520598,0.8510743571490067
wildchat_21318,6.097349654773058,7.38905609893065
wildchat_21392,4.515966158816747,0.9741044618022897
wildchat_21394,10.0,1.0
wildchat_21416,4.504783218344145,0.8872200071394961
wildchat_21448,6.355688561082118,0.9394200003354904
wildchat_21500,-2.86499941782544,0.5855868987078579
wildchat_21502,-2.5240628751645855,6.711394817736694
wildchat_21529,-2.195153435574199,0.7032041107507687
wildchat_21535,-2.211330516225111,0.9246891267730841
wildchat_21556,10.0,0.9752305225400729
wildchat_21587,0.28531106651959653,0.7203478688552135
wildchat_21593,6.285110955944795,0.9565917269653818
wildchat_21620,6.033044570422497,0.5065700198584281
wildchat_21668,-0.5322856243256326,0.6258122740722071
wildchat_21683,-1.7533875378332846,0.9671431724257032
wildchat_21684,-5.8089059878562885,0.9654952291981834
wildchat_22001,-6.2821229060881825,0.9419440922512162
wildchat_22007,-5.136451342812987,0.9808670415625703
wildchat_22105,-4.490991517878546,0.9185047259907113
wildchat_22115,-0.5421063123032368,0.9574325835254871
wildchat_22118,-2.1337131857851994,0.6570143041454705
wildchat_22143,10.0,0.8628438159809554
wildchat_22168,-10.0,1.0000004866279342
wildchat_22180,7.661789321107933,0.9999998895065856
wildchat_22197,10.0,0.9000475402137104
wildchat_22252,6.5815640435558285,0.5557621421721055
wildchat_22273,10.0,0.9285624401221663
wildchat_22334,8.000665092739787,0.6881538880298277
wildchat_22342,7.6911892502396455,0.5113641434281899
wildchat_22357,10.0,0.9983119182376293
wildchat_22361,7.766386625375704,0.5545444588654134
wildchat_22371,2.3424255897245385,0.9196701196769759
wildchat_22386,10.0,0.9101289486367705
wildchat_22394,6.998766106258324,0.8245042739309968
wildchat_22409,-5.541052720403126,0.9928440345263446
wildchat_22423,-0.27945490370026727,1.0001336699719647
wildchat_22451,-6.131016096084769,0.9136863654993042
wildchat_22463,-6.035496388453175,0.7399443220110978
wildchat_22466,-2.744871728771748,0.9177484532802194
wildchat_22474,10.0,0.9930958562348123
wildchat_22501,5.53300899797586,0.7713778189846977
wildchat_22506,5.587386983876631,0.4702835063553271
wildchat_22537,6.144143439241631,0.7822258211836614
wildchat_22561,1.725563532190594,0.4948916387035456
wildchat_22586,-2.730081909419662,0.9981166749611963
wildchat_22595,-10.0,1.0
wildchat_22600,2.5671574713867247,0.9946595915120009
wildchat_22637,-0.2800373832891393,0.9758277697956209
wildchat_22646,3.3375516592260603,0.8869488668376008
wildchat_22653,2.542073087940222,0.9996147250411407
wildchat_22687,1.6963819923883678,0.984049862946905
wildchat_22691,-10.0,1.0000012137282548
wildchat_23013,-10.0,1.000000193523847
wildchat_23040,-3.1803603083120033,0.7444241862538382
wildchat_23111,-5.080068711130232,0.9861097853573457
wildchat_23121,3.7837981972282244,0.5375422847873633
wildchat_23136,1.0381356477814176,0.9921329551119921
wildchat_23151,-3.283166695409411,0.7967212414740004
wildchat_23170,-7.177625899167071,0.7819753152595799
wildchat_23216,-5.799200311404768,0.9744729077670611
wildchat_23253,4.188658388481971,0.9691075384438629
wildchat_23288,0.6560430736959404,0.9950745281465765
wildchat_23336,0.6805997586501527,0.9164326104924353
wildchat_23340,2.754176878590355,0.9492986664275367
wildchat_23358,-0.9230443845445891,0.8359694577242776
wildchat_23364,8.633744012602016,0.6094737009846843
wildchat_23387,10.0,1.0000037325321556
wildchat_23388,5.431968208066137,0.6384215193441963
wildchat_23431,10.0,1.0000101305729256
wildchat_23447,0.19072073324012262,0.6769583908297505
wildchat_23457,-7.781858779928573,0.5580944497615348
wildchat_23466,6.8848595075142835,0.49168854898453357
wildchat_23468,3.344723941086553,0.7242011286618707
wildchat_23495,-7.944847097852664,0.7429257263771033
wildchat_23576,-10.0,0.9584348589870498
wildchat_23585,-5.581475076295084,0.755708991418715
wildchat_23586,-5.2633460983270215,0.8729929373704892
wildchat_23605,-5.352196886315122,0.993098320652165
wildchat_23628,-1.3786190364634952,0.4815389691717126
wildchat_23639,-6.356310716829579,0.9063240591616806
wildchat_23659,4.429110633887854,0.9059306771465979
wildchat_23664,-2.788844641236845,0.7501423332020037
wildchat_23696,3.915654123816338,0.5315265552687984
wildchat_24017,-3.504269478424974,0.7694148735267144
wildchat_24018,5.35732768456722,0.9931089571410561
wildchat_24036,-8.270852377250671,0.9448675051108595
wildchat_24037,2.2451296743636013,0.6338702933008887
wildchat_24038,-2.4457762518231405,0.7425057213280097
wildchat_24044,4.798046751713271,0.6617310136971676
wildchat_24088,-5.393264612287344,0.9926925040928823
wildchat_24109,10.0,0.953368667537488
wildchat_24124,10.0,0.923761823870133
wildchat_24127,8.140939065208787,0.6961252369166535
wildchat_24153,6.2382659415433075,0.9542702552829365
wildchat_24181,-1.9883471230267087,0.9982772026917388
wildchat_24258,10.0,1.0
wildchat_24265,10.0,0.7752833321392134
wildchat_24268,-1.8775390444288942,0.9186450825359754
wildchat_24273,-7.133374143771186,0.8467834999316587
wildchat_24279,10.0,1.0
wildchat_24329,-5.1178276421685185,0.6018416991122896
wildchat_24427,6.770561834653205,0.5289381984972773
wildchat_24432,6.373413408734123,0.9363190295268053
wildchat_24465,10.0,0.9187453440985792
wildchat_24487,10.0,0.8947294020099917
wildchat_24508,-6.185025561787708,0.9125984582177578
wildchat_24515,10.0,0.983071541984631
wildchat_24542,2.6024326281918366,0.7793735429742501
wildchat_24554,-2.6849503890642334,0.6363793121769613
wildchat_24583,1.0378746889695947,0.652402086369674
wildchat_24591,5.207872851449107,0.49061063244485753
wildchat_24592,10.0,0.9957709055598855
wildchat_24682,-4.739650447333674,0.6624419463061637
wildchat_24685,0.6342292633197167,0.9690883876076551
wildchat_24691,-3.235019687895512,0.8691721558135436
wildchat_25008,6.709729614844494,0.9033946687696618
wildchat_25109,-10.0,0.9532182488346473
wildchat_25128,-10.0,0.9138167824598805
wildchat_25142,-5.14543772015309,0.9831746538038578
wildchat_25163,10.0,0.953763246524864
wildchat_25184,10.0,0.8849914552434326
wildchat_25203,5.182025096603436,0.5317127094844247
wildchat_25218,5.4286149135245045,0.9925270377147523
wildchat_25242,-10.0,0.9999399343819673
wildchat_25324,-7.258540138776906,0.8452728701297904
wildchat_25344,5.75621138580208,0.971414844852708
wildchat_25396,0.956048594099428,0.7383904286837463
wildchat_25398,2.1560797019541247,0.572428259379436
wildchat_25431,0.03399486369102725,0.5579413822445886
wildchat_25433,10.0,0.9999984963233196
wildchat_25446,5.35224071260434,0.9930976288984875
wildchat_25600,10.0,1.0000089279751534
wildchat_25641,10.0,0.9615456751951349
wildchat_25646,6.156534083083067,0.469560577814295
wildchat_25670,10.0,0.8559685646996658
wildchat_26029,-5.9398854886247765,0.9666101176389502
wildchat_26033,-1.5818160081204966,0.884961469541404
wildchat_26039,0.28963050015573893,0.9600142044178145
wildchat_26065,10.0,1.0000007007016851
wildchat_26148,-3.462759198500842,0.8941750878207406
wildchat_26164,10.0,0.9578391316907775
wildchat_26165,7.875648734419558,0.7346473723447103
wildchat_26167,4.897992855520231,0.5381381138082284
wildchat_26172,6.150454240944015,0.5729417198400312
wildchat_26196,-2.356126982238816,0.938750427793405
wildchat_26212,5.726244979734496,0.6408889058776281
wildchat_26246,10.0,0.8685651874360653
wildchat_26279,3.762824986214989,0.6824412376571738
wildchat_26298,10.0,0.999998190146125
wildchat_26319,8.819378842276613,0.5744820367585737
wildchat_26324,2.4036532445523497,0.7271057558189672
wildchat_26325,5.353259196242354,0.9930841187522845
wildchat_26380,2.841379112268117,0.5387303207122434
wildchat_26383,4.209236840083275,0.5218611248553671
wildchat_26409,10.0,0.9999309906732595
wildchat_26442,0.3373564308958593,0.6904205104965672
wildchat_26445,10.0,0.9910573895223511
wildchat_26448,4.152429161228207,0.8576112318405663
wildchat_26453,-5.703358456818039,0.9573361425922746
wildchat_26465,8.15879123753197,0.6966823827948134
wildchat_26468,9.170144294163176,0.5175809033862078
wildchat_26506,3.3294394173144792,0.817715809438807
wildchat_26539,2.687577235664753,0.447575633206924
wildchat_26565,10.0,0.9539236346734231
wildchat_26567,10.0,0.9888180980376929
wildchat_26602,-5.6912798964287115,0.7058811535482571
wildchat_26608,10.0,1.0000003277060117
wildchat_26611,10.0,1.0
wildchat_26613,2.9307189586693445,0.8619770935231603
wildchat_26683,10.0,1.000000000295822
wildchat_27004,3.967490946873122,0.8594894262720916
wildchat_27093,2.5124069324028366,0.9766857849785822
wildchat_27128,-2.5537826920486895,0.9999951529888407
wildchat_27130,7.213411127054917,0.5429040566715727
wildchat_27157,1.3737782366625466,0.6430848557149804
wildchat_27158,-10.0,0.9994042384164851
wildchat_27195,7.2675954393345314,0.7665938360674127
wildchat_27196,-0.5755511995772554,0.9750892650147002
wildchat_27232,-4.1568959088581225,0.9734358689679853
wildchat_27265,5.65275780479102,0.9930754676236359
wildchat_27297,1.291956970543273,0.9989240169727122
wildchat_27308,6.521712043901555,0.6024536645825236
wildchat_27320,-1.2239339904009103,0.6672863573269371
wildchat_27343,-4.866417558111636,0.9674206052125995
wildchat_27397,10.0,0.9999998538737792
wildchat_27448,0.20968896639811613,0.5876973891962166
wildchat_27480,5.967215543735201,0.9048840935353072
wildchat_27506,1.7507376084455057,0.7380043109220982
wildchat_27516,7.51694070666851,0.5886967902659432
wildchat_27527,6.049564472409166,0.7065633192416149
wildchat_27577,4.890058834330748,0.6471677022952499
wildchat_27590,-5.4567131401822895,0.9603419567796782
wildchat_27600,10.0,0.9930989640500592
wildchat_27607,6.7966163327775115,0.6711084356846276
wildchat_27668,0.45932260170018013,0.597772356575118
wildchat_28021,2.039164464316552,0.7687157481615029
wildchat_28027,10.0,0.9806673707553526
wildchat_28058,3.1888164631052507,0.6842085724024429
wildchat_28068,-7.122732172867156,0.8485851554008426
wildchat_28071,-1.5669124104984007,0.8265869352208042
wildchat_28090,10.0,0.8560549017740149
wildchat_28142,10.0,0.9874687315007621
wildchat_28154,6.1829738684687126,0.9274818665615404
wildchat_28164,0.10538540242905159,0.8995167750680533
wildchat_28178,6.980118133667853,0.5412571001952371
wildchat_28327,-5.422997157897407,0.680619212074314
wildchat_28336,2.437110131200425,0.6267350910295699
wildchat_28362,-2.7844328163694603,0.9329557630157248
wildchat_28371,4.4047690613366575,0.7044483466468692
wildchat_28439,10.0,0.9996824339217139
wildchat_28440,-3.859121532965208,0.7562382225241088
wildchat_28486,-10.0,0.9999932292650633
wildchat_28511,-1.9966800475671367,0.9712280594189031
wildchat_28514,7.661789224100108,0.999999999999328
wildchat_28563,-0.7502607763091841,0.8859420016258222
wildchat_28564,-1.656868855798393,0.9576801111741299
wildchat_28573,10.0,0.9513125499613664
wildchat_28596,-7.972884398943495,1.0005950263110375
wildchat_28652,-10.0,1.0000010544249296
wildchat_28659,-5.3522473847436975,0.9931007210038699
wildchat_28682,10.0,0.7964015678468459
wildchat_29040,3.180611572467172,0.8566331074568078
wildchat_29074,-10.0,1.0000004538218619
wildchat_29101,6.509428413667337,0.9416816787032519
wildchat_29132,-7.318662356411679,0.7128472230725054
wildchat_29151,5.355234997965426,0.9933744920129229
wildchat_29167,5.3547570720708215,0.9930159955740364
wildchat_29223,1.7105846600739327,0.6554984814421783
wildchat_29229,10.0,1.000000002552985
wildchat_29311,-6.693907735876699,0.9040573120129534
wildchat_29322,2.978951100739944,0.9211033154745216
wildchat_29339,5.352162382987693,0.9930989747402342
wildchat_29404,-3.2073135965170314,0.9367334100797471
wildchat_29434,-3.5729721532295846,0.9396142903647285
wildchat_29452,10.0,0.9928515873565981
wildchat_29453,10.0,0.7871285143017961
wildchat_29513,10.0,1.0000007725050855
wildchat_29519,10.0,1.0000007486332159
wildchat_29527,10.0,0.9775950017292907
wildchat_29531,8.299097246458329,0.6712867629470027
wildchat_29552,2.488959297621252,0.5367433685614982
wildchat_29575,-2.2507601989723067,0.8915977986596554
wildchat_29602,-4.156563200368997,0.603909507682885
wildchat_29618,0.732535599501846,0.9933988995620593
wildchat_29670,5.167195014816512,4.240310325862182
wildchat_29671,10.0,0.6408176821817014
wildchat_30072,10.0,0.8952752369667537
wildchat_30088,3.6509510938451593,0.5752785724432438
wildchat_30127,-5.425120855085592,0.9954335983027395
wildchat_30147,-2.180495466501307,0.961974349484679
wildchat_30170,-6.152337719606431,0.9524447111591402
wildchat_30262,8.846208155529318,0.5691513824375151
wildchat_30280,-6.694645251678846,0.8573443486194864
wildchat_30291,10.0,0.8783833511688086
wildchat_30293,3.2659986260639657,7.38905609893065
wildchat_30317,3.34419744100444,0.5389176554203345
wildchat_30345,-1.9557127501031617,0.9829411795162204
wildchat_30365,0.24138501771800697,5.578948407407406
wildchat_30381,3.6022938393134094,0.9073815391690288
wildchat_30389,3.735015435893188,0.905260662932811
wildchat_30429,-10.0,1.0000002171311733
wildchat_30437,-6.868286133903583,0.8852900960894814
wildchat_30442,10.0,0.7637013057955274
wildchat_30451,-2.7132669187166694,0.9999745033715646
wildchat_30460,-6.191625011597156,0.7076345805334124
wildchat_30471,-4.291745914675067,0.4711022069920117
wildchat_30503,-0.7816163020669705,0.9532063833699305
wildchat_30530,5.082215327608587,0.6058211031289968
wildchat_30535,6.122910962430032,0.9878510951022486
wildchat_30537,-5.51218354874133,0.9711875086427235
wildchat_30549,-3.9051233074628025,0.987545391494041
wildchat_30583,10.0,0.8822666795878352
wildchat_30602,-2.552749601698878,0.9999445866230109
wildchat_30686,10.0,0.794754699461989
wildchat_31005,-1.0041580740895584,0.8655262515906769
wildchat_31011,-2.6385663766385496,0.9948472390723998
wildchat_31030,10.0,0.9732197240370126
wildchat_31058,-2.605947021220627,0.6592496285593101
wildchat_31074,-4.393884174316007,0.722241734451153
wildchat_31097,-3.99702353154949,0.586263673645743
wildchat_31112,6.634650823432038,0.5391792326863083
wildchat_31120,10.0,0.7215133321140926
wildchat_31199,-4.041778821104357,0.8496316314709673
wildchat_31205,10.0,0.9999572813108787
wildchat_31208,10.0,1.0
wildchat_31343,-1.566097393573388,0.988310917417124
wildchat_31345,10.0,0.9425211442204722
wildchat_31365,10.0,0.8719501893245313
wildchat_31430,-3.6719318518143855,0.7801885672461346
wildchat_31438,5.148101498837805,0.9935980909499718
wildchat_31441,10.0,1.0
wildchat_31471,1.8386320653939974,0.8794894799088023
wildchat_31481,6.929256180302098,0.9869185682189372
wildchat_31496,-3.098902961883915,0.843505917367455
wildchat_31498,10.0,1.000001113961049
wildchat_31503,6.27125910453588,0.8248445677646181
wildchat_31535,-4.512731174499594,0.9607096032355187
wildchat_31554,-2.609943597055217,0.957439642195443
wildchat_31581,-6.19279811078461,0.9719713511039361
wildchat_31619,-6.931151585476026,0.5404052139228347
wildchat_31634,3.2096787319530065,0.5715700782954299
wildchat_31644,1.750807771486731,0.9911049374205781
wildchat_31647,3.5952630028194736,0.9609217498703521
wildchat_31663,10.0,1.0000001423582836
wildchat_31686,5.141924582305356,0.8064558902537619
wildchat_31704,2.0398409479741813,0.9665294235123153
wildchat_32037,2.7013095582113613,0.9451521020248751
wildchat_32046,4.132114336033392,0.7015460257633629
wildchat_32058,0.7392808299533016,0.9958809957630848
wildchat_32078,-2.3915289793665058,0.8535991416267324
wildchat_32087,-4.868091035936773,0.6844897242951191
wildchat_32111,7.033573536513548,0.8245742659617751
wildchat_32118,-2.6007271411004482,0.496123979641874
wildchat_32129,10.0,0.9133548223532788
wildchat_32152,1.3638989424142414,0.6677077874522714
wildchat_32168,1.5636140046541764,0.5450660038875889
wildchat_32218,2.5538038180111613,0.999995509324376
wildchat_32224,2.825089925163849,0.8847265869056734
wildchat_32229,3.1446754948191136,0.6739599769178682
wildchat_32237,-5.447491044285141,0.9935644290608303
wildchat_32245,10.0,1.000000665929795
wildchat_32340,3.0477260044132413,0.6085950318868135
wildchat_32345,-6.004755189194123,0.7392451812642131
wildchat_32359,5.714194487085073,0.7712577975798884
wildchat_32371,3.651284281132672,0.9716558079518993
wildchat_32375,10.0,1.0000020794776567
wildchat_32421,3.8557915120220816,0.6651504268924384
wildchat_32435,8.195823702695684,0.6755807668143718
wildchat_32455,3.7895615097052597,0.5791065458455863
wildchat_32462,-1.7042665043550833,0.9865992105979856
wildchat_32497,-10.0,1.0
wildchat_32518,-10.0,0.9998796566053161
wildchat_32539,10.0,1.0000010147937377
wildchat_32554,-4.015860789222588,0.6034719305399376
wildchat_32557,-5.491495624485322,0.7907753827208699
wildchat_32561,1.7371540218335666,0.8341111395157244
wildchat_32563,3.4134068589029782,0.5302727034564708
wildchat_32596,5.734022093072313,0.9940137918548391
wildchat_32619,10.0,1.0
wildchat_32655,10.0,0.9999976056817723
wildchat_32656,0.858904241605153,0.9438575993095398
wildchat_32672,2.3696872457168014,0.6860639212564903
wildchat_32711,10.0,0.9391920575306449
wildchat_33013,10.0,0.9828579070599214
wildchat_33101,10.0,0.9742133314485198
wildchat_33112,-1.9575412760608424,0.5660370997800851
wildchat_33131,-6.5327400096305706,0.665286603647626
wildchat_33140,5.01652879060802,0.6732205073637493
wildchat_33151,6.0838168862465825,0.9599640638760444
wildchat_33192,-0.11424059480858051,0.9239944994919372
wildchat_33233,-5.355466956541614,0.9919908070570821
wildchat_33271,6.645710143302128,0.4932141330516095
wildchat_33278,10.0,0.9893927715877375
wildchat_33290,-4.789230085977902,0.5519481034741005
wildchat_33309,10.0,0.8046247433050288
wildchat_33357,-4.4786437180177945,0.813364336127289
wildchat_33377,10.0,0.9943815426403176
wildchat_33399,0.7109311744632717,0.5535842088779501
wildchat_33437,-3.3778568400238607,0.9654907916199319
wildchat_33465,10.0,0.9999895618205683
wildchat_33500,5.110276214364602,0.7578170641243827
wildchat_33509,4.983264561300872,0.5768200270368694
wildchat_33548,0.3016413030702002,0.7463097941749391
wildchat_33566,0.015861385807829125,0.8271176172567244
wildchat_33579,-4.109668100212985,0.5394273235433718
wildchat_33626,10.0,0.9999999977137387
wildchat_34087,10.0,1.0
wildchat_34100,-0.770283065229787,0.8640495259883118
wildchat_34103,-2.5539959223562803,0.9999972769110254
wildchat_34149,-0.5684962999799426,0.9093811960006385
wildchat_34161,-1.6782230970556464,0.618937273182104
wildchat_34195,1.5984624483933456,0.9879295452109593
wildchat_34224,1.1208355212875982,0.7976262660804194
wildchat_34229,5.847548358630692,0.9939538430590621
wildchat_34263,8.11094556563407,0.7055754731218656
wildchat_34286,7.66178922411428,1.0
wildchat_34320,-10.0,0.9999909586795492
wildchat_34350,10.0,0.9895691679937507
wildchat_34358,-10.0,1.0000006289031642
wildchat_34400,5.421531369797432,0.7164704689967146
wildchat_34441,6.4068499460955755,0.6787069781088529
wildchat_34464,-0.4720754303205464,0.8682765534362816
wildchat_34471,5.741213539354522,0.7525899597717994
wildchat_34509,6.578100255188676,0.6123430782819584
wildchat_34519,-0.2526306703927755,0.9956234314074496
wildchat_34534,1.5318279657378222,0.4774890020817739
wildchat_34582,4.003608249827311,0.8209755533190839
wildchat_34583,-5.883920353358023,0.9606748093194998
wildchat_34610,10.0,0.99873576995722
wildchat_34634,-5.617698330925598,0.7123747503897999
wildchat_34657,-4.934065334576792,0.997163598682252
wildchat_35006,3.8328152269349722,0.7074191505307201
wildchat_35024,0.8232169055928208,0.9759217679432939
wildchat_35062,3.1076804227095085,0.5337621523281811
wildchat_35112,7.974745339226528,0.7275124376306322
wildchat_35163,10.0,0.9620172089978398
wildchat_35164,-10.0,0.9722526363540802
wildchat_35181,-2.006909391823797,0.8310052766929179
wildchat_35202,4.859480950061606,0.9498905711535228
wildchat_35208,-0.0908017513147221,0.4784111646958382
wildchat_35219,5.352159032998458,0.9930989640500592
wildchat_35229,2.878279681809853,0.902543137039337
wildchat_35239,10.0,0.9518366062966427
wildchat_35257,-2.694879067659505,0.5379351322896975
wildchat_35268,8.112557623839983,0.6987200642038445
wildchat_35273,-6.8783546197548056,0.8888018699278221
wildchat_35298,3.971037296317922,0.8772137908905923
wildchat_35300,6.04658394223741,0.9303592610573604
wildchat_35314,-3.0187459658018874,0.842937345634068
wildchat_35323,-3.2777889152728945,0.5246247461407818
wildchat_35347,-7.229671784175083,0.8442722430935637
wildchat_35366,-2.510316980226518,0.5943069532281812
wildchat_35388,10.0,0.9847026749858602
wildchat_35394,3.3157065265384538,0.5888843778566021
wildchat_35465,-3.2575669357763357,0.7563995757858208
wildchat_35477,10.0,0.937450917413395
wildchat_35493,0.7218644747348382,0.9422496118182502
wildchat_35494,-3.1957164656786925,0.9188305349584279
wildchat_35534,6.2949113510196595,0.6983339466797136
wildchat_35543,-10.0,0.8590381454744813
wildchat_35557,1.9550006594213905,0.9819414576232972
wildchat_35594,5.613880701341001,0.8665330126657543
wildchat_35596,-10.0,0.6875079539025336
wildchat_35657,-1.9625728281573156,0.6904044163009978
wildchat_35669,6.846949887006241,0.8371670840297794
wildchat_35676,-5.9529151874328505,0.8626801372320468
wildchat_35707,10.0,0.9999938496349978
wildchat_36003,3.95831654709077,4.300063432555632
wildchat_36077,-3.2628252680547183,0.8872950148963952
wildchat_36159,-2.5538095102561336,0.9999958712441861
wildchat_36185,10.0,0.6763142046445935
wildchat_36198,-0.6799214216677922,0.5222797196832044
wildchat_36209,10.0,0.7506937914063571
wildchat_36234,-6.316951827716461,0.6896242689972587
wildchat_36307,3.854004490208815,0.6564598536449225
wildchat_36351,-1.8234158920272916,0.9523331175921701
wildchat_36358,-10.0,0.9923001215923483
wildchat_36374,-3.8767754702096187,0.9776458678842886
wildchat_36386,5.025022089599933,0.7737238876254944
wildchat_36412,-6.485828918580904,0.9397563984540285
wildchat_36427,1.1867458060066503,0.8311382352967166
wildchat_36455,-5.507993159532409,0.9837020380699827
wildchat_36465,10.0,0.9806360697145957
wildchat_36472,-5.907530982253908,0.992801674963245
wildchat_36487,10.0,0.9930986493322972
wildchat_36498,-10.0,0.9999999063030982
wildchat_36514,1.3359185330337415,0.8025748064444526
wildchat_36519,3.176365934242906,0.9714259536163102
wildchat_36549,5.376317008996686,0.9899380071193484
wildchat_36553,-3.5171310753854486,0.8871673960940838
wildchat_36673,5.697325949739549,0.7628483194388826
wildchat_37018,-0.4597713998441756,0.9205646422246607
wildchat_37038,-3.1800033421523612,0.9935355552429181
wildchat_37080,1.8763809752396767,0.8630754448874373
wildchat_37112,7.681667021983342,0.7660376759595842
wildchat_37127,1.1282036876195372,0.6578162447360554
wildchat_37139,-4.615743668798082,0.6328699814984532
wildchat_37154,4.802488662944661,0.8427945331629956
wildchat_37177,1.9268748780037772,0.9667378253381391
wildchat_37204,5.8315319426203205,0.4818563069079941
wildchat_37262,1.7967062874814115,0.4814186665015601
wildchat_37287,10.0,0.998023820737906
wildchat_37304,5.363893295109283,0.9931551821096423
wildchat_37313,-5.980730082531124,0.926461515609473
wildchat_37402,-1.9724388634955328,0.9983283236690312
wildchat_37427,7.4944146278672354,0.7975069372861762
wildchat_37440,1.9337403212742759,0.8041018750440707
wildchat_37469,-2.722308058676595,0.9890750420542793
wildchat_37508,-2.5705341369423147,0.9723235776409045
wildchat_37524,-3.1461092314565353,0.8957202082969906
wildchat_37531,10.0,1.0000007492338003
wildchat_37545,-4.7847760319787165,0.7126843245707402
wildchat_37569,-2.1737617844316683,0.6719514702692407
wildchat_37590,-10.0,0.9330121404849347
wildchat_37651,5.466834542039531,0.9910552212875471
wildchat_37667,-0.8282357791012346,0.997685046400967
wildchat_37677,-10.0,0.8912673074656088
wildchat_37679,3.2044982376669253,0.9353047275286233
wildchat_38041,10.0,0.9985374878568153
wildchat_38056,-6.6763445508200085,0.6643123113410215
wildchat_38108,-6.3420747682106615,0.6938601590440823
wildchat_38142,1.2478783724465574,0.9716403287280438
wildchat_38158,10.0,1.0000000009425187
wildchat_38173,10.0,0.8566313943603976
wildchat_38224,10.0,0.9999871559225403
wildchat_38234,5.354665196707378,0.9930621658620049
wildchat_38263,5.353989569448077,0.9930604199009402
wildchat_38268,5.497183861975491,0.5233600054012111
wildchat_38291,-2.1289739855093783,0.9708254295753138
wildchat_38293,4.8762733595381835,0.490892356423453
wildchat_38360,-2.9627925254983114,0.8978110789373002
wildchat_38369,0.06433260474036832,0.8134191647863268
wildchat_38376,-4.250383413464927,0.9059875683153099
wildchat_38390,-6.105854996148669,0.7119298108730735
wildchat_38404,-6.572663757498542,0.8643594093811442
wildchat_38430,-4.055642244818984,0.6336302071007075
wildchat_38475,-5.593324171577347,0.6228774256658675
wildchat_38496,-0.11495445106070666,0.6467277054385816
wildchat_38525,10.0,0.8798399387379909
wildchat_38570,3.174127395273387,0.970408027835799
wildchat_38580,10.0,0.938651152885183
wildchat_38634,-8.136965750608034,0.6916570607925392
wildchat_38684,8.57471975994604,0.615869807486074
wildchat_38688,-5.545142094529716,0.76850104375816
wildchat_39008,6.27822431249216,0.5771700372091269
wildchat_39018,7.217642528786289,0.8447445175727791
wildchat_39035,10.0,0.9999899210226778
wildchat_39058,-5.5286488392391355,0.9678833297072972
wildchat_39143,7.075927114926866,0.8610740203960295
wildchat_39153,2.5140045747358593,0.9421093305062227
wildchat_39232,1.2589544092057057,0.8851028104349672
wildchat_39235,5.818302135579307,0.7586733937281043
wildchat_39242,4.3566613038802755,0.8450491677918917
wildchat_39281,10.0,0.9648273742431497
wildchat_39287,5.287696263491048,0.5526045904533204
wildchat_39300,10.0,0.8947640552331135
wildchat_39335,5.3762721512460985,0.991739586690396
wildchat_39347,10.0,1.0
wildchat_39357,10.0,0.8084755483623002
wildchat_39372,-10.0,0.9989889848331686
wildchat_39460,5.605866514529801,0.9717409113629649
wildchat_39521,-1.807894334349428,0.8059882912623004
wildchat_39530,10.0,0.9856376775451222
wildchat_39547,-1.6328198780157872,0.9721083829019337
wildchat_39551,-3.419518538236051,0.9642607992408389
wildchat_39555,-10.0,0.8875173459448009
wildchat_39557,8.988657355971442,0.5437817966832428
wildchat_39645,-0.74452946806918,0.8552693595738239
wildchat_39695,10.0,0.7839492559117621
wildchat_40034,7.399345847543716,0.5759862647816157
wildchat_40074,10.0,1.0000002149745741
wildchat_40097,0.5042303009750596,0.9288537238614146
wildchat_40136,4.357326151207496,0.7226867352134868
wildchat_40155,10.0,1.0000033842741374
wildchat_40317,2.5538761732549315,0.9999972068132971
wildchat_40319,10.0,0.9999823422121223
wildchat_40322,5.6088867100079005,0.7331511970860926
wildchat_40342,5.514112696515588,0.9932306491065664
wildchat_40377,-7.66178922411428,1.0
wildchat_40413,10.0,0.637653092155646
wildchat_40503,-6.8358358491254005,0.8839146091614501
wildchat_40526,0.2595291373671171,0.9821389934352678
wildchat_40530,-5.395448771070818,0.9927993316097274
wildchat_40583,7.737432631746993,0.7685173922731896
wildchat_40591,7.687644944888817,0.7798601765297526
wildchat_40619,-7.126786031471455,0.6079770301505582
wildchat_40642,6.4664069646495905,0.9258746658051958
wildchat_41030,6.709575785548436,0.9344369701860105
wildchat_41032,5.0155225512696076,0.7993930573038003
wildchat_41076,-1.4655763798839705,1.9785038272715305
wildchat_41081,-7.076144148651383,0.8232302207922368
wildchat_41087,3.140111952834249,0.5817642183036634
wildchat_41107,-10.0,0.9928472644112603
wildchat_41179,0.6310404567543577,0.5558055527496011
wildchat_41196,-6.166396355425871,0.7593320203486544
wildchat_41199,0.4164800633270541,0.6799084027213395
wildchat_41200,6.540038924821145,0.9158259989643472
wildchat_41235,5.969274465326179,7.38905609893065
wildchat_41274,10.0,0.7702644043341019
wildchat_41294,10.0,0.8903747369910907
wildchat_41303,5.354524803085709,0.9930730566426421
wildchat_41314,10.0,0.7802401253142975
wildchat_41320,2.1571958432445806,0.6166906117148604
wildchat_41325,7.470908478152959,0.5790137392978728
wildchat_41349,10.0,0.999996657585029
wildchat_41358,0.792271493295459,0.9214704395942207
wildchat_41364,-2.7520919771381984,0.6870901947057827
wildchat_41447,3.874307642920752,0.5222256685671639
wildchat_41460,-4.556131986463197,0.5212511510643117
wildchat_41489,-5.906276979498012,0.970546381237143
wildchat_41491,10.0,1.0002282284541255
wildchat_41608,5.793963336150541,0.9931469166369606
wildchat_41618,10.0,1.0
wildchat_42020,5.674260089065247,0.6249943971699177
wildchat_42035,4.097655784234826,0.5657924266571007
wildchat_42036,-3.437930026919365,0.9087573576360026
wildchat_42066,5.554258044446392,0.6724752798128573
wildchat_42115,-1.57193873136919,0.991365298562139
wildchat_42126,8.44497667410935,0.5440609522108605
wildchat_42164,2.488812247369668,0.9778099850401656
wildchat_42166,5.3344667155307715,0.9816922087902302
wildchat_42203,-3.58810617526024,0.9900541472974959
wildchat_42228,-0.14180874114985795,0.8631475511151281
wildchat_42267,-10.0,1.0000000034956555
wildchat_42273,10.0,0.9003110585209007
wildchat_42286,-6.570634928212886,0.9303325051130347
wildchat_42319,-0.011264772935804857,0.9938314876677441
wildchat_42323,-1.842317544284125,0.5984773265700971
wildchat_42352,-5.416339740806693,0.9898377548032096
wildchat_42373,10.0,0.9849703585440649
wildchat_42425,3.2540441811126954,0.6500375179574248
wildchat_42432,9.546580022630819,0.9949470655527288
wildchat_42496,-3.5201841331350883,0.9535482872779772
wildchat_42515,5.969569100084409,0.6066474582274571
wildchat_42560,-10.0,1.0
wildchat_42633,-8.004502961357877,0.9993458195215255
wildchat_42640,-3.5209919659673807,0.7579336929077808
wildchat_43013,8.221596624359659,0.6858693343473794
wildchat_43065,10.0,0.9987974060643575
wildchat_43088,0.046249192930068996,0.7822537409350966
wildchat_43093,-5.94501530806952,0.9376939409231277
wildchat_43094,4.948773158024985,0.8425823652778175
wildchat_43102,2.770788431116897,0.9859604496037082
wildchat_43120,-3.8437984319987835,0.9807886220190312
wildchat_43158,10.0,0.6684382613729467
wildchat_43162,10.0,1.0000004048293414
wildchat_43166,5.401141673756653,0.9853469117908387
wildchat_43186,-7.66178922411428,1.0
wildchat_43210,-6.351024620355086,0.9258537355291786
wildchat_43218,-10.0,0.9065888846013802
wildchat_43233,10.0,0.9999999258940414
wildchat_43246,8.127879967875748,0.7001867128605123
wildchat_43273,1.2415093667046908,0.7351406890852122
wildchat_43276,0.10650493456916778,0.9984978565245608
wildchat_43324,10.0,1.0
wildchat_43338,-1.391355813248808,0.7688219081608247
wildchat_43351,-0.2769445867127259,0.6171250243869748
wildchat_43357,-0.7965982880984201,0.9808578463273268
wildchat_43366,3.8794599976454975,0.8267762955523028
wildchat_43374,-5.75861661108316,0.6642337574272338
wildchat_43398,10.0,0.9597326808526155
wildchat_43400,10.0,1.0000030438623375
wildchat_43408,10.0,0.9781421586327591
wildchat_43425,-6.605110135980171,0.8612270455439396
wildchat_43432,-1.526258262224945,0.9999643036040023
wildchat_43447,7.941615871021519,0.7053029008939972
wildchat_43565,-2.7794493436216956,0.658232689880173
wildchat_43592,4.76961700423848,0.8101582014262171
wildchat_44008,-1.156068182765747,0.9575308844822662
wildchat_44052,10.0,1.0
wildchat_44108,-10.0,1.0000001398981617
wildchat_44130,5.90344385734969,0.9708768154894144
wildchat_44132,10.0,0.9417080829439166
wildchat_44136,-10.0,1.0
wildchat_44187,-5.352159458139824,0.9930991171359048
wildchat_44196,10.0,0.9999175519095598
wildchat_44260,10.0,1.0000006947803375
wildchat_44275,10.0,0.9986403127696489
wildchat_44286,3.9852086760758527,0.5990996216917227
wildchat_44290,10.0,0.9999999973775895
wildchat_44298,10.0,0.6642174591172092
wildchat_44334,4.1672154357074636,0.7791286841690291
wildchat_44358,10.0,0.9793470333847294
wildchat_44359,-1.3500696011016564,0.9584113301608781
wildchat_44374,3.3135549688471877,0.6130786902987455
wildchat_44397,-5.0404815654122475,0.8299849636046227
wildchat_44409,5.923806063515716,0.9704131489146686
wildchat_44415,1.0336298956231247,0.7434205575259037
wildchat_44417,10.0,1.0
wildchat_44450,-4.253901747199344,0.5673745489758701
wildchat_44486,-0.5481911837300242,0.9538533393372165
wildchat_44497,-7.831578900169152,0.7663064960053974
wildchat_44523,7.620458342266486,0.694875711616863
wildchat_44548,-10.0,0.9841187352821535
wildchat_44566,1.6840155848405445,0.9912143688223327
wildchat_44587,-4.243317194002345,0.6895834196174028
wildchat_44598,10.0,0.9840270343573102
wildchat_44624,2.2042482070491234,0.6513218672181004
wildchat_44644,10.0,0.8540244398940531
wildchat_44658,10.0,0.9999948619725404
wildchat_44680,6.740929402286946,0.4970514056911962
wildchat_45003,3.9928257277434267,0.5684816048928514
wildchat_45037,8.156857423991255,0.6955127926878993
wildchat_45060,10.0,0.7625609490495151
wildchat_45062,10.0,1.0000006985871484
wildchat_45081,6.697916423692982,0.7625905444632067
wildchat_45105,5.245090088928648,0.8079747670553176
wildchat_45161,10.0,0.7585470742117588
wildchat_45201,-5.492780450984858,0.9687607979697477
wildchat_45243,-2.4314420646720873,0.6009872379217204
wildchat_45246,10.0,0.9999818471999299
wildchat_45307,-6.468705043905404,0.8574537133352692
wildchat_45327,-3.4611434814795454,0.5539930483515872
wildchat_45329,-5.479106082777473,0.9802805777346185
wildchat_45412,7.576877184573399,0.8010647545148664
wildchat_45434,10.0,0.9428842477105456
wildchat_45441,-7.964792836038309,0.7271663550759458
wildchat_45487,5.476921703174769,0.9656988491551096
wildchat_45518,4.297595533236334,0.5883336373981366
wildchat_45524,-3.521859676729586,0.9449983761392392
wildchat_45544,-6.987827672665786,0.8206176510288657
wildchat_45564,-6.0900241739950784,0.6302462736455352
wildchat_45565,8.711624464475339,0.5968527038438091
wildchat_45585,8.428644499107337,0.6113214332788055
wildchat_45610,6.083376939266751,0.9192305172440145
wildchat_45624,-10.0,0.9857886887547045
wildchat_45645,0.9770350894116637,0.511861230677339
wildchat_45677,3.3058115893074884,0.7456673810531872
wildchat_45690,-2.8040082242859024,0.814922460264611
wildchat_45691,10.0,0.7844393763497673
wildchat_46024,6.62564357487748,0.9162458323738154
wildchat_46120,-4.193748324020808,0.8332625932539977
wildchat_46145,0.5518805860751178,0.9581207850371736
wildchat_46164,-4.856892573213657,0.9918305661059084
wildchat_46200,5.2833952217708315,0.5677574462336609
wildchat_46244,10.0,0.8772976357030107
wildchat_46267,0.8897087781804117,0.8813614246649268
wildchat_46376,8.353879827873598,0.5086794280475322
wildchat_46446,-4.967550993783499,0.827288257008344
wildchat_46482,6.26059502697833,0.5322236980303906
wildchat_46522,-5.7683211681178586,0.6289544068266417
wildchat_46529,-2.1020352803095634,0.9836206548668215
wildchat_46635,10.0,0.832706391570273
wildchat_46638,10.0,0.910128461886455
wildchat_46642,-7.362477055409775,0.8508103169632596
wildchat_46657,4.863355469633837,0.6656812977595633
wildchat_46695,5.406300785406647,0.992801775536089
wildchat_46702,3.841743096496714,0.9202506237721668
wildchat_46705,-2.5461837991288565,0.9999059020366698
wildchat_47051,7.66178922411428,1.0
wildchat_47070,-1.3801599929602633,0.892683195069141
wildchat_47073,3.0811047977300756,0.9618534636250679
wildchat_47143,6.0649392511109825,0.47784913538560214
wildchat_47164,-4.087685990322516,0.9507772981816373
wildchat_47214,-10.0,0.9955794936685991
wildchat_47254,-2.5538624751098817,0.9999984195950538
wildchat_47261,10.0,0.7384509457922583
wildchat_47271,-10.0,0.7938305005874319
wildchat_47287,10.0,0.8647829789293368
wildchat_47295,0.7257330461848088,0.5680564776888397
wildchat_47298,-1.7230412080584847,0.9602377285322917
wildchat_47403,5.918815124488987,0.7313821687564077
wildchat_47411,5.90598344861344,0.970662664922051
wildchat_47416,3.5628253593142905,0.7676974258250275
wildchat_47452,10.0,0.9860346030238396
wildchat_47505,6.225563391178164,5.679937737771237
wildchat_47528,-3.7969109295567485,0.9422661998000453
wildchat_47561,10.0,1.0
wildchat_47593,-5.280873278600095,0.6716234722463972
wildchat_47673,0.8251154115402829,0.4614878831465098
wildchat_47681,0.6870568998469053,0.9506931556590488
wildchat_47698,4.4585872912715026,0.9968780878391313
wildchat_48009,4.913689105583623,0.6084356810639551
wildchat_48028,-8.235475511385086,0.6745365507577505
wildchat_48041,-10.0,0.999990154522576
wildchat_48078,-0.6313624940020829,0.8282326256346336
wildchat_48097,7.675400366243449,0.9996907543808284
wildchat_48135,-10.0,0.9999526873678484
wildchat_48161,-4.178262983395612,0.9554141797163943
wildchat_48178,6.47576907719657,0.9322991797617372
wildchat_48188,10.0,0.9768985992951363
wildchat_48193,-4.0311212398185985,0.9893563223991656
wildchat_48276,10.0,0.7268737742539519
wildchat_48292,-2.1798991847568367,0.8523984807834852
wildchat_48316,4.755711747670258,0.7927193353879404
wildchat_48346,10.0,0.9039868820634233
wildchat_48415,10.0,0.9418374998986634
wildchat_48416,3.7514875147356124,0.5092053051713019
wildchat_48436,-6.593199058712497,0.8880293558012144
wildchat_48440,3.800160062665519,0.825780511879011
wildchat_48505,1.7750083010541553,0.9301412910793483
wildchat_48506,-2.1128179290922504,0.8731353268477525
wildchat_48520,6.186792331975743,0.4496467103968195
wildchat_48524,10.0,0.7905338189247502
wildchat_48540,7.658860667032888,0.6955018450511149
wildchat_48559,-4.899289541468309,0.7373050257968173
wildchat_48563,-7.313087204721048,0.8334047507578967
wildchat_48614,0.03974740133506313,0.9334315897902091
wildchat_48633,1.13695251085744,0.9908353996346275
wildchat_48635,1.3239982915885316,0.8605528475485477
wildchat_48656,10.0,0.9028618615064238
wildchat_48660,-4.317369534933967,0.7556899273703349
wildchat_48675,4.006976564708419,0.8034664098499799
wildchat_48689,10.0,1.0
wildchat_48696,-3.4993954306541513,0.8856373177708438
wildchat_49004,-4.98467321487317,0.9911532949037065
wildchat_49014,5.794725503202564,0.9936893001660144
wildchat_49060,-7.776922788725408,0.9937150842944812
wildchat_49101,2.1611902517848454,0.9603167567395381
wildchat_49152,3.9134114187543574,0.6329625729606633
wildchat_49155,-2.553798973886334,0.9999935437277563
wildchat_49202,4.351844951464331,0.5122349488010638
wildchat_49224,7.520167480781012,0.8008951977539505
wildchat_49228,-7.03101123226386,0.8078168524937447
wildchat_49240,-0.9507688474521655,0.7698057733018491
wildchat_49279,2.523215295027418,0.4760984165602967
wildchat_49299,10.0,1.0
wildchat_49339,-10.0,0.9977050814455867
wildchat_49367,0.36046744144783954,0.9552144104901514
wildchat_49381,-3.6350837953352726,0.49254366909443786
wildchat_49384,6.661475348497964,0.6045429221951963
wildchat_49386,4.80129489597342,0.5369167363200482
wildchat_49387,10.0,0.993090594809859
wildchat_49567,5.254024552066792,0.9944012826497081
wildchat_49582,1.505363932010077,0.9990458252847355
wildchat_49634,-10.0,1.0
wildchat_49655,6.111690778219107,0.9589781618464535
wildchat_49694,10.0,0.9556164345852941
wildchat_49701,10.0,0.9999605685812315
wildchat_50000,-3.514083616978034,0.9314133465625517
wildchat_50034,-2.555628238177809,0.9999059194347207
wildchat_50043,1.3149547056267583,0.547326177487481
wildchat_50126,6.0016918541368325,0.7940226380283473
wildchat_50153,4.814098703205545,0.9137014031515154
wildchat_50164,2.6403279168630993,0.9999752982322464
wildchat_50222,2.5547824960313847,0.9889034781038647
wildchat_50269,-5.408470229375694,0.9925648726947502
wildchat_50277,-3.8239393940413327,0.9654307507378317
wildchat_50291,6.326185066813359,0.49390872834505645
wildchat_50317,7.354477758360783,0.7468110045061037
wildchat_50318,10.0,0.9868636308602453
wildchat_50332,-5.770134679670908,0.9769346367014353
wildchat_50352,0.9091258315548717,0.9829142010933247
wildchat_50374,1.379028921844028,4.230615634376618
wildchat_50413,10.0,0.7112797660520189
wildchat_50449,-7.166174702400497,0.8497929402835246
wildchat_50464,-6.743557725726482,0.8770602678441846
wildchat_50469,-10.0,0.9804142665973323
wildchat_50493,0.008100228150551106,0.9980850968744417
wildchat_50495,-3.515354709949756,0.675609471892292
wildchat_50510,-3.2176730195604994,0.9809626747878342
wildchat_50515,-2.636463861991497,0.8984026557624502
wildchat_50557,-3.5036671179694188,0.8946089677225713
wildchat_50560,-3.280814605679137,0.9387526678811801
wildchat_50568,10.0,0.9933961766950983
wildchat_50579,10.0,0.9857248076455897
wildchat_50602,-7.654502761990153,0.7794957270340872
wildchat_50650,4.1786456139179196,0.4878287070170525
wildchat_50655,4.263501837854574,0.8981031310708866
wildchat_50709,0.0048495296955837425,0.6976119503227785
wildchat_51009,-5.371987094261348,0.9927959370946984
wildchat_51021,7.325600182281321,0.7894202146108836
wildchat_51036,-6.4748069445198855,0.9273963642423664
wildchat_51038,2.5963356901959926,0.9493324861976384
wildchat_51039,-5.219366232941145,0.7940705205887911
wildchat_51054,-7.082357016779967,0.8847637088485973
wildchat_51113,5.273392571828036,0.6509028842612421
wildchat_51114,-10.0,1.000000000309762
wildchat_51150,-2.4022035120483607,0.9994573143841012
wildchat_51196,-4.234420675300631,0.8597580883598418
wildchat_51199,-2.7408367341041835,0.6524490813490674
wildchat_51200,4.566799122436948,0.875604386441165
wildchat_51206,-6.833806980858128,0.863175483860991
wildchat_51256,3.539151049530976,0.9939101877681816
wildchat_51266,4.517122372006927,0.7036765152412322
wildchat_51267,2.607855588582393,0.715437843801509
wildchat_51309,5.8870763244992785,0.740582434238165
wildchat_51335,-3.12670914014727,0.9720309875251159
wildchat_51336,-1.0596621441735408,0.9712764782590756
wildchat_51343,10.0,0.9862662099620131
wildchat_51355,10.0,0.8118990819671397
wildchat_51381,-2.228964001634448,0.7955469072299445
wildchat_51430,4.450670053017925,0.5834248984180048
wildchat_51471,-10.0,0.9912059689465398
wildchat_51498,-5.410230457883323,0.9689857418135546
wildchat_51505,6.216556751874595,0.9597847325790977
wildchat_51514,0.9610217088305848,0.8564679743482564
wildchat_51516,10.0,0.7168525779120702
wildchat_51532,-0.190448094419788,0.9181848314779374
wildchat_51534,-0.6300029749407714,0.6530327428120909
wildchat_51550,10.0,0.9996232908324699
wildchat_51556,-2.8600608656303415,0.9074106190616942
wildchat_51570,10.0,0.9999961809524943
wildchat_51602,-7.774878537448111,0.6759223261673962
wildchat_51607,-2.5960642742790196,0.9977530974042033
wildchat_51611,-3.4473721728690476,0.7740581888612793
wildchat_51664,5.652148638224405,0.9918781346858725
wildchat_51674,6.198836012864647,0.8962584113718058
wildchat_51694,10.0,1.0
wildchat_52028,-0.7314399987198582,0.9165491775510948
wildchat_52037,-5.842514168417483,0.9587013440893597
wildchat_52044,10.0,0.8002102138622628
wildchat_52048,3.935941574882967,0.732203940923158
wildchat_52059,5.3521607296181255,0.9930986719569913
wildchat_52062,10.0,1.0
wildchat_52066,6.319654676668169,0.9420065037449197
wildchat_52068,4.138431649709487,0.844014708393971
wildchat_52086,2.465615494362432,0.6054516355684906
wildchat_52098,-5.422835814801108,0.9942113541618056
wildchat_52103,7.720065588965008,0.7839853597729682
wildchat_52129,2.0710936627206253,0.9414945961533694
wildchat_52137,10.0,0.9917512477708823
wildchat_52202,7.66178922411428,1.0
wildchat_52203,2.0791940333934686,0.8610925562511763
wildchat_52236,3.3134196415258654,0.9569669901427529
wildchat_52245,6.231544037627504,0.6367199517870825
wildchat_52268,1.9106962182342961,0.8978201218229208
wildchat_52273,-0.1844868553448525,0.8931334011626528
wildchat_52290,6.849613418633573,0.8658995507091541
wildchat_52311,8.736173546510333,0.5928134151472136
wildchat_52379,10.0,0.99134887126041
wildchat_52392,8.40719653278683,0.650468297477931
wildchat_52486,6.747080826900833,0.8888136174844689
wildchat_52525,-0.31238589662263655,0.8948826605896438
wildchat_52549,1.3526696960110176,0.5594650044714436
wildchat_52564,-6.875469980781314,0.8857128507070298
wildchat_52611,-10.0,0.9999975473205358
wildchat_53005,-10.0,0.9994408428498935
wildchat_53036,7.0235918321051765,0.8656655388064535
wildchat_53145,-5.353470155821165,0.9931615813323985
wildchat_53166,10.0,0.8691483126201113
wildchat_53237,10.0,0.9298603427771842
wildchat_53384,10.0,0.8282653747715947
wildchat_53436,5.418976949981411,0.9934176050380603
wildchat_53441,-6.75028631175854,0.8091188154966484
wildchat_53485,10.0,1.0
wildchat_53508,5.380906212354777,0.5805012910117425
wildchat_53620,-3.115901218334026,0.5842017858483367
wildchat_53648,3.068669068287188,0.9863783526019055
wildchat_53649,-7.154328127979883,0.8507277124264596
wildchat_53660,-2.5537773817863503,0.9999942228075177
wildchat_53673,-2.286707358306702,0.7696592646119517
wildchat_53680,4.154725975227207,0.7613968270258233
wildchat_54102,4.39508848428069,0.6834839655067939
wildchat_54137,-0.16552927091069872,0.8622769538594565
wildchat_54200,1.5718363833555782,0.5338170167071384
wildchat_54217,5.264359606471112,0.8608553446242575
wildchat_54224,10.0,0.9930986776976869
wildchat_54264,-4.777190720442982,0.8306899200950616
wildchat_54318,5.3583128903677375,0.6806478266929502
wildchat_54352,2.7124590986143824,0.655624246507717
wildchat_54399,10.0,0.6923079357292797
wildchat_54401,0.4450995543215293,0.994569875914066
wildchat_54403,-10.0,0.9864165191568929
wildchat_54406,10.0,0.9996157716197007
wildchat_54430,0.24467966940426766,0.9893126556698147
wildchat_54462,10.0,0.7793449841940363
wildchat_54471,10.0,0.9925498798355579
wildchat_54491,5.531909079843241,0.9850962946909753
wildchat_54540,3.1209066942560084,0.9838952786531244
wildchat_54544,-0.25826875697065954,0.8568916086269996
wildchat_54558,-6.59608153023804,0.9089277591930558
wildchat_54577,-8.454725297068595,0.6438608326286833
wildchat_54589,6.194528932264354,0.9427820228706788
wildchat_54666,10.0,1.0
wildchat_55014,6.0416774623807115,0.9721806474645609
wildchat_55016,10.0,0.6907735819966904
wildchat_55063,7.66178922411428,1.0
wildchat_55071,-6.611600742364448,0.9003325461679064
wildchat_55082,10.0,0.999996611054128
wildchat_55109,0.12584326237509466,0.7247535970029645
wildchat_55116,4.0031224129303125,0.8784732221472391
wildchat_55140,-6.6391477955953215,0.9035569451514522
wildchat_55150,-6.817465935039155,0.8924856522339912
wildchat_55160,4.016487257342266,2.6977732032526034
wildchat_55168,10.0,0.985894194554496
wildchat_55212,4.1043805472035775,0.8693418265056774
wildchat_55260,10.0,0.8781402750789536
wildchat_55273,-10.0,0.8584032659450002
wildchat_55282,-6.675873160573627,0.8730653977485894
wildchat_55287,-7.440644538065617,0.8117813480649662
wildchat_55290,5.439206484938732,0.5068419912582183
wildchat_55326,10.0,0.9999847508966453
wildchat_55376,10.0,1.0
wildchat_55383,10.0,0.7856310184406546
wildchat_55386,5.8242349406839935,0.9940919595833083
wildchat_55407,-8.052220425226851,0.7156051932120787
wildchat_55425,2.0726625995363865,0.9547560726584073
wildchat_55434,10.0,0.8709344217719792
wildchat_55443,1.5672885062495507,0.9887540050351491
wildchat_55447,8.787692898596479,0.573782253974653
wildchat_55455,5.650458751793053,0.5420556245844252
wildchat_55487,-10.0,0.9930944201590276
wildchat_55490,5.600762025718116,0.9782061635387671
wildchat_55514,10.0,0.8161840028599977
wildchat_55523,-3.2434365948061727,0.8495384107918498
wildchat_55553,-1.8879477024945923,0.9409900532526455
wildchat_55562,0.9427695731036482,0.9815472378453791
wildchat_55574,5.9596418904083395,0.8925321701537532
wildchat_55595,-2.613946024769383,0.9935666371685499
wildchat_55596,-1.7558228080349836,0.9530376283790689
wildchat_55604,10.0,0.8396956463399337
wildchat_55659,-5.02549206193835,0.8099270111332934
wildchat_55660,10.0,0.7570057019176245
wildchat_55685,5.46977027280493,0.992335862127318
wildchat_56006,1.8059693556624599,1.000449923594107
wildchat_56010,-0.45116440203114366,0.7893927419648636
wildchat_56040,8.026825971989199,0.5096002751489682
wildchat_56047,-2.605597910198041,0.9999959868905526
wildchat_56141,10.0,0.9232183183822639
wildchat_56157,-10.0,0.9993795917878453
wildchat_56165,-3.2494310609182246,0.8868348613812015
wildchat_56173,-1.2481630873137,0.626081656674221
wildchat_56174,5.407770792170126,0.9177575733437384
wildchat_56195,2.6332100960087677,0.9979680216798765
wildchat_56203,-6.137668220732848,0.9483547040189506
wildchat_56215,-8.139351663709105,0.7027979019870658
wildchat_56219,1.1288580746165768,0.9516879839913482
wildchat_56222,10.0,0.8623040626480869
wildchat_56247,10.0,0.8090516587508433
wildchat_56249,-6.381242036098089,0.56980807738803
wildchat_56267,1.735179690215482,0.619605954943152
wildchat_56272,10.0,0.6900021785639628
wildchat_56284,-5.945095799638317,0.9645872897672445
wildchat_56327,2.664711175277675,0.511769246373319
wildchat_56421,0.04938833574423317,0.8374388510138754
wildchat_56422,-6.685864611709601,0.9078702217785444
wildchat_56563,-7.170195672413412,0.8525155991187402
wildchat_56593,1.8183361671761837,0.828684695296132
wildchat_56670,3.809761406056725,0.8803649934679179
wildchat_56680,10.0,0.7507457995527613
wildchat_56708,6.311584649424168,0.959213094236191
wildchat_57012,-3.7252308479981693,0.4690650219364859
wildchat_57030,-10.0,1.00000093468499
wildchat_57043,-4.285321265427138,0.8815690797736618
wildchat_57077,-0.6970459598262501,0.9746403448134752
wildchat_57109,-0.028267979745432836,0.7951756767277175
wildchat_57180,10.0,0.9967163784342387
wildchat_57198,-5.565712014384254,0.992605966591612
wildchat_57233,-3.3600769686486847,0.5183122500191565
wildchat_57262,-5.63936158256403,0.7453656779495419
wildchat_57280,10.0,1.0
wildchat_57313,2.314901182698997,0.5914189181480198
wildchat_57362,2.6685388726762125,0.9541069966356498
wildchat_57372,10.0,0.9770110304512604
wildchat_57381,2.1741599086690004,0.5611318804480335
wildchat_57391,10.0,0.9666773576239266
wildchat_57422,-3.305198423183184,0.9049771617956136
wildchat_57427,-4.265236972808048,0.9645374105269872
wildchat_57429,-5.817830693445851,0.7433244772030646
wildchat_57455,-2.553775481297296,0.9999952493462018
wildchat_57463,10.0,1.0
wildchat_57508,0.4950616883358714,0.850087217904406
wildchat_57511,-1.0198113968306832,0.6402552433140097
wildchat_57657,-2.688213343151347,0.9932723128043004
wildchat_57672,-3.771562353137523,0.8885467421760527
wildchat_57703,10.0,0.993101250699872
wildchat_58037,1.9679210256447202,0.692084942395964
wildchat_58097,5.619453539467937,0.98020323162035
wildchat_58123,-0.24798227209010532,0.5395922496687293
wildchat_58176,1.117142940519201,0.49927201566179136
wildchat_58192,-5.382467017198235,0.9937472810329647
wildchat_58196,-10.0,0.9840016114635222
wildchat_58200,10.0,0.9926849129251962
wildchat_58208,0.022540545633787414,0.9964152319508723
wildchat_58239,5.555697806902868,0.4998828541469947
wildchat_58248,-10.0,0.9812367972374301
wildchat_58287,4.311229806586133,0.7475767591802445
wildchat_58324,-4.30232372555831,0.6315376599521406
wildchat_58360,3.3810522109715224,0.8731207002694965
wildchat_58393,2.089451085057086,0.9786547081767586
wildchat_58421,-3.595599071754556,0.7533745354480517
wildchat_58429,-3.9457294343542695,0.859515846324274
wildchat_58431,5.430718775875954,0.9924245346532311
wildchat_58488,4.371472078389211,0.8720511713980232
wildchat_58523,-1.028079975362713,0.8663779131036711
wildchat_58543,3.770866928433032,0.7394772727838508
wildchat_58580,-10.0,0.9999970507883076
wildchat_58592,10.0,0.7774347572399044
wildchat_58593,-5.561247187222957,0.8409021294890888
wildchat_58623,10.0,0.922106349196079
wildchat_58663,-1.717784776464777,0.843307269290231
wildchat_58666,-10.0,0.9992670020335908
wildchat_59006,10.0,0.9822025368429784
wildchat_59020,-7.805718104743278,0.7438707294351194
wildchat_59031,3.563704333144717,0.9993068937372742
wildchat_59038,10.0,0.9730658274147961
wildchat_59063,10.0,1.0000006160405408
wildchat_59068,5.005947043634816,0.6860970290022466
wildchat_59073,-4.940988529615341,0.992231300643305
wildchat_59090,8.049002426093699,0.8743613413108022
wildchat_59098,4.0728882601730465,0.9996810780072272
wildchat_59144,-4.593671838026217,0.9064382932494893
wildchat_59152,-2.1945309832619406,0.932010181292612
wildchat_59170,10.0,0.7776615379533139
wildchat_59171,10.0,1.0002083989872717
wildchat_59178,-2.553927398455299,0.9999950572284385
wildchat_59196,-1.8512756881770223,0.832399859672273
wildchat_59205,-1.6825491774612809,0.8544844159394628
wildchat_59233,-1.600946103646343,0.9883627912348667
wildchat_59258,-6.681453173150377,0.8324343433132133
wildchat_59272,-7.622917019892929,0.7043033707150966
wildchat_59277,5.356216435612471,0.9930435405683162
wildchat_59289,10.0,0.8300044761443895
wildchat_59323,0.2245813051602223,0.9889768291627075
wildchat_59352,2.9483064902091467,0.5235317367704956
wildchat_59360,-4.934676064901388,0.9971695101583754
wildchat_59382,2.7790033566824217,0.9500621797919266
wildchat_59390,-1.0715326502401374,0.6420605341089315
wildchat_59417,10.0,1.0
wildchat_59472,-2.943577024246782,0.8811318970433304
wildchat_59484,-0.04373453561305025,0.7086603622706793
wildchat_59549,-10.0,1.0000006222968996
wildchat_59614,10.0,0.9006799667611098
wildchat_59646,7.66178922411428,1.0
wildchat_59666,4.3019428678725085,0.617811556068164
wildchat_59688,10.0,1.0000033739997476
wildchat_60062,-3.6819622372543055,0.9111307687223563
wildchat_60088,-2.7015588265685633,0.967653067103137
wildchat_60118,7.972990239313464,0.7212595086750557
wildchat_60130,10.0,0.8931416334211666
wildchat_60142,-5.888185627711112,0.740264530819534
wildchat_60170,-7.664217220653954,1.0000005166280217
wildchat_60180,0.06337261561941555,0.5799370920697672
wildchat_60224,10.0,0.9922574527189946
wildchat_60246,5.696674304677603,0.9861439604592784
wildchat_60262,-5.769383727043015,0.932989388938975
wildchat_60280,-4.964087967229937,0.7802339025621569
wildchat_60290,10.0,0.8188211293915207
wildchat_60307,10.0,0.9636932091215554
wildchat_60332,-10.0,0.8937795897075089
wildchat_60349,10.0,0.9999993629965992
wildchat_60394,10.0,0.9855700976262736
wildchat_60400,5.5018489406254005,0.9930732033112661
wildchat_60407,-4.517584169985288,0.6925499203158909
wildchat_60431,10.0,0.9852060662636484
wildchat_60567,0.9178403421422682,0.7618744181271156
wildchat_60609,6.707617469860519,0.8990547465598027
wildchat_60621,5.207662415311706,0.9979817763793479
wildchat_60635,-10.0,1.0000417801999495
wildchat_60649,-3.280330132423051,0.6643602435795892
wildchat_60651,-1.257680959547039,0.5998083746192724
wildchat_60657,-0.10532658324181923,0.8507715791816611
wildchat_60694,7.397037269896832,0.6325066367796491
wildchat_61013,3.6862639164616944,0.8757197073307038
wildchat_61045,6.35135523922556,0.5727889968533043
wildchat_61053,1.3270088043506958,0.46162291107155795
wildchat_61079,-2.00130368302437,7.38905609893065
wildchat_61083,2.9522367810308894,0.8237271408697487
wildchat_61088,-2.031246745668273,0.8976192607864074
wildchat_61091,6.340776415286063,0.7034388185529421
wildchat_61118,4.678608769084208,0.8131320520280486
wildchat_61154,7.0474102145883695,0.8035637088480927
wildchat_61163,10.0,1.0000002560216086
wildchat_61172,1.4539890148512036,0.5112560823568427
wildchat_61245,-10.0,0.9841079637037511
wildchat_61264,0.3787874164922585,0.7646626305962888
wildchat_61343,4.588523991263423,0.5342121428101627
wildchat_61355,-5.3982053000678345,0.9926690259589268
wildchat_61395,7.1909981852094145,0.8653783554497546
wildchat_61411,0.4049115237866716,0.902695920808519
wildchat_61453,-2.022639957600867,0.9794855343521914
wildchat_61518,-10.0,0.9913295971904922
wildchat_61549,10.0,0.9907738542787603
wildchat_61560,5.352159032998458,0.9930989640500592
wildchat_61568,10.0,0.9930989642548943
wildchat_61590,-4.515841456972533,0.8595647968769681
wildchat_61605,10.0,0.7544865698855017
wildchat_61660,0.5326447803544825,0.7116893849809314
wildchat_62006,7.562133957439312,0.7935658247785522
wildchat_62020,3.2842878015869945,0.5535732179009912
wildchat_62033,-5.0975698094119375,0.9666042082910195
wildchat_62062,2.4823792680486307,0.984689920576006
wildchat_62069,3.734115863956291,0.8007872726709443
wildchat_62116,2.8124533371261156,0.9464633956153725
wildchat_62148,-3.980660681754997,0.9100272733825159
wildchat_62156,10.0,0.9580992182827461
wildchat_62235,2.188656826282033,0.4333053506533048
wildchat_62238,10.0,0.9999781102661218
wildchat_62273,-0.031207117818845116,0.6742553178349618
wildchat_62293,-6.976930764523463,0.8722945068389316
wildchat_62299,-5.271101537976386,0.6096307592836783
wildchat_62305,8.30231896444358,0.6609738989398086
wildchat_62361,10.0,0.9999943553524708
wildchat_62369,-4.624605229945541,0.7481755479987577
wildchat_62377,-0.7880564738118715,0.9850390435076073
wildchat_62423,7.651454419182101,0.7697998359818374
wildchat_62443,10.0,0.9990203772017661
wildchat_62444,7.288696941934875,0.8412667585366902
wildchat_62450,2.1818402018796803,0.6753960863575788
wildchat_62455,-6.090275797543167,0.9556169269266735
wildchat_62462,5.352192765377389,0.9930878769997175
wildchat_62494,-1.8143042895645838,0.837526426312866
wildchat_62554,1.687808313321649,0.9834753289120485
wildchat_62570,-5.396599127837928,0.9940698979833633
wildchat_62574,-0.6549870003963919,0.8842536452644812
wildchat_62586,10.0,0.987923327400434
wildchat_62622,-6.024174762410926,0.964031747140182
wildchat_62631,10.0,0.9999699378214135
wildchat_62637,-10.0,0.9999994341339505
wildchat_62639,-1.92781052305452,0.9875567071979338
wildchat_62655,5.562034115477739,0.991975813325755
wildchat_62683,-2.4106423837298236,0.9217822705137173
wildchat_63056,10.0,1.0000000002948042
wildchat_63074,2.812630396562832,0.6445953626554675
wildchat_63079,-3.218250415456499,0.6235136456240294
wildchat_63098,0.5435400048665691,0.7723463011628496
wildchat_63108,7.942610090197879,0.6567990747311299
wildchat_63123,2.744154424391807,0.9743569434282054
wildchat_63137,-0.539810361562363,0.7636775251825944
wildchat_63152,-2.6783711000045503,1.0000047260836498
wildchat_63161,10.0,0.9904132646189496
wildchat_63182,5.55540686146662,0.978406914601651
wildchat_63183,10.0,0.9260802036642103
wildchat_63246,10.0,0.9930870274091307
wildchat_63253,6.365967025153113,0.9423157303854546
wildchat_63255,1.764620867822972,0.9763000625134429
wildchat_63259,2.6622288290740594,0.8704488383278819
wildchat_63281,6.12630888811392,0.576659757591722
wildchat_63359,-8.279190632326538,0.6742542559784259
wildchat_63367,-6.020241131745686,0.7338362659145717
wildchat_63377,-4.979163748142344,0.4716092244003052
wildchat_63388,-6.062980207739775,0.9624556398899475
wildchat_63391,-10.0,0.958852558915895
wildchat_63410,10.0,0.7778263080259439
wildchat_63411,10.0,0.882184900128445
wildchat_63418,2.589540103903347,0.6936857065043536
wildchat_63442,0.21696549716493183,0.49396983941456035
wildchat_63449,10.0,0.9930961970454614
wildchat_63500,6.690560757216198,0.4980806490261103
wildchat_63520,4.090522904136616,0.5932373439525966
wildchat_63532,-6.355024280033861,0.9495133714881623
wildchat_63573,-5.9891960399309445,0.9646033707150274
wildchat_63593,-6.881376892669627,0.9038806675321313
wildchat_63600,6.687772056880405,0.6521583841306399
wildchat_63603,8.638072335806182,0.609273812200083
wildchat_63606,1.9613868601721496,0.9640367728534323
wildchat_63613,4.2730510131394706,0.951732204582398
wildchat_63625,-2.5538617695552976,0.9999976638936552
wildchat_63648,1.223964831410842,0.9873894927595736
wildchat_63672,10.0,1.0
wildchat_63712,-0.8470348805497577,0.5413969614020112
wildchat_64036,10.0,0.9999977729205128
wildchat_64085,5.291868507400959,0.6315047999891482
wildchat_64103,0.04972919492115646,0.8549571026832298
wildchat_64116,6.387369242144789,0.9298930160684329
wildchat_64171,6.467297631607681,0.6015204437766929
wildchat_64187,4.5002695807973385,0.8232125946426189
wildchat_64190,1.4905093344877394,0.8943937912109925
wildchat_64257,1.8992178133761246,0.9794453129637865
wildchat_64264,1.1705675015532342,0.9778945179793763
wildchat_64305,5.574925119728467,0.9928080255860039
wildchat_64310,3.797985761096204,0.5589962495238081
wildchat_64314,-10.0,0.9999999631070332
wildchat_64328,-5.069247371879405,0.7529746162235761
wildchat_64383,10.0,0.9370850733835807
wildchat_64478,10.0,0.9292349171476059
wildchat_64497,-4.0907779985365895,0.8571046127012021
wildchat_64500,10.0,0.7690197971117442
wildchat_64505,10.0,0.8350795053810002
wildchat_64539,1.8805583636910927,0.5661202188222397
wildchat_64548,2.9347945385197582,0.9313074856938144
wildchat_64614,2.0724025604396386,0.8515564575614569
wildchat_64643,-1.1787819942779494,0.8420256500955651
wildchat_64652,10.0,0.9517675242627198
wildchat_64662,1.1204285496886277,0.6165361292972432
wildchat_65005,-10.0,0.9975771093312781
wildchat_65010,2.842567891014448,0.9385232497203849
wildchat_65017,-5.150054197106025,0.8079537444724175
wildchat_65025,-8.56137139386699,0.6231789426723487
wildchat_65087,10.0,1.0
wildchat_65112,-4.332125484485909,0.8353941808019648
wildchat_65191,8.94287851205774,0.9962950296877304
wildchat_65199,6.346492002977867,0.5133970481997085
wildchat_65217,-10.0,0.9930989640500592
wildchat_65229,1.4963795522134056,0.9310751961882505
wildchat_65230,7.686351360682633,1.000000515514148
wildchat_65234,-0.10825779691637727,0.9826002700257919
wildchat_65303,-0.4513176838825657,0.9141636201011325
wildchat_65318,5.374934023370574,0.8302653446338595
wildchat_65355,7.033073743912585,0.8647652827652208
wildchat_65385,6.360167579602393,0.9354313341536865
wildchat_65449,-0.7481934714620974,0.7257392318284931
wildchat_65461,8.294825549184372,0.7712031418948391
wildchat_65488,10.0,0.9446427817459235
wildchat_65519,7.031803183807201,0.8846948854625406
wildchat_65524,3.744006682725522,0.6090154343136214
wildchat_65537,1.705954616241577,0.7853199175619456
wildchat_65543,1.4057852264004966,0.6950182898129907
wildchat_65562,-4.649200315936751,0.8396741528500296
wildchat_65566,10.0,0.9922155896052532
wildchat_65609,10.0,1.000000698225899
wildchat_65624,6.583542006927446,0.9489425877418126
wildchat_65655,-3.1311445233691826,0.9874587358598602
wildchat_65667,1.9170903607843823,0.9712671934049498
wildchat_65680,6.697062390977938,0.5667372225305034
wildchat_66022,0.4656637554371382,0.9597341236120498
wildchat_66064,4.36099262156227,0.9392879861717001
wildchat_66096,2.6723905729672834,0.7106834140575143
wildchat_66199,10.0,0.9469565599975907
wildchat_66201,-1.4704770982875632,0.8699706391556129
wildchat_66234,7.228735794962368,0.8418802865784576
wildchat_66252,3.4707410301884236,0.5200285263465837
wildchat_66256,2.081328638948469,0.9537481049544366
wildchat_66260,5.385977523087374,0.981668246973015
wildchat_66287,1.3869325827236774,0.5066369684503829
wildchat_66336,-2.174712642876896,0.9436678492704123
wildchat_66403,-5.3690488653063,0.9934480853834774
wildchat_66427,-3.1267026437231635,0.9788013243736882
wildchat_66459,6.8820868558957695,0.830535243719752
wildchat_66482,-3.2807574516504845,0.8952446414075108
wildchat_66493,10.0,0.999999813514936
wildchat_66518,2.863818384387337,0.5254652118866708
wildchat_66529,-6.1179551734615245,0.9343836665717931
wildchat_66543,0.3831526947223801,0.7402265370451816
wildchat_66552,-10.0,0.9955406417850754
wildchat_66557,1.0533442822157435,0.8706315536693362
wildchat_66572,5.447014425149744,0.6248039330909341
wildchat_66582,10.0,0.9999973171267236
wildchat_66598,-10.0,0.9211056990068546
wildchat_66600,-7.065565848333841,0.8827777046290964
wildchat_66631,7.552192121525018,0.8152563957216012
wildchat_66659,2.549098109546469,0.9996931488361709
wildchat_66664,10.0,0.98941624718622
wildchat_66668,10.0,0.8268076389755009
wildchat_66673,-4.1663133223410185,0.8625724873036867
wildchat_66699,-2.89883665046139,0.9188132335071344
wildchat_66700,0.9441826118725059,0.7924782605640317
wildchat_67028,10.0,0.9760428633474899
wildchat_67055,5.352159053523434,0.9930989517070219
wildchat_67074,10.0,0.9999779567123539
wildchat_67139,-1.5619086234619715,0.9882443780190918
wildchat_67176,-6.936149381212377,0.8201757586625418
wildchat_67214,9.121979876309986,0.8175747573482549
wildchat_67228,0.32124864795402114,0.9917801005451837
wildchat_67356,10.0,0.924332806572209
wildchat_67361,5.469187746733562,0.992030698436328
wildchat_67373,9.32791471824117,0.7211112350742589
wildchat_67406,10.0,0.8314597127755551
wildchat_67432,-0.5316095379278316,0.9856612985294556
wildchat_67436,8.733200869405923,0.5942995456643898
wildchat_67449,2.38335897679564,0.99994491369246
wildchat_67498,10.0,0.9925918360481243
wildchat_67510,-2.224415185890075,0.9769848371325638
wildchat_67522,-0.5748022241866468,0.5154569678838941
wildchat_67615,-7.671483149307109,1.000000258916122
wildchat_67647,-1.12593072534738,0.5354176695219864
wildchat_67671,5.9808450509104665,0.9624075133112405
wildchat_67673,-0.13830072239515295,0.9777660577068016
wildchat_67683,0.6126581674541933,1.0000294037566861
wildchat_67689,10.0,0.6432826023739054
wildchat_68015,1.459354617837691,0.9864811276255928
wildchat_68018,5.528061424161486,0.9924104870858188
wildchat_68036,4.463482514116471,0.9636231268552061
wildchat_68090,10.0,0.9527795284160857
wildchat_68127,10.0,0.9930885696104205
wildchat_68133,-7.7903480228838555,0.9699753897044713
wildchat_68155,6.332126644772258,0.9573910718011518
wildchat_68156,4.901336723694825,0.8463487475572163
wildchat_68184,1.409269223952192,0.6077802214008188
wildchat_68201,10.0,0.9668904568875059
wildchat_68225,-5.4229053447815785,0.9950466467685718
wildchat_68340,10.0,0.8038475143874422
wildchat_68412,-4.28298798351809,0.6121181768880108
wildchat_68428,3.894832329636449,0.7478561116668249
wildchat_68459,-5.121945440398253,0.9957180309716106
wildchat_68491,-6.811790110516194,0.8857763198087355
wildchat_68568,2.1883420470333412,0.9553262027867755
wildchat_68590,3.228978469837833,0.9966211675378659
wildchat_68606,-7.12644674913217,2.453481048991192
wildchat_68611,2.0542880854175687,0.8065468846309757
wildchat_68614,7.359981643005473,0.8089818764579735
wildchat_68629,10.0,0.9999999979317629
wildchat_69012,3.071763120710055,0.7078968355034785
wildchat_69024,7.900470737669466,0.73871245565144
wildchat_69058,10.0,1.0000001971372725
wildchat_69178,-1.77691963690514,0.7390088947814195
wildchat_69180,-6.02308532210109,0.9413590459600955
wildchat_69248,8.850924430215418,0.5727145831040323
wildchat_69299,-5.89277014966069,0.9724400968903589
wildchat_69307,10.0,0.9985604770703025
wildchat_69355,-5.418318924642827,0.7863296156224006
wildchat_69356,10.0,1.000000196434423
wildchat_69379,1.4550479188613548,0.813622852972113
wildchat_69389,-3.3893038017312813,0.8020663195933169
wildchat_69409,10.0,0.8646411468714118
wildchat_69413,-2.979107251591098,0.7038890893037635
wildchat_69427,-0.44684240250079504,0.6022944538402317
wildchat_69430,-6.092728703098786,0.9526368314858169
wildchat_69466,10.0,1.0
wildchat_69469,-2.5538488870549805,0.999997075031276
wildchat_69498,10.0,0.7270262457777936
wildchat_69506,10.0,0.9613522377483529
wildchat_69519,10.0,0.8693594984167419
wildchat_69524,4.09907647951836,0.8215331324323816
wildchat_69527,-8.025040514271652,0.7278306897342189
wildchat_69570,5.353112685017436,0.9930856350328661
wildchat_69639,-3.801327493867506,0.7379391595235324
wildchat_69644,-10.0,1.0000000006650904
wildchat_69679,-2.3845179887873225,0.920013367896199
wildchat_69690,-3.921228482330953,0.9131168404589675
wildchat_69694,3.3740711076662837,0.7355818252509364
wildchat_70039,6.091355623703814,0.9577461419987799
wildchat_70077,-3.840580807724352,0.8460972771863193
wildchat_70097,-3.14057673488263,0.9871951392382505
wildchat_70116,2.379383781556662,0.5426411046030227
wildchat_70170,0.08473179006343244,0.8715173478266383
wildchat_70226,5.566374977931749,0.9838767828563224
wildchat_70253,7.713433845186313,0.7676411387632048
wildchat_70255,5.766187552956371,0.7738057886576301
wildchat_70266,0.49624926343910647,0.5420001798945614
wildchat_70297,-5.13785551154663,0.646216091541641
wildchat_70330,10.0,0.7148847876062302
wildchat_70374,7.342550457719694,0.58453214730827
wildchat_70384,-1.2183724631514075,0.5964316963366795
wildchat_70408,10.0,0.9680565504971298
wildchat_70447,10.0,0.8498088344655226
wildchat_70455,2.553833411034011,0.9999961255111384
wildchat_70464,-2.2211940140615978,0.9808792955611719
wildchat_70521,-1.1164695299347922,0.9540770062663646
wildchat_70525,-1.2988382949827553,0.7030315496495702
wildchat_70526,2.3187306438894697,0.8752655977847719
wildchat_70531,8.418056494039169,0.6420583096853192
wildchat_70578,3.693942715007918,0.883216081252208
wildchat_70609,1.378229506444479,0.8511282252620861
wildchat_70631,3.624746989048107,0.5170307390708596
wildchat_70689,4.938550142095081,0.8070559318984242
wildchat_71053,0.9054989537281989,0.5717900715007536
wildchat_71086,-4.428810349058164,0.6096180659751824
wildchat_71087,1.5447847242941868,0.9377650842802083
wildchat_71137,0.5222206127328519,0.9580877449694062
wildchat_71157,-7.659554586142504,0.777728350972797
wildchat_71201,4.754498298187072,0.6858507291650182
wildchat_71214,8.54502733020866,0.6219649260226445
wildchat_71247,10.0,0.9999686828290733
wildchat_71280,4.261180029524621,0.6100849088823306
wildchat_71285,-1.5817038802259702,0.998886611948721
wildchat_71310,6.295865419339454,0.9027783717389839
wildchat_71343,-10.0,0.9670505379706659
wildchat_71356,6.4477073044498985,0.9586981315344691
wildchat_71385,0.19446457717514745,0.5576256111284574
wildchat_71420,6.819031108047668,0.8456311187447453
wildchat_71462,5.7114867925866815,0.9929626192066738
wildchat_71475,10.0,0.9999758359765659
wildchat_71478,2.680882514132483,0.8029595896048555
wildchat_71484,10.0,0.9957577285156964
wildchat_71612,10.0,0.9650711301708298
wildchat_71613,6.7411449792421525,0.8673495815904252
wildchat_71623,-0.35864762050888366,0.7289599330155374
wildchat_71682,10.0,0.9981821515246195
wildchat_71684,4.86864595536767,0.5725131302434285
wildchat_71687,2.553786509289992,0.9999950826433803
wildchat_71691,1.5623449681058434,0.9882614769811664
wildchat_72001,5.679298002640028,0.9784040520550203
wildchat_72038,4.1604573903749795,0.4737825469678331
wildchat_72043,-10.0,0.9410128420714542
wildchat_72047,-6.370480938212052,0.9097257402109835
wildchat_72069,1.842465108967573,0.8334402739100479
wildchat_72101,-2.537165055077495,0.9327695180145084
wildchat_72130,-1.6436915652974633,0.9953044377829525
wildchat_72148,10.0,0.9930989640500592
wildchat_72154,-5.0835470439016355,7.38905609893065
wildchat_72165,-2.396296666102983,0.9276645146687736
wildchat_72178,6.095832125045343,0.9506138937346711
wildchat_72229,6.22732443371367,0.9703419928219823
wildchat_72321,0.621206701626484,0.9860761370427267
wildchat_72360,1.8526737482802549,0.5040025325476235
wildchat_72394,7.526270788811963,0.4964264413435216
wildchat_72406,10.0,0.9793471257971458
wildchat_72416,-2.8351822093598797,1.0000731883924552
wildchat_72485,-7.779750694637425,0.7649633993470639
wildchat_72493,-2.444610085766937,0.9599439206506918
wildchat_72511,10.0,0.9627843543916237
wildchat_72513,1.3546448059361456,0.7541561446170074
wildchat_72562,10.0,0.906478707956341
wildchat_72611,-4.987837258289987,0.9887134026710919
wildchat_72642,6.144507675314447,0.9549198189479321
wildchat_72643,10.0,0.9156179302336009
wildchat_72677,-3.722481273804049,0.8371672276141707
wildchat_72691,5.833044152656401,0.9471532530346217
wildchat_72706,-2.5537732678734186,0.9999949606264743
wildchat_72721,-1.2488866211940837,0.6584763882961956
wildchat_73009,-10.0,0.9999808897578248
wildchat_73010,-5.6650463022403965,0.9766071515998591
wildchat_73013,-10.0,0.9999262154704472
wildchat_73014,-3.684534233022618,0.9936958275002262
wildchat_73015,-6.355112394320151,0.5924247458421016
wildchat_73023,10.0,0.9999925820398868
wildchat_73060,9.204306623979466,0.5208468235831978
wildchat_73067,-5.352284428927928,0.9930970422721417
wildchat_73087,-3.349917214244832,0.9393440224225753
wildchat_73163,10.0,0.7707226522418714
wildchat_73245,0.6304806257253117,0.9181101618757472
wildchat_73305,-5.468142543830047,0.9798185244787372
wildchat_73322,-2.669941324200198,0.8968847717982827
wildchat_73348,-5.724836052892974,0.960460708518999
wildchat_73349,-3.3098313080269124,0.47676551121087757
wildchat_73350,-1.945139157655316,0.9044651123903084
wildchat_73383,4.8381045437172725,0.6681433976211475
wildchat_73393,2.066547739400639,0.9896392829838176
wildchat_73419,7.685800738830194,0.5022413733031286
wildchat_73434,1.4590376647115884,0.5010315327837118
wildchat_73450,1.7994452061317958,0.7396391543119132
wildchat_73488,7.666896244974842,0.7787529924668743
wildchat_73503,-5.1958066632074695,0.8218125925190469
wildchat_73548,-7.903498752611697,0.7494825854637714
wildchat_73554,-3.354582123001908,0.5496666163607398
wildchat_73557,10.0,0.9850173093951449
wildchat_73584,8.390688951980518,0.652715700354395
wildchat_73594,-10.0,0.9817499151166467
wildchat_73603,10.0,0.7657166543268268
wildchat_73621,10.0,0.5518875946088869
wildchat_73643,10.0,0.9478111989013382
wildchat_73666,-3.075433695196303,0.9718000293133979
wildchat_73673,-6.541682463972494,0.8795203993174524
wildchat_73683,6.378065327820104,0.9000305582996647
wildchat_73688,10.0,0.9471003737084941
wildchat_73694,8.343837229908464,0.6533428099142236
wildchat_73702,-2.0490326830608114,0.6456279999002312
wildchat_74026,-2.210257737065691,0.9205669339939629
wildchat_74049,5.523617137555652,0.7409998478444624
wildchat_74061,3.7197446019503486,0.9508334195909198
wildchat_74063,-10.0,1.000001026086995
wildchat_74105,1.0312095385079776,0.5280132962410546
wildchat_74117,10.0,0.9999974925880758
wildchat_74168,10.0,0.7928423144973648
wildchat_74177,10.0,0.9999666252316015
wildchat_74198,5.819115957615287,0.9576347592373831
wildchat_74234,3.2363668785558724,0.8657686153174108
wildchat_74288,10.0,0.9993184322714667
wildchat_74291,-3.3225467931714494,0.8912299270802577
wildchat_74319,10.0,0.9535901706527766
wildchat_74323,5.050617091960948,0.7717582653318088
wildchat_74328,10.0,0.9999679020227895
wildchat_74340,3.454400526968398,0.5437541650873934
wildchat_74383,-10.0,0.9817744652906805
wildchat_74397,-0.031821136652766494,0.8431125321999687
wildchat_74420,8.843811957712573,0.5476590293012706
wildchat_74456,5.352162389163797,0.9930989752278797
wildchat_74463,2.0323601900629398,0.8843794670547106
wildchat_74470,6.177957178135889,0.7823624878111118
wildchat_74499,-3.8011099397726373,0.6871264346018876
wildchat_74511,-4.862329658772187,0.7590726998348809
wildchat_74512,-3.2841274753703185,0.821775601182252
wildchat_74534,-10.0,0.9801934338430438
wildchat_74562,4.682782203954176,0.4867252451584324
wildchat_74578,-1.8253214517438336,0.987084333468625
wildchat_74596,-2.403803464618301,0.9964901764876707
wildchat_74608,4.29334625997473,0.5221516965919565
wildchat_74635,-2.3527038969861462,0.7787663998904358
wildchat_74638,-1.2533022780393699,0.9969026460783968
wildchat_74666,-1.2178480129043086,0.9982472430967257
wildchat_74715,2.4686258925017333,0.9761200091105094
wildchat_75050,10.0,0.7937028081007256
wildchat_75090,4.475111700703047,0.7070147304980849
wildchat_75139,-5.357293626658492,0.9930103176964683
wildchat_75201,5.923858298433196,0.9704115909232517
wildchat_75257,-2.504579684013412,0.7988629205265815
wildchat_75330,-2.553807010743884,0.9999966647409065
wildchat_75375,-1.6564607318600741,0.9875603856404543
wildchat_75377,-10.0,0.9731122860235494
wildchat_75476,-1.7692719269228023,0.7259674519812709
wildchat_75485,7.307195275265,0.496904932545739
wildchat_75493,1.1291059592996886,0.8176231236301543
wildchat_75511,10.0,0.999937912003174
wildchat_75635,0.7731136765544248,0.740868876430005
wildchat_75711,10.0,0.9863594366086333
wildchat_76030,10.0,0.9990757094872903
wildchat_76036,5.912440821092358,0.9703762116574955
wildchat_76063,2.021485155993988,0.9921933277749108
wildchat_76070,7.656105970778308,0.7928220094307862
wildchat_76073,10.0,0.8298091748943313
wildchat_76130,-0.3360039520511916,0.781097699171674
wildchat_76149,10.0,0.9989793474799089
wildchat_76153,-10.0,0.9999699542807873
wildchat_76204,10.0,0.9928434504430499
wildchat_76207,-7.25511619977889,0.8352894900878647
wildchat_76222,-10.0,0.9994906827170448
wildchat_76229,-5.62283647432842,0.7589992680346479
wildchat_76257,6.434998903626246,0.6392446411573052
wildchat_76275,7.978116544053873,0.7199310694663511
wildchat_76301,2.0215466338007526,0.6272071511905455
wildchat_76319,10.0,0.9801149161350219
wildchat_76394,-3.8381754444726552,0.8925472577458238
wildchat_76397,-10.0,0.674780782540835
wildchat_76416,-5.006220423800657,0.669970887713912
wildchat_76418,10.0,0.802361770444556
wildchat_76441,-5.352159032998458,0.9930989640500592
wildchat_76442,5.57927019031525,0.6359636192142111
wildchat_76449,1.7266513558183396,0.964238764910506
wildchat_76453,0.501138418078588,0.7956064581822517
wildchat_76468,10.0,0.9999985114313849
wildchat_76490,10.0,0.9954404343393943
wildchat_76575,-0.6802238435973678,0.9912700013083015
wildchat_76587,10.0,0.8014225880597137
wildchat_76618,10.0,1.0000035676361494
wildchat_76621,10.0,1.0000738052779432
wildchat_76628,7.078127587457677,0.6527760078271019
wildchat_76637,5.555982566398991,0.9787604336221157
wildchat_76639,8.424529763732236,0.9939351827615983
wildchat_76652,-6.318049545777559,0.6473589552389447
wildchat_76677,10.0,1.0000005611693001
wildchat_76695,7.11560735423491,0.8569878912927551
wildchat_77026,-4.628712036700326,0.6015611554264773
wildchat_77053,-5.3942766887250935,0.9922334547022114
wildchat_77060,-5.3637042101303765,0.9925591197318955
wildchat_77104,10.0,0.7004857652637024
wildchat_77112,-10.0,0.9999999860997306
wildchat_77171,10.0,0.9611291533513366
wildchat_77199,-7.208391104539358,0.8387299061762142
wildchat_77241,10.0,0.6315637105024235
wildchat_77248,0.19139352351450323,0.9817621163124105
wildchat_77261,3.172589687444669,0.8409421378140236
wildchat_77266,-5.537516842608645,0.9667890214948026
wildchat_77290,8.032241972253916,0.7001978562928971
wildchat_77297,2.409261746168983,0.9901496223538561
wildchat_77312,-2.5537731073634746,0.9999950822404173
wildchat_77315,-2.9668208691382034,0.7788602381165783
wildchat_77381,2.8097947107211207,0.9890645170867154
wildchat_77411,-2.5211571745057153,0.9593145772662872
wildchat_77451,-0.4975924835186949,0.6358061169396931
wildchat_77456,-1.9431981630550126,0.8494421663501303
wildchat_77480,5.624107757325863,0.9735856702669682
wildchat_77485,-6.1263195049612875,0.9172408365101312
wildchat_77494,-1.6354436061711881,0.9606963678813242
wildchat_77571,-4.004831316703983,0.7438413453668726
wildchat_77601,0.4900104107170628,0.9272143819416507
wildchat_77628,10.0,0.961652185809235
wildchat_77674,0.5080007519753924,0.9727624693201175
wildchat_77685,1.22732144808183,0.981770573837814
wildchat_77696,7.120150290506882,0.6204994611466879
wildchat_78027,4.988972765594572,0.9973210036230656
wildchat_78061,10.0,0.9583046605146072
wildchat_78075,6.960452642597044,0.4549180103765015
wildchat_78096,1.7754812854395357,0.9920280171709759
wildchat_78099,1.6932857677975484,1.000491752639281
wildchat_78114,-2.951027548007541,0.9906609773533596
wildchat_78162,7.611529937732482,0.789522510939052
wildchat_78247,2.291966697532921,0.5203143774861438
wildchat_78267,1.3745726283172564,0.8244050975588496
wildchat_78351,4.071421852231786,0.7785307284248328
wildchat_78425,5.585225525922079,0.9922609768851767
wildchat_78450,6.515431859134325,0.6874674251003677
wildchat_78452,10.0,0.9513285743594477
wildchat_78525,-2.0555067845065764,0.562438371304122
wildchat_78535,0.8625716208501756,0.701329447484765
wildchat_78537,-10.0,0.9999476161491937
wildchat_78554,-2.0272550637516553,0.6285483935285834
wildchat_78573,4.032422566243316,0.7995291146584109
wildchat_78583,7.650038129506225,0.7798514285546372
wildchat_78596,-6.309303284798806,0.9591390766744597
wildchat_78614,-0.39221952065968657,0.7030369449668995
wildchat_78675,6.545034761267869,0.9326319982366944
wildchat_78684,-10.0,0.9330160882823334
wildchat_79042,0.24201678616794017,0.7072698113979313
wildchat_79096,2.0361941170967137,0.9788311911251717
wildchat_79165,8.057351138188878,0.7181456458967008
wildchat_79202,-4.636825898779276,0.8521461940031257
wildchat_79237,-3.6022645101473403,0.9972927930153768
wildchat_79239,10.0,0.946732874205369
wildchat_79244,3.4136395132318005,0.8990633184166213
wildchat_79265,1.3764888330851923,0.5511941316344114
wildchat_79283,-1.3863691457703902,0.8365549357122388
wildchat_79311,-3.831578001670247,0.8705013076641328
wildchat_79329,-1.8215711555803258,0.9899894900712327
wildchat_79348,-0.6449411424601693,0.9672203275691118
wildchat_79376,10.0,0.9231992141463792
wildchat_79423,4.167253759837731,0.7619313245961632
wildchat_79516,3.837396899884205,0.6805295719328526
wildchat_79533,-5.115412705816528,0.5972336995116043
wildchat_79542,10.0,1.0
wildchat_79546,6.81335881206993,0.9723599288547501
wildchat_79563,4.8658835114518055,0.5513473681006182
wildchat_79622,2.061965679299131,0.6960336869752611
wildchat_79650,10.0,0.79858895016448
wildchat_79701,6.489588483196329,0.9239525569411879
wildchat_79702,10.0,0.9908273972535713
alpaca_3,6.965555171785738,0.8776570900011369
alpaca_6,10.0,0.9296024164768651
alpaca_27,1.2343467202602216,0.9860960910804459
alpaca_28,-4.067891010731189,0.698857783195365
alpaca_47,-5.146798983762558,0.9891684645266924
alpaca_59,6.915735356012399,0.7840436512225396
alpaca_71,-3.659858279284914,0.9679271810298836
alpaca_83,10.0,1.0
alpaca_86,-4.617871178007427,0.8392077660653778
alpaca_92,1.4188242583511979,0.9175684952105784
alpaca_94,-3.6012011068182876,0.999873078036293
alpaca_97,0.3135258687000887,0.9747079079279464
alpaca_101,0.5337655067844136,0.9903857070843851
alpaca_103,-4.721077785432371,0.7852439088022959
alpaca_105,5.352159032998458,0.9930989640500592
alpaca_110,7.457651920002838,0.8077870028094637
alpaca_117,0.6330387791004427,0.9095220660805857
alpaca_123,2.3723982381311703,0.9826122074924373
alpaca_132,-8.150706062705531,0.7022398370526242
alpaca_138,-10.0,0.9999974865094987
alpaca_148,-7.6617892657899205,1.000000000100278
alpaca_151,-4.191402497749259,0.8752558935131192
alpaca_163,-0.7209111881093246,0.8046091600499353
alpaca_164,-5.531308324144626,0.9706162335052174
alpaca_167,-3.3786966964127503,0.6596007197166993
alpaca_170,6.369228638740626,0.9436477664723177
alpaca_174,0.22927648779961762,0.6562352066646018
alpaca_179,0.027767781728506566,0.7284717414446488
alpaca_182,6.225151669750818,0.9533891165382721
alpaca_193,-1.8737060011838458,0.6921264056935316
alpaca_195,-10.0,0.9994856712442637
alpaca_202,-2.4507801147254704,0.9311149333024344
alpaca_203,-10.0,0.9985118594371394
alpaca_212,1.0318958957798503,0.9051365103105411
alpaca_218,0.921114002559964,0.9258444904445922
alpaca_220,-2.2537660858468804,0.9536704634719014
alpaca_221,-7.877142522611117,0.9922219588102148
alpaca_233,6.297183477414309,0.944698747099098
alpaca_243,-10.0,0.9045089736638489
alpaca_248,-5.534169611910145,0.754285371421212
alpaca_251,-5.638152834675058,0.9741607232029583
alpaca_257,1.2180312590377163,0.9493636835421851
alpaca_264,3.769486477773015,0.9957488607735994
alpaca_267,1.7209181182102622,0.8395464474134726
alpaca_274,-7.544586678846268,0.810774694185154
alpaca_277,-1.434055665317025,0.8082576382157654
alpaca_289,0.4514754063005691,0.8564508971796589
alpaca_292,-0.08716816816815848,0.8850605153673219
alpaca_295,-5.901349169180049,0.9710259161809962
alpaca_299,10.0,0.9999993286906527
alpaca_311,-2.0190890886414112,0.9564510987848693
alpaca_321,-1.0576346595896513,0.8034270324664236
alpaca_331,6.119271022124351,0.6626477191060978
alpaca_345,-5.371213463655967,0.8205622219069972
alpaca_347,-10.0,0.9678056540365787
alpaca_360,-3.8641536845534525,0.8461865756041597
alpaca_365,5.284312228673033,0.7519188760751851
alpaca_370,-10.0,0.9969357846871302
alpaca_378,6.073924132761046,0.8405109374727554
alpaca_392,3.4464710675619417,0.6772942243994714
alpaca_397,6.743952435698619,0.8609661331576175
alpaca_404,-1.9365814196640676,0.8158132260435036
alpaca_409,-1.7754165340260597,0.8843652522895854
alpaca_428,-5.880400610902442,0.6080350991825437
alpaca_431,-10.0,0.9999874577270905
alpaca_432,-6.5656748465808965,0.707801319133012
alpaca_444,4.691234374694101,0.9376864772414525
alpaca_453,5.570223972702447,0.9935160826873105
alpaca_459,-3.7708365913942545,0.9900059231749959
alpaca_462,7.4671803928842175,0.6580960908098581
alpaca_468,2.3816630394099487,0.4833181815960103
alpaca_471,-6.8830864234852625,0.5729577719294847
alpaca_473,-1.2794921828866634,0.80529506437318
alpaca_474,-3.7462082553490217,0.7337377267750326
alpaca_505,-4.964634993907919,0.9922949275528226
alpaca_506,2.6803729410685766,0.9999937259082269
alpaca_508,-1.1974900728909117,0.6206894384503631
alpaca_509,10.0,0.995507022463331
alpaca_515,-0.8379905113162056,0.8687090507809642
alpaca_525,3.4771628411407596,0.6592944150543623
alpaca_526,-0.23646628728262806,0.6355827571825425
alpaca_542,2.0051088266837533,0.625171319039518
alpaca_543,-1.9946754940054012,0.9723083911972533
alpaca_550,2.519534354445391,0.7670185960498707
alpaca_557,-5.4547291992514015,0.7400491401288959
alpaca_561,-4.191640398378422,0.9398884224418638
alpaca_564,4.796100559017252,0.9188073180199116
alpaca_573,5.502319452434657,0.502177387100553
alpaca_576,-5.1505057616603915,0.7366553832131573
alpaca_578,1.6103939221636674,0.9213515530272932
alpaca_587,-6.425119117977582,0.9339806910876957
alpaca_599,10.0,0.9871640067600216
alpaca_613,-7.8954048499205385,0.7397814998258887
alpaca_616,-10.0,0.9999997586218746
alpaca_658,-5.81472181812854,0.7431973113398448
alpaca_660,-3.5252633712183075,0.8160042341299772
alpaca_661,-3.8854744635062626,0.8692188301831418
alpaca_678,-4.045351627223957,0.8346081766926672
alpaca_679,7.4842585512010125,0.8098118320339674
alpaca_682,4.1613192181311955,0.9896169297606754
alpaca_692,8.187787215388166,0.6901143425395561
alpaca_722,10.0,1.00024178188695
alpaca_724,2.124134725765766,0.9888451542885043
alpaca_744,-5.664875620796367,0.6248913998962429
alpaca_748,-3.518114682126414,0.9948802974557587
alpaca_749,10.0,1.0000000002916332
alpaca_760,-7.673865231132462,0.9999820201395349
alpaca_765,-5.200926089453543,0.678462391128093
alpaca_772,-2.761914199253045,0.8954252226318852
alpaca_776,-6.2418199656003575,0.9245262630125373
alpaca_779,-2.2434297426519314,0.6843651905198912
alpaca_783,6.3423950765258805,0.7588729353832977
alpaca_788,-7.237593769505978,0.7677294268475919
alpaca_790,10.0,0.7768507974550359
alpaca_803,-6.102137450004602,1.0007229570846194
alpaca_830,-4.853815886740469,0.9840739389539733
alpaca_834,-5.769008771777206,0.7595440048569007
alpaca_856,0.4453129145499891,1.000112566237647
alpaca_870,-5.3952161884417835,0.992682741897446
alpaca_879,5.352159032998458,0.9930989640500592
alpaca_881,-10.0,1.0
alpaca_882,2.548495615521176,0.9997310398960032
alpaca_909,-10.0,0.9999921773488814
alpaca_917,-10.0,1.0
alpaca_919,-1.7011475479124505,0.978465024897445
alpaca_920,-10.0,0.9907541765921429
alpaca_923,-0.5327082391933448,0.658708539355186
alpaca_924,-2.814088094188571,0.949042393238556
alpaca_936,-4.374781848268652,0.6565225754534733
alpaca_937,1.0699235635691087,0.8862967920497357
alpaca_946,3.0095277026466722,0.9835101180724484
alpaca_951,-0.30536794031899644,0.6708053102008373
alpaca_954,10.0,0.9264375289249828
alpaca_955,4.446327579637147,0.5439412687904555
alpaca_979,-5.354929492204389,0.9930621197341629
alpaca_985,-4.538322184692707,0.5641817415627425
alpaca_988,-6.2962568809396675,0.9049605834383566
alpaca_1002,0.9696840315638544,0.6374114513227307
alpaca_1004,-4.337872274524672,0.6990471210392165
alpaca_1014,-5.221214574708185,0.9190149472858283
alpaca_1021,6.867307080535259,0.5226657959789239
alpaca_1024,1.426829529725304,0.8661819060534067
alpaca_1028,5.4628847073722735,0.9923509100072209
alpaca_1029,-10.0,0.9999744315521086
alpaca_1032,-3.1245817531952507,0.9682951496773533
alpaca_1038,-7.543666726730584,0.8064485469056424
alpaca_1046,5.375833450868453,0.9929777950810009
alpaca_1049,-2.488547633993073,0.9985372942428746
alpaca_1056,3.529839609021255,0.6818531430944846
alpaca_1060,-2.270083173173459,0.7840553005419354
alpaca_1065,10.0,0.9957718757272468
alpaca_1067,1.5780758153267507,0.6567154803301752
alpaca_1068,-3.8051719467695575,0.9567697008100433
alpaca_1069,7.6058738262407655,0.7891362430580767
alpaca_1076,1.3537410437195732,0.8674576647954347
alpaca_1085,-6.200476408349082,0.9444462565099613
alpaca_1091,-3.086461626279903,0.6727621925083188
alpaca_1093,-0.5576609222800001,0.7500255611456733
alpaca_1105,-1.3273440188673056,0.7278937490863017
alpaca_1110,-7.490653738464356,0.8232594325930741
alpaca_1124,-3.06262896345117,0.9934235813509457
alpaca_1132,-1.155528217224943,0.6575881407240798
alpaca_1134,5.395158809627688,0.9925843358112433
alpaca_1136,0.8670798980962643,0.996649304343376
alpaca_1142,0.44699137647697457,0.6695284731187796
alpaca_1147,2.6109299665405343,0.667059374931251
alpaca_1148,0.621773692274399,0.9005158273546785
alpaca_1154,5.754384926482665,0.9908046239256809
alpaca_1159,-5.471446423737892,0.9845980266432374
alpaca_1165,10.0,0.9132908992013501
alpaca_1173,-1.6408323498690964,0.8989022014993958
alpaca_1175,-5.756080525461366,0.9776083708562247
alpaca_1179,-6.2503838369574325,0.6171257179303473
alpaca_1185,2.9970364681569768,0.6189370971538827
alpaca_1200,4.137996394035274,0.848016715128598
alpaca_1203,5.811106142208296,0.9700660806080458
alpaca_1213,-5.79722177283378,0.6996984264040532
alpaca_1219,-4.126877807296891,0.8009082452986035
alpaca_1226,-7.6768268292401896,0.7730600682558634
alpaca_1227,-10.0,1.0000001184875527
alpaca_1230,-5.056607872833171,0.7700350501623566
alpaca_1231,2.2612953511201375,0.6321212888711655
alpaca_1236,10.0,0.999999094796861
alpaca_1240,-2.8283130238756033,0.895410862240217
alpaca_1246,-3.423357907575334,0.9125846080651607
alpaca_1255,-5.933621152121409,0.9679927808566737
alpaca_1264,0.6979323264675612,0.7833503223044452
alpaca_1289,-3.6865012411471714,0.6645479341922013
alpaca_1291,-6.776783120435874,0.9079513209358513
alpaca_1292,-4.789685445812147,0.8937834635307252
alpaca_1296,0.8254799768610266,0.9909840747005313
alpaca_1312,10.0,0.9999287653916841
alpaca_1323,5.788543753640234,0.9829733772066452
alpaca_1326,10.0,0.9451431083095424
alpaca_1332,-1.7686133959458756,0.9434116158345076
alpaca_1348,-0.35057135692543073,0.9719297885517317
alpaca_1370,-4.57420966513664,0.9408908997194131
alpaca_1374,-0.5047351683571959,0.4949867887714345
alpaca_1383,10.0,1.0
alpaca_1384,1.7858422896625297,0.8991395160929478
alpaca_1386,-5.968024234300516,0.9658082943873916
alpaca_1399,-3.4389731002881145,0.9363362076194691
alpaca_1400,-4.423360706319635,0.8400846920106851
alpaca_1410,3.633410887396214,0.8977911852666082
alpaca_1411,-5.019570805395808,0.7030075018573678
alpaca_1412,-7.391509771067832,0.8052795203900038
alpaca_1414,2.306456678589899,0.9339546744488529
alpaca_1418,-6.489679323082929,0.8997908898039301
alpaca_1437,-1.3788373054054182,0.8888571043379229
alpaca_1453,-0.22443163341780006,0.9793457713915589
alpaca_1456,-10.0,0.9973526626785679
alpaca_1460,-0.7464009454102024,0.8803070434048135
alpaca_1463,-7.152436754599722,0.8478264944133101
alpaca_1466,-2.3731112253026527,0.9794036887581267
alpaca_1471,1.0324874507578188,0.8250858921357106
alpaca_1487,-5.311786843224274,0.7773562205960404
alpaca_1494,-6.2313315671256815,0.5742638429945802
alpaca_1499,-8.10838313331938,0.7069776276467992
alpaca_1514,-6.874848447534446,0.8736535417302782
alpaca_1519,7.749625611462681,0.5347783276037255
alpaca_1526,-1.8420217940429344,0.746685767433245
alpaca_1534,8.35350503246267,0.652992235020901
alpaca_1539,-1.5977944396815686,0.9905572155533354
alpaca_1542,2.9384969744837823,0.7759689864306715
alpaca_1550,-0.8491956558757832,0.8261098201493547
alpaca_1553,2.554298439577253,0.9999939716848582
alpaca_1555,-4.063672436555822,0.8458163358009557
alpaca_1565,-6.149965583644507,0.8697947703215665
alpaca_1586,4.1768445497446045,0.8936369532957121
alpaca_1587,-7.686908776496392,0.700438729715552
alpaca_1601,-2.5897013760659755,0.9976488186355783
alpaca_1602,-4.83597175654782,0.9965532090765524
alpaca_1611,-7.187648716045856,0.8398860274220329
alpaca_1618,-4.8431801700945,0.7938924949288708
alpaca_1624,-10.0,1.0000001879549598
alpaca_1626,-0.7557508534111718,0.8137387484739689
alpaca_1627,-6.366822929372429,0.9017081983202776
alpaca_1631,10.0,0.9759131994910197
alpaca_1637,-3.6663149037024616,0.6221444171168082
alpaca_1638,-5.352287027098653,0.9930864255792832
alpaca_1639,3.0202684853640007,1.0000145736544066
alpaca_1641,5.530132640080764,0.985716481797272
alpaca_1643,1.2238202432718535,0.9914750849976558
alpaca_1646,-0.5932698801958328,0.9726139427091232
alpaca_1651,3.7482899148691105,0.9056488390451761
alpaca_1653,0.6014367968628231,0.9795232526803058
alpaca_1664,-6.1295894332711365,0.9356160857430406
alpaca_1670,-10.0,1.0
alpaca_1677,0.6950072993003844,0.9980338487034319
alpaca_1682,4.053220728797479,0.5872810868730135
alpaca_1684,-7.773259427742005,0.7486906228870375
alpaca_1688,-1.9796048471115815,0.9768861612702767
alpaca_1690,4.387947419975584,0.6787172403829445
alpaca_1694,-5.879930176956065,0.5844518604307817
alpaca_1695,-2.207457613719207,0.9791494788010717
alpaca_1702,-3.8343119966916337,0.8304598442405202
alpaca_1707,5.8225890722972276,0.6061142013341208
alpaca_1711,-1.1745340460987712,0.7523667833863135
alpaca_1714,-10.0,1.0
alpaca_1725,-6.218043456092404,0.8453176474601648
alpaca_1735,-6.201685644277745,0.9285341944962753
alpaca_1736,-10.0,0.9976937691440662
alpaca_1740,-0.5735932126882435,0.9034071382119517
alpaca_1741,-5.28418334198849,0.8662381695055956
alpaca_1742,-7.66178922411428,1.0
alpaca_1743,-2.264056383610702,0.7335639608152579
alpaca_1745,-3.2234636920894104,0.9703118996163252
alpaca_1747,-7.028726444655175,0.8334126553517894
alpaca_1750,0.879092505094088,0.6912057469959108
alpaca_1752,10.0,1.0000005159216736
alpaca_1758,-8.017527346671816,0.7242337144242105
alpaca_1776,-7.797841710860852,0.5478508687871962
alpaca_1778,-6.279222759790476,0.9048999979705831
alpaca_1789,4.519238522297895,0.46995886721147073
alpaca_1794,-1.1762498378283501,0.9576088624720271
alpaca_1795,-4.634443605700127,0.9949730890665656
alpaca_1797,7.17631603599066,0.6102634395158002
alpaca_1801,6.672666388049416,0.9092919260907002
alpaca_1806,-3.2149705476083374,0.7197527126838369
alpaca_1808,10.0,0.9999484918123783
alpaca_1828,-3.4912338674258447,0.895784432001432
alpaca_1832,6.505489556309786,0.9535786640457031
alpaca_1834,6.679326683523852,0.5582665429298836
alpaca_1836,0.09837263268169477,0.9180015967007418
alpaca_1845,-2.6122795491643265,0.999257659947425
alpaca_1850,-3.648691149667293,0.8811841165221955
alpaca_1859,5.389536022307836,0.9924139130358767
alpaca_1863,-1.7983367385767037,0.9994630799721167
alpaca_1865,2.5885911506435475,0.7821045486996071
alpaca_1870,-6.963378293342161,0.8127165877050284
alpaca_1881,-6.367650485838771,0.6746921813867464
alpaca_1883,-10.0,1.0
alpaca_1885,-10.0,0.9196131107812174
alpaca_1889,-5.450738812854202,0.9919830670582904
alpaca_1893,-3.9353238197504736,0.8298449998673137
alpaca_1897,-3.47377978026704,0.8103305789869486
alpaca_1901,-1.0416445626778272,0.9364210515591791
alpaca_1914,1.2386020516686562,0.9995825828877464
alpaca_1921,-1.688496854421881,0.7473999136603582
alpaca_1931,-6.436968450692668,0.944891074338171
alpaca_1933,-5.008212549106644,0.7018125191124388
alpaca_1936,2.0306891809981447,0.8577194196371563
alpaca_1943,-7.20890397393525,0.7765913745138855
alpaca_1944,10.0,1.0000001037917376
alpaca_1949,2.944648772539638,0.8813447351276842
alpaca_1953,-2.2066113198978377,0.9782481891670866
alpaca_1954,5.361930282143884,0.9929640793135598
alpaca_1958,5.901377269607447,0.9672634727492568
alpaca_1959,10.0,0.9999974921672162
alpaca_1963,6.641156502687104,0.9101593577883021
alpaca_1968,-3.2046164541391238,0.8312681792748523
alpaca_1970,-5.381548746685801,0.9854999099486162
alpaca_1971,1.8807056870889511,0.8520750783794994
alpaca_1984,-10.0,0.9866255614826155
alpaca_1988,-0.4528381066431439,0.7458940320813795
alpaca_2004,-3.334478582755033,0.7589530139020269
alpaca_2009,-6.201300541562837,0.7170851796878978
alpaca_2020,3.280781685341873,0.7706303179216466
alpaca_2021,1.9957877248997546,0.5289135935610771
alpaca_2031,0.44462533411264654,0.7858031001817869
alpaca_2032,10.0,0.9930708392166587
alpaca_2046,5.756784129685658,0.9447203238960458
alpaca_2048,2.5628052884443755,0.9999973233146598
alpaca_2053,-6.438385754459369,0.8725314033687057
alpaca_2061,-10.0,1.0000013966726071
alpaca_2064,0.5721986520135005,0.6928010919491824
alpaca_2072,5.936654151309082,0.6223049551241818
alpaca_2077,3.4004086516905057,0.47181619374685546
alpaca_2078,-3.17100371097192,0.9095922821361597
alpaca_2097,-2.2544096286244852,0.8196928376637551
alpaca_2101,-0.5720261176923982,0.5645904621008841
alpaca_2114,4.748455931912686,0.9941496474837799
alpaca_2117,-10.0,0.999999949682155
alpaca_2125,-3.9843412186169096,0.7211141595737296
alpaca_2128,7.087493234572412,0.7767187780122744
alpaca_2130,-2.6837244517154786,0.7991492361461947
alpaca_2139,5.3834478545295035,0.9884292390191586
alpaca_2140,-5.3669056162361715,0.9916843336714924
alpaca_2142,5.51345109250338,0.9839904170551056
alpaca_2144,-1.757073771914083,0.9648343734696041
alpaca_2146,-0.6159451538264614,0.9988557470454917
alpaca_2154,-10.0,1.0000001880835203
alpaca_2158,6.210615838482238,0.9577415887819409
alpaca_2162,-6.76252072288039,0.537784568600877
alpaca_2166,4.16788287807844,0.7215942910222696
alpaca_2169,-10.0,1.0
alpaca_2170,-4.655201203480141,0.8342416457765175
alpaca_2178,-6.94140716898289,0.8920482608168366
alpaca_2179,-4.747062193192447,0.9653671254773472
alpaca_2185,-4.529547673241588,0.8862590794285372
alpaca_2187,-5.35216020746048,0.9930982704857901
alpaca_2191,10.0,0.9871974699227007
alpaca_2204,-2.7116445256293766,0.9655392111078238
alpaca_2205,-7.2152221056927575,0.8431184462055497
alpaca_2210,5.378083399304995,0.8423004411870225
alpaca_2211,-0.060733052401102494,0.8350422807035344
alpaca_2232,5.552649105353173,0.9858735738428533
alpaca_2234,5.35219633965599,0.9930983512785394
alpaca_2238,3.7920242014166328,0.5043433826829157
alpaca_2239,-3.841913427673056,0.8417467148647755
alpaca_2241,-10.0,0.9999494607447806
alpaca_2249,-3.382424051762924,0.9696088608702799
alpaca_2257,-6.731606895780642,0.8996557003168765
alpaca_2259,3.17585154820138,0.9330738928453949
alpaca_2262,3.3525171377667125,0.5454415989847075
alpaca_2273,4.485126857884908,0.9508954089026056
alpaca_2276,-10.0,0.9999978436849221
alpaca_2282,-2.7695220404819465,0.8193195311397712
alpaca_2285,7.931233604811737,0.6406614189665762
alpaca_2287,-4.973848720314007,0.9785184097262553
alpaca_2291,-7.710566022580808,0.7911662401396585
alpaca_2293,-1.6645648929213848,0.9351385208077105
alpaca_2296,-4.92331212130262,0.9909735851686434
alpaca_2306,-5.556045324028264,0.9925870599139258
alpaca_2321,-5.443262125624538,0.6271674063941569
alpaca_2322,-1.4943827150721538,0.9933430157195854
alpaca_2330,-10.0,0.9971729482391856
alpaca_2336,-2.570026369872212,0.5737212686244499
alpaca_2349,-0.9279458933571345,0.7023739178340211
alpaca_2358,2.553803988828881,0.9999949402023187
alpaca_2362,-5.392841853983917,0.9927019739300502
alpaca_2363,4.981098175706109,0.8181910202541954
alpaca_2367,0.21287253723225552,0.8478640776122417
alpaca_2377,-2.08179615354772,0.9358531221660119
alpaca_2378,3.673069360441037,0.8732092287797927
alpaca_2381,-4.000110622686085,0.5955693828134593
alpaca_2389,-5.954935536213274,0.967708695332392
alpaca_2390,-2.553811939059685,0.9999975445140978
alpaca_2436,-5.189393867131496,0.7958579164948041
alpaca_2437,-10.0,1.0000003539607676
alpaca_2440,-4.5395578704898645,0.82810436847321
alpaca_2444,-10.0,1.000000717583073
alpaca_2455,-2.6836046521440777,0.9951112684859821
alpaca_2472,2.378774457714619,0.6989153900185826
alpaca_2476,-3.845983242574725,0.9297947906088302
alpaca_2481,2.183791702219225,0.9835007411608773
alpaca_2487,-10.0,0.9999723476419993
alpaca_2488,-10.0,1.0
alpaca_2490,-1.6279778955738828,0.8272603106881093
alpaca_2495,1.3734952764700494,0.6236548189377437
alpaca_2503,-5.287995613862276,0.9755463083449708
alpaca_2505,7.661789435043851,0.9999999999155849
alpaca_2507,1.3263764444969464,0.9294381236951996
alpaca_2514,5.346829971588422,0.9788304416195784
alpaca_2517,-5.139361244781425,0.9881275069323597
alpaca_2519,10.0,0.9999335389019108
alpaca_2530,0.0660826542096781,0.9436155491934363
alpaca_2536,5.4051453528332125,0.9928164426324894
alpaca_2548,1.7914052298444672,0.7957646630978088
alpaca_2550,-6.688484617950051,0.8586014719994107
alpaca_2556,4.845485841325231,0.5864635207961374
alpaca_2560,10.0,1.0000017094873215
alpaca_2571,-2.62975609287348,0.9978773640964994
alpaca_2572,-0.51572670595944,0.993834557340635
alpaca_2580,-4.8122247361963435,0.699108194277675
alpaca_2582,-1.7025581683277422,0.5241798853885905
alpaca_2590,-2.273004287181187,0.49460053063139114
alpaca_2591,-10.0,0.9999974783467424
alpaca_2593,-10.0,0.999999240137687
alpaca_2598,10.0,1.0
alpaca_2607,-6.0402310775676025,0.7739268886273243
alpaca_2608,-7.719624663504912,0.7584059966670685
alpaca_2621,-5.725276993948352,0.7515951337455039
alpaca_2626,1.6819592886200658,0.9088256661771617
alpaca_2629,10.0,0.99993572418455
alpaca_2633,-10.0,0.992236331977307
alpaca_2639,-1.918969427999214,0.9900863690169122
alpaca_2650,-4.5696872277102925,0.9530250683118103
alpaca_2661,-5.353312045943119,0.9928457048869038
alpaca_2662,1.439789939043707,0.6197051994491898
alpaca_2666,-3.809542983313161,0.8565142777815639
alpaca_2685,-5.431020378908003,0.9743809830911387
alpaca_2697,-5.555088100583248,0.7946610063932019
alpaca_2701,-6.879494079867169,0.9002520176702267
alpaca_2702,2.553849530649825,0.9999974666974215
alpaca_2714,8.196824727085925,0.6756020487896396
alpaca_2720,10.0,0.9987923732969057
alpaca_2722,-7.38545156664794,0.8079728885930478
alpaca_2727,10.0,0.9808413134818526
alpaca_2747,-4.189044869333474,0.8177293126977138
alpaca_2763,-9.16247130259028,0.9957610782149466
alpaca_2786,-2.5262119398945533,0.9641351792146324
alpaca_2789,0.22856326185479695,0.5457406201934418
alpaca_2790,5.366797862297124,0.991703663572421
alpaca_2796,4.762955491475792,0.6902758821353859
alpaca_2802,-0.36322241967322544,0.9746951676144956
alpaca_2805,5.40878240567701,0.7530138143589793
alpaca_2807,-10.0,1.0000005435905692
alpaca_2815,-10.0,1.0000000002943417
alpaca_2820,10.0,0.8061434728608877
alpaca_2821,-2.426151526811749,0.9905750464013912
alpaca_2825,-0.9663785569247342,0.8391865272023018
alpaca_2830,0.42784615881423016,0.9838663912602686
alpaca_2834,-10.0,0.9999999091381038
alpaca_2840,-4.690441868112351,0.8106732243090549
alpaca_2841,7.681173657877148,1.0000004554734045
alpaca_2843,-1.0330672327227806,0.7734661284367307
alpaca_2845,-0.12251184560162778,0.9106734332211398
alpaca_2849,-7.661789423732276,0.9999996020717627
alpaca_2855,4.444405371792669,0.9977481854377336
alpaca_2860,7.610695345653235,0.804971332634204
alpaca_2864,-3.4253192460820907,0.907999217255045
alpaca_2867,-7.523681647835467,0.8104183906637916
alpaca_2886,-2.5576410538724974,0.9997242528138427
alpaca_2898,10.0,0.9999999971222363
alpaca_2902,7.230295637634425,0.5163810493441672
alpaca_2906,2.4702671378137397,0.9489858458664814
alpaca_2914,10.0,0.9997199484338686
alpaca_2923,-5.167065548929048,0.9953102987880648
alpaca_2924,-10.0,0.9998381582492332
alpaca_2928,10.0,1.0000415813558663
alpaca_2933,10.0,1.0
alpaca_2940,-5.6748106152442075,0.9613698136604213
alpaca_2943,-5.355128119228022,0.9828963221828346
alpaca_2971,-1.374883484033232,0.8699486911860238
alpaca_2974,-10.0,0.9808894297488847
alpaca_2983,2.5538683247499874,0.9999975278337222
alpaca_2984,-2.634493356053668,0.9982303990450291
alpaca_2993,3.195916728286702,0.6490504453216827
alpaca_2999,-2.328336919372592,0.5429655558272534
alpaca_3000,-10.0,0.9547867812727123
alpaca_3009,1.0814790020546143,0.5863387339667041
alpaca_3018,-0.6914994810724053,0.7855333078649598
alpaca_3019,5.60931878004914,0.5429768750992922
alpaca_3033,-2.9987268509935894,0.6048386024104839
alpaca_3046,-1.8463373458942987,0.9711937180772382
alpaca_3047,-0.6864299128132538,0.501447856153061
alpaca_3053,-6.162319115808682,0.9528443688390945
alpaca_3060,7.347234241179341,0.8244542974356313
alpaca_3077,3.0204607291569894,0.5611582665385174
alpaca_3079,1.7556737871458983,0.987791319688269
alpaca_3091,-7.423505473068474,0.7599701418148067
alpaca_3092,-6.644827314478218,0.6632074641283595
alpaca_3094,-10.0,0.9997481363861774
alpaca_3106,-10.0,0.9999893466454461
alpaca_3112,-4.346608147649519,0.8440056837077591
alpaca_3117,10.0,0.999999984495321
alpaca_3118,6.284534389814175,0.8169501154813306
alpaca_3122,-3.5599578169111834,0.6494518173628852
alpaca_3129,0.2766758308791382,0.7690520564081345
alpaca_3132,-2.6567724971467994,0.9044248587825301
alpaca_3133,4.368568384300232,0.6264271541911652
alpaca_3136,2.0205355839080394,0.9795589115604109
alpaca_3139,-2.3408607116958122,0.9280657143757539
alpaca_3146,0.5255636719900532,0.5519491746144621
alpaca_3151,6.316250869734275,0.49467258602505204
alpaca_3157,2.5578525535188668,0.9992190845358861
alpaca_3160,-5.5736416589180555,0.9948013163731206
alpaca_3162,-6.472823720771466,0.9235861160994424
alpaca_3172,-4.625013824383821,0.6026579597427053
alpaca_3182,2.184202177371376,0.9702699109222956
alpaca_3187,-7.481528778334151,0.5548688283049656
alpaca_3193,-10.0,1.0
alpaca_3194,10.0,0.9929339199636463
alpaca_3213,-10.0,0.9999931952241627
alpaca_3218,1.1110093782851598,0.9783941957689326
alpaca_3224,-0.014115097681632945,0.8648859346376274
alpaca_3230,-4.8468676134214475,0.9801758941661565
alpaca_3236,-6.70335686098282,0.9027527435090822
alpaca_3249,-1.6370010556817616,0.9880579744031684
alpaca_3262,3.0259375484947135,0.9804985894527309
alpaca_3269,-10.0,0.9999999789462801
alpaca_3270,-2.7335700886657763,0.9550582017087703
alpaca_3281,-3.0378582061050508,0.5386548936996096
alpaca_3293,-10.0,0.9999989914429135
alpaca_3295,10.0,0.9667279395665501
alpaca_3298,1.7562694386866886,0.8477957457270715
alpaca_3299,-1.2699219070634324,0.713464135892727
alpaca_3300,4.2064101356390475,0.9881724111311175
alpaca_3312,1.5204621144777692,0.7119850713968248
alpaca_3321,-5.579016148653734,0.9939904927149142
alpaca_3325,-5.423105722303137,0.994371675373214
alpaca_3334,5.118031313327532,0.9957718757272468
alpaca_3336,2.8556622740187656,0.9468367580511335
alpaca_3339,-5.756053022592183,0.763941611409729
alpaca_3347,7.4740571846383865,0.813280804909868
alpaca_3349,2.4967516541955055,0.9785076140547514
alpaca_3369,0.38405218649004724,0.8057346116823263
alpaca_3384,-2.4330446473078142,0.7624073068856916
alpaca_3392,0.6556421582748674,0.717921890438055
alpaca_3397,10.0,0.9283703068401479
alpaca_3398,3.010389627680653,0.9516036056784223
alpaca_3406,-1.408334128703737,0.6301120121825895
alpaca_3420,-2.325816516712574,0.9304671882845513
alpaca_3421,5.3689482123207215,0.5170297454121855
alpaca_3428,-5.9091409173588705,0.7354396003262224
alpaca_3439,3.490333461587421,0.9999542829621391
alpaca_3446,-2.937937603164919,0.6682245118023579
alpaca_3451,-2.3308937243184222,0.9854798227831064
alpaca_3468,-7.581083007453061,0.713406426778084
alpaca_3474,-1.2066905296028458,0.9739660283474488
alpaca_3479,-3.9849080223332027,0.7060237952246049
alpaca_3480,-10.0,1.0
alpaca_3482,-6.324727617327612,0.8795121886977668
alpaca_3486,2.5923311045660435,0.9945370214592598
alpaca_3488,2.6038866397842177,0.9753968938531986
alpaca_3492,10.0,0.9100962590802879
alpaca_3494,0.9235812362365883,0.9031588295902844
alpaca_3500,-4.489598520546223,0.7997648239505686
alpaca_3512,2.402843613064851,0.9975015376822215
alpaca_3518,-0.07409975927950588,0.6872419041761331
alpaca_3541,4.562701216905081,0.6383001317163354
alpaca_3545,-3.563425299538639,0.9084003511437654
alpaca_3554,10.0,0.9974251449129375
alpaca_3567,-2.701905522609082,0.5582764033086747
alpaca_3579,0.39858418747874746,0.9932571773263608
alpaca_3587,5.223807119454344,0.9898910113260354
alpaca_3615,-4.712797231530231,0.6351427279175426
alpaca_3623,-2.674574136638357,0.9809825693814012
alpaca_3640,2.7327458689918886,0.9484309331326585
alpaca_3650,3.9086453720984125,0.6976569643154302
alpaca_3656,0.6040579825468777,0.716630343929546
alpaca_3665,-10.0,1.0
alpaca_3670,-2.2427909026546278,0.6258274181827305
alpaca_3673,6.279290385818384,0.9550341655661063
alpaca_3677,-5.392680176650864,0.9926862880801206
alpaca_3694,-5.41037287344909,0.992828883067458
alpaca_3695,1.3379417825533257,0.8237563578202728
alpaca_3697,4.698912744025865,0.5139948681138018
alpaca_3700,-0.8112546116607454,0.803149551317088
alpaca_3707,0.9712951498662385,0.5857081023965306
alpaca_3710,-0.30415656103367195,0.9753063623422986
alpaca_3712,-2.0307688937595,0.7632291033415658
alpaca_3713,-1.8160556202626956,0.5870697044582612
alpaca_3742,-4.640565401673525,0.9752117169574652
alpaca_3751,-4.3784794090371655,0.8303409093910438
alpaca_3752,-5.4061250873211195,0.9928197687974749
alpaca_3754,-3.3207591061792416,0.9150550932192458
alpaca_3766,3.082521027326349,0.6775959528528316
alpaca_3782,-2.5539373837291643,0.9999945942871447
alpaca_3789,-2.4684178587356884,0.7379739375696204
alpaca_3800,10.0,0.9660114787398217
alpaca_3804,4.992804698212141,0.993461345811364
alpaca_3833,-0.13812263648185627,0.983925976349187
alpaca_3842,-10.0,0.9999999219475033
alpaca_3844,-4.500529195082895,0.7845197536853936
alpaca_3846,0.6572389021930902,0.9863754950435866
alpaca_3849,10.0,0.7934024559229347
alpaca_3854,-2.2117481121922475,0.6492995707911385
alpaca_3881,-2.648338176620416,0.9999963244555062
alpaca_3888,0.6933809905743895,0.9990445279733047
alpaca_3893,4.809105566959291,0.7901699267674546
alpaca_3898,0.5335414360276359,0.9860993043527353
alpaca_3915,-10.0,0.9999788339485998
alpaca_3917,-2.992156949716982,0.9677456669825675
alpaca_3924,-0.7065730003867523,0.7083360766809609
alpaca_3925,-6.671274478148867,0.8614228973365402
alpaca_3927,3.7743933424918352,0.8881264330059855
alpaca_3931,10.0,1.0
alpaca_3943,-0.5367121321971142,0.9243434341649848
alpaca_3953,-3.7548426194864315,0.7878911004317194
alpaca_3959,-1.8788436279669096,0.9855930302194951
alpaca_3965,-2.589741672344552,0.9813715028141231
alpaca_3972,5.360200903197639,0.9934070672932745
alpaca_3975,-10.0,1.0
alpaca_3978,2.729096262119107,0.973444383000317
alpaca_3981,-4.267701237228753,0.9808741720793119
alpaca_3982,6.930392588740255,0.5606269851792195
alpaca_3992,-4.181189298318759,0.641681319483619
alpaca_3996,2.95497733135253,0.9247147924173196
alpaca_3997,10.0,1.0000000002910159
alpaca_3998,2.15857572553,0.984057584771512
alpaca_4007,-6.763738488630751,0.8976119259636346
alpaca_4008,-5.367918389364701,0.7684902411723498
alpaca_4010,-0.5742867235351923,0.49603955863996124
alpaca_4013,-5.404890762399241,0.9866953336512395
alpaca_4020,1.4853735120773737,0.9808324623515726
alpaca_4031,4.958500583829163,0.9971609089229183
alpaca_4035,-5.666913495697945,0.9574021187117226
alpaca_4040,-3.557376489807718,0.8487764260497846
alpaca_4060,-6.8269090118642275,0.8750276291403514
alpaca_4077,2.55383507203799,0.9999968989880293
alpaca_4090,-5.246005886046807,0.9949618986827272
alpaca_4095,-0.7014378051919026,0.8874691989388735
alpaca_4097,-10.0,0.9877475900290881
alpaca_4100,-5.354217923139256,0.9930709606618334
alpaca_4105,-10.0,0.9998388893222291
alpaca_4120,4.816773925001049,0.6678464245174408
alpaca_4130,-7.140362872353077,0.6243611103606052
alpaca_4135,-10.0,0.9154975638547584
alpaca_4141,-5.7874774355709375,0.5996591240780595
alpaca_4143,6.035481065591894,0.9628085190679068
alpaca_4152,-0.9797133000321078,0.5946886906023439
alpaca_4154,3.985294248682307,0.9962218876283286
alpaca_4168,-5.8107601920990515,0.9652199137984496
alpaca_4198,-2.6286721026876236,0.9981975598130992
alpaca_4223,0.18200248049315695,0.955423230170758
alpaca_4227,-0.9958556668032377,0.9037197564517562
alpaca_4230,1.7530859804996026,0.7949322847735923
alpaca_4240,4.1004863025723015,0.7751796426892522
alpaca_4248,2.6334186272895117,0.9985537985432879
alpaca_4250,-1.4020065871794984,0.8494497160097554
alpaca_4265,-10.0,0.9930920847142074
alpaca_4276,-6.656216437352149,0.8892479161081268
alpaca_4283,-10.0,0.9911991905487065
alpaca_4306,-0.5171323416567781,0.4925903588608389
alpaca_4312,-4.571590719904414,0.6614919106763603
alpaca_4338,-3.843609167832711,0.8840949282691927
alpaca_4343,-7.669966475383076,1.000000287710182
alpaca_4348,-1.8405572388908247,0.9648260891418534
alpaca_4349,7.447026330988713,0.49819876170553257
alpaca_4359,-10.0,1.000026330270985
alpaca_4372,-2.4455402220511195,0.9085805837360993
alpaca_4382,5.86479802620118,0.8355466231459776
alpaca_4387,5.065737789638865,0.9483700828710481
alpaca_4394,-3.2257186139523104,0.8951224742920078
alpaca_4402,-0.9782722267445342,0.894236255425565
alpaca_4409,-6.524607486218646,0.9282524014870939
alpaca_4413,-6.242032956590521,0.9136768538916915
alpaca_4416,-0.4722967850050358,0.5102415348477466
alpaca_4427,5.97994617690206,0.9561833309586398
alpaca_4428,3.5479964577528507,0.9554651959443755
alpaca_4429,-7.672578294301854,1.000000275756801
alpaca_4434,-5.462885235578706,0.9720295181269337
alpaca_4446,-1.4452360907226742,0.6640704959738842
alpaca_4457,-10.0,1.0
alpaca_4462,-7.843282773365088,0.7485032072552189
alpaca_4471,-6.62029149089651,0.8950292456700009
alpaca_4472,-6.53541041492072,0.9186144647769373
alpaca_4473,-5.264671456083888,0.7768748130452628
alpaca_4474,-5.415306338171426,0.993082028310823
alpaca_4483,1.3790040202767448,0.7759969563274451
alpaca_4493,-10.0,0.8570762614946065
alpaca_4496,-4.395733017922829,0.5863889605119355
alpaca_4498,7.17619179481545,0.8466873463392883
alpaca_4506,1.7072760348470952,0.9877621644992259
alpaca_4513,-6.956138772727818,0.6687934845565117
alpaca_4526,-5.937092914441039,0.953360958460484
alpaca_4528,2.6704849017391847,0.5293185604376693
alpaca_4532,-5.903161013067817,0.9697488069036377
alpaca_4539,3.9258772818756587,0.8864708868386215
alpaca_4561,10.0,0.9989573859827164
alpaca_4568,-6.105592707185611,0.9155955734158601
alpaca_4570,3.291650596699817,0.7706356313431477
alpaca_4584,2.2149092705308124,0.8840496407763123
alpaca_4589,-7.498539122377532,0.8073415161141084
alpaca_4597,-5.35302581606404,0.9667268032919316
alpaca_4600,10.0,1.0
alpaca_4605,5.527145676741523,0.9480997279129865
alpaca_4606,-6.6150844942032965,0.6732579735909118
alpaca_4607,-5.576572634569992,0.9953120321633844
alpaca_4615,3.9627479993569725,0.7817453592950713
alpaca_4618,-3.525305667592768,0.9912509175435018
alpaca_4626,-0.4368299553655061,0.6307662633285697
alpaca_4634,-1.4718791635446484,0.7998068673269795
alpaca_4635,5.438855965366928,0.9927582944846599
alpaca_4636,-6.504825181135397,0.9605994826705891
alpaca_4637,5.352159060278561,0.993098963587065
alpaca_4638,-1.1205176810570197,0.8814340792677723
alpaca_4640,4.172059699390082,0.5698337249466302
alpaca_4641,-1.1815801601267872,0.9917534598540525
alpaca_4657,-0.17965009285599448,0.9090686251936339
alpaca_4658,-10.0,0.9960269292703925
alpaca_4660,-0.9293199185401857,0.9729411008920317
alpaca_4661,-4.049916490745333,0.998689071495801
alpaca_4679,2.1351953723742807,0.9836551147209118
alpaca_4680,-2.9683290693387288,0.9244976403560254
alpaca_4684,2.6770650236679385,0.6642653366685614
alpaca_4688,3.3143844388422266,0.9926502171983546
alpaca_4691,7.66178922411428,1.0
alpaca_4698,-7.682372151253815,0.9999698521252514
alpaca_4703,8.430443424869365,0.6392166697203095
alpaca_4707,-0.6802217014853504,0.9912693648234214
alpaca_4718,-7.11188350419972,0.8560302245036399
alpaca_4737,3.364552469575663,0.7793009889030739
alpaca_4756,-1.2910080352773954,0.7108284813685124
alpaca_4761,0.6983186996430737,0.992678815013128
alpaca_4778,-5.533184026364565,0.7754077432413993
alpaca_4782,0.6860664971252863,0.9116082166342132
alpaca_4797,3.5644439674016213,0.5189237091280213
alpaca_4803,-10.0,0.9999028257780382
alpaca_4807,6.238550368651792,0.4470961318914624
alpaca_4814,-7.749626101563478,0.5343016642584169
alpaca_4820,5.352195632316971,0.9930898388017367
alpaca_4827,2.666618003960461,0.8921837905992578
alpaca_4841,-6.377350642827063,0.858988137114927
alpaca_4847,-2.0581761061841477,0.9681011599555607
alpaca_4874,-0.46860648833251006,0.8734646827373199
alpaca_4883,-7.563405880669591,0.6985833290646694
alpaca_4885,0.5228887431340158,0.9784236070564973
alpaca_4888,4.492077072477484,0.7636591987105923
alpaca_4898,-10.0,0.9953103886186152
alpaca_4901,10.0,0.9999997161356937
alpaca_4905,-7.989360814449872,0.7363026926470988
alpaca_4923,-6.232004676853575,0.9134945785305406
alpaca_4924,-5.039980450714771,0.8734104223187935
alpaca_4931,-0.6376634694821935,0.8099217202338352
alpaca_4937,-5.0025867504151,0.8117188613897116
alpaca_4944,10.0,1.0000000005357026
alpaca_4945,5.941161298407308,0.9681473738364836
alpaca_4957,-5.646159039716502,0.9540502465287941
alpaca_4964,0.5731397012846434,0.6670774789110984
alpaca_4965,-0.14117165601199116,0.8216323837831214
alpaca_4966,-5.467258089881343,0.7279805592489248
alpaca_4967,4.505605593913372,0.9861533387133565
alpaca_4989,-2.0812776643928825,0.9540138674628332
alpaca_4995,-0.07715952299901023,0.5151317620311028
alpaca_5004,8.612475527317908,0.6061285729774258
alpaca_5010,-5.286362281288039,0.8113955176484788
alpaca_5012,-3.438988724531466,0.7366861077548492
alpaca_5022,-3.5653319713369993,0.7099510450046802
alpaca_5038,-3.7218686446324627,0.8262889612206752
alpaca_5049,-3.4617941219670376,0.7804217677810882
alpaca_5057,1.598462050293944,0.9879538928783117
alpaca_5066,0.06335537431154527,0.6385573051813056
alpaca_5069,2.8075354769013092,0.9937131277706015
alpaca_5073,-2.5312586516598694,0.7485253857918976
alpaca_5075,-5.820852906298197,0.9386723808600975
alpaca_5089,10.0,1.0
alpaca_5102,4.78126559780579,0.8251299552874584
alpaca_5111,-2.553877001694015,0.9999981228143846
alpaca_5114,-4.555043103895753,0.5658001954218905
alpaca_5128,7.534916611554007,0.7757757763700532
alpaca_5136,10.0,0.999992330814529
alpaca_5137,0.4941248747594318,0.9990252056926155
alpaca_5143,-0.47555283283926975,0.991479620708141
alpaca_5155,-1.0117021025212605,0.7635764726897315
alpaca_5162,-8.880141919457087,0.5527391942538906
alpaca_5163,-10.0,0.961548263807659
alpaca_5168,-2.487614871154777,0.999505618991033
alpaca_5183,3.9931786309729453,0.821386882468369
alpaca_5187,5.287833799822476,0.9765132094534051
alpaca_5198,7.141376676878172,0.8135553515701748
alpaca_5202,-7.38602053071942,0.8190154925504218
alpaca_5204,1.252772966692537,0.8681749437761234
alpaca_5207,-7.939145479141062,0.7325494764221094
alpaca_5210,2.845517163188156,0.9353932043093683
alpaca_5220,1.555048579816376,0.6385964922653462
alpaca_5222,1.7191918993888744,0.9943975087897483
alpaca_5228,0.3177840517594435,0.5035550413513867
alpaca_5232,6.633744646547988,0.8636475679390974
alpaca_5237,-0.022850190042146817,0.9848335825093055
alpaca_5241,-10.0,0.9930840361044453
alpaca_5243,-1.1720616897456777,0.8097214839046677
alpaca_5244,5.353760405432264,0.9931113956729186
alpaca_5249,-10.0,0.9777499014222611
alpaca_5251,-10.0,0.9166638315604604
alpaca_5253,6.853665462323795,0.8755327602825694
alpaca_5254,6.416752150588565,0.9314480601839906
alpaca_5260,-1.8284671571656406,0.571275038632352
alpaca_5276,-2.2484746740129085,0.9009460468653152
alpaca_5284,5.912228443344126,0.9698474949391117
alpaca_5302,-4.175721884897644,0.6395278599977353
alpaca_5303,-6.765384768124078,0.6464788279040405
alpaca_5308,0.3702014392499131,0.877758089131184
alpaca_5319,3.7118792430183065,0.9786504518710689
alpaca_5337,-7.848386387708406,0.759362282297969
alpaca_5345,-1.9334851895806424,0.9897977782503617
alpaca_5348,2.962823576417331,0.752035653344004
alpaca_5351,5.421975695828165,0.7734335559407904
alpaca_5365,-2.6519589651269353,0.9999857580399195
alpaca_5368,10.0,0.9998420709334029
alpaca_5369,1.6526725376974996,0.6208714250134995
alpaca_5372,10.0,0.8766486618550863
alpaca_5375,-5.933697314620408,0.9426656916389569
alpaca_5380,-2.9120459064943662,0.9506168076169924
alpaca_5381,-3.263117938358416,0.9991054935850316
alpaca_5388,-5.916734456822342,0.9702933611545451
alpaca_5392,10.0,1.0
alpaca_5402,-6.1045222117438955,0.7164829572735301
alpaca_5415,-7.537873567255444,0.7100577253977836
alpaca_5421,-1.0744893544691019,0.9574623030624577
alpaca_5423,-2.183645097823037,0.48578374309415967
alpaca_5424,-2.5538547110753904,0.9999988941293453
alpaca_5425,-1.843265462071038,0.9845792050519045
alpaca_5426,-3.6538235312676384,0.8192829075733077
alpaca_5433,-4.832031300407189,0.5277874869002644
alpaca_5450,-3.0490432422954252,0.7098685789031046
alpaca_5453,4.155453198701927,0.7976329893636381
alpaca_5456,-1.6432603735911873,0.998881415602213
alpaca_5478,2.7446171499287857,0.9074340268792009
alpaca_5479,0.6665721128522992,0.8915924702277345
alpaca_5481,-7.284565998027098,0.836501596381746
alpaca_5493,10.0,0.9999995089048861
alpaca_5501,-3.643230923431217,0.9998497748729274
alpaca_5506,3.5062058417607176,0.7436204173515866
alpaca_5530,1.671484371166074,0.9931133864341584
alpaca_5531,-5.190631306004677,0.7117617875000244
alpaca_5535,2.7099651111533993,0.5387967485593972
alpaca_5543,-4.308666342480507,0.8184651000062357
alpaca_5544,-3.0521670618647785,0.7697711553047711
alpaca_5550,5.207074979274729,0.9784568082912657
alpaca_5551,-3.490462431538146,0.8308557087698517
alpaca_5553,-2.553802146398764,0.9999953367644319
alpaca_5563,10.0,0.999997391426251
alpaca_5567,-3.993317737720592,0.9287212000940667
alpaca_5594,-7.21337871105895,0.8260066123930799
alpaca_5601,4.187423772025001,0.5747889954792642
alpaca_5606,1.6752135187884767,0.8454615675925016
alpaca_5612,-1.1982987291214882,0.8210390668718239
alpaca_5614,-3.0931550859718215,0.8677342196626834
alpaca_5615,10.0,0.999620206168707
alpaca_5616,1.112324166206926,0.7999946618487351
alpaca_5619,-6.8645342090432635,0.6415099526775936
alpaca_5630,-0.3219066346384485,0.7179681423578333
alpaca_5642,-3.856879619651878,0.9666761260141851
alpaca_5644,7.793963237641268,0.8369087375226848
alpaca_5648,5.538120399232554,0.9950336051396511
alpaca_5650,-10.0,0.9999099720573084
alpaca_5689,-0.9082288118082862,0.8325003300717382
alpaca_5699,10.0,1.0
alpaca_5700,-10.0,0.9796947564219588
alpaca_5701,3.3673085823113387,0.8969757543600699
alpaca_5705,-2.9280966803387516,0.9796718965778436
alpaca_5707,-2.554052152958894,0.9999963963696799
alpaca_5712,6.1677453884011495,0.9186861926224675
alpaca_5714,8.257492359545916,0.5732970331975057
alpaca_5718,-6.2838262801100475,0.6882528025768709
alpaca_5723,0.9168079332620135,0.8675102469016625
alpaca_5724,2.5538878387675332,0.9999979064712492
alpaca_5728,5.9287408314692245,0.9786921789579571
alpaca_5741,-4.833391515939724,0.8182403761654989
alpaca_5760,2.5538527760739878,0.9999983768923276
alpaca_5764,-3.1195351281382875,0.9864620075302084
alpaca_5771,-4.808913639612227,0.8022054995111663
alpaca_5773,-10.0,0.9656078659381908
alpaca_5781,-3.4724635186344064,0.7485263528337074
alpaca_5801,4.442026676886817,0.9977365102576563
alpaca_5811,1.6305578363147548,0.9539183880507982
alpaca_5816,-7.342019529751265,0.8181864031705578
alpaca_5821,-2.078290951051612,0.5064485870060834
alpaca_5825,6.2106812417271025,0.603416566690799
alpaca_5826,-5.489750378549663,0.9739444333943693
alpaca_5829,-7.6614025620559865,0.7792291399391816
alpaca_5840,-10.0,0.8514973973014467
alpaca_5855,-3.6422849675721714,0.9334486087280846
alpaca_5859,-5.8325848621158825,0.8363834940216889
alpaca_5860,-10.0,0.9999996858795078
alpaca_5866,10.0,0.9762787214988469
alpaca_5867,-5.396292602079397,0.9927001653766386
alpaca_5868,-7.364990879535083,0.8525829269703448
alpaca_5872,-4.7369188677740866,0.5584880614235969
alpaca_5876,-2.0609715905165324,0.9850917608813693
alpaca_5884,-2.70146036193044,0.7483473955784505
alpaca_5900,10.0,1.0000005000767502
alpaca_5901,-2.99926814523783,0.8836743211412122
alpaca_5902,-10.0,1.0
alpaca_5910,1.2661719917144294,0.9924612698609526
alpaca_5917,2.5538019915824983,0.9999950466376003
alpaca_5925,9.274108192741627,0.5141071961149359
alpaca_5934,-3.6759651572433034,0.9449868061946582
alpaca_5936,2.1598537360269936,0.8697946201078861
alpaca_5945,-7.000815641253149,0.9143117766264401
alpaca_5946,5.3521612960827945,0.9930985506812533
alpaca_5950,5.356655169019824,0.9929686850280502
alpaca_5952,6.928699401704379,0.8818436334323732
alpaca_5953,-3.696136519682768,0.8743038905718749
alpaca_5958,-10.0,0.9999990055141434
alpaca_5961,-3.1892386214511057,0.9422835624488556
alpaca_5965,5.5015400340496114,0.9919035209283115
alpaca_5974,7.7432308398307805,0.7477556856849215
alpaca_5976,-10.0,0.9923496504287843
alpaca_5983,-4.482771172824465,0.8765622287648902
alpaca_5988,-1.2516592276891072,0.8791222896757489
alpaca_5989,10.0,1.0
alpaca_6000,10.0,0.9999974924166637
alpaca_6009,-10.0,0.8553962668022106
alpaca_6017,2.6463158865101275,0.9392339891603373
alpaca_6019,-3.0587218405590058,0.7417046271089867
alpaca_6020,-0.7002147261135956,0.5673592702145556
alpaca_6026,10.0,0.9524793466676893
alpaca_6028,1.7690888780351837,0.9991945528198027
alpaca_6032,3.251457196378488,0.7225056895955775
alpaca_6034,-1.1899742868660386,0.6003592673977082
alpaca_6035,-2.5260787619782086,0.9041718522192819
alpaca_6047,10.0,1.0
alpaca_6057,-2.0461455940155724,0.8706208909618309
alpaca_6058,-6.877474091664194,0.5232816310165895
alpaca_6064,-6.768166807312442,0.8722786246120372
alpaca_6065,6.297206596267412,0.9060915677392353
alpaca_6084,-3.6336138919438725,0.8726308099735132
alpaca_6086,-10.0,0.9759295632708914
alpaca_6091,-3.764659414259007,0.9054659844696293
alpaca_6095,1.5994506755380875,0.674839899225811
alpaca_6101,-0.7927456267342503,0.826202784794368
alpaca_6104,10.0,0.9999960670795571
alpaca_6109,-2.2510479318893455,0.8525746226018848
alpaca_6118,2.2339443422290475,0.9915822937011738
alpaca_6119,-4.8838059284551205,0.8225113010035335
alpaca_6124,-2.975799006641606,0.472350259719352
alpaca_6126,1.2208776856013441,0.9379420641415683
alpaca_6143,3.4998231733564404,0.7848321105258541
alpaca_6146,-4.5839704912982135,0.9560940656688335
alpaca_6161,7.309148575925814,0.8326116316358325
alpaca_6162,4.381991636901072,0.8388002476185158
alpaca_6163,-6.229989506615603,0.6857920712190156
alpaca_6164,-3.7653392251728985,0.840568902487214
alpaca_6174,-3.2419934800077526,0.6770408966127414
alpaca_6181,3.6486380291872043,0.9227055199536892
alpaca_6185,-5.819110200273983,0.9939530085636644
alpaca_6189,4.55725116577952,2.3905449618205474
alpaca_6191,0.680640204605025,0.5866493730744599
alpaca_6194,-3.625374402084645,0.7889393225096244
alpaca_6200,0.23709834397083296,0.8073954076372492
alpaca_6204,-0.9611583357444434,0.9243810225645225
alpaca_6222,2.7788510426288457,0.8760650648550018
alpaca_6223,-2.608512892334998,0.9999948866981541
alpaca_6225,-10.0,0.9986086815733597
alpaca_6227,-3.6998451063487705,0.627628058780753
alpaca_6229,2.0027639772199652,0.5342374599065439
alpaca_6233,-3.9517932180821616,0.5483299629038652
alpaca_6241,-3.6360727375267463,0.6620208954959288
alpaca_6242,5.358656725492038,0.7617681810427309
alpaca_6248,-0.3216185126871071,0.9791501652834871
alpaca_6249,4.37508344940422,0.9259299173709
alpaca_6255,2.6410522517058435,0.5282163251890675
alpaca_6258,-6.253408399834003,0.9026106988962362
alpaca_6264,-4.240994374659794,0.8506979737551875
alpaca_6270,-2.790496968844124,0.6019650384484455
alpaca_6281,10.0,0.9808512219912567
alpaca_6285,-6.638267131440101,0.6703012735766982
alpaca_6289,-0.6119895914994193,0.8494588257548507
alpaca_6294,-7.994043732879232,0.9902890759522864
alpaca_6298,-1.4218313401257077,0.932940410943713
alpaca_6310,-1.5587933803599408,0.9663610407714815
alpaca_6319,-1.3420197579336992,0.9941215682723042
alpaca_6322,-1.8210671496594613,0.997926254357459
alpaca_6328,0.2086749565271076,0.993125319083119
alpaca_6367,1.2956493155069186,0.6757923725146003
alpaca_6368,-5.995537189448405,0.9551780323009385
alpaca_6370,-4.755826795260087,0.5231205953719167
alpaca_6374,0.27950837071937074,0.998715621435598
alpaca_6375,-10.0,1.0000001223738175
alpaca_6377,1.320229685453765,0.9906832662871405
alpaca_6381,6.710182338267492,0.6489555699505368
alpaca_6384,6.9568576362163554,0.8714553123158483
alpaca_6385,-6.727303931805724,0.8354215548451487
alpaca_6386,-10.0,0.9599971546320966
alpaca_6387,-7.058433378512276,0.8608667808509356
alpaca_6396,-10.0,1.0000007049674038
alpaca_6401,-1.837138656611435,0.9225041368131323
alpaca_6402,3.068659148193454,0.5650542421926142
alpaca_6405,-6.327833987043718,0.9102924452575257
alpaca_6414,-2.554010399675473,0.9999950337690675
alpaca_6423,5.7811357426953105,0.962311961553858
alpaca_6424,4.577496356924126,0.9987584202159971
alpaca_6425,0.9007602427157148,0.9013691024462208
alpaca_6436,5.537585500419123,0.6972893220412616
alpaca_6440,2.5538502552140314,0.9999948950603025
alpaca_6441,4.526792202250323,0.8412999574236485
alpaca_6454,1.6647207225321565,0.9755306828477629
alpaca_6461,-1.1766175791690008,0.6884802639623542
alpaca_6463,-1.18572372894044,0.5202437585568391
alpaca_6471,3.4629353811761994,0.9054024777904801
alpaca_6475,-5.882119193922508,0.9663882448263674
alpaca_6482,0.8452191666907444,0.43846391973995563
alpaca_6483,6.084861778123852,0.9599346115394491
alpaca_6493,-4.474183989204197,0.8448049706929126
alpaca_6498,-2.544420972759662,0.7736760270303135
alpaca_6510,-2.3534546934276674,0.9972129968638849
alpaca_6520,10.0,0.9816541461682143
alpaca_6521,3.80081227996492,0.5491236768112716
alpaca_6530,-10.0,0.9977550457988394
alpaca_6535,-6.137071363362423,0.9261548582490243
alpaca_6544,10.0,1.0
alpaca_6547,1.414131105269338,0.7603386418817234
alpaca_6548,-1.8175930736085655,0.7177078650170807
alpaca_6558,5.443744733168441,0.993041332169708
alpaca_6569,-3.1307616330778374,0.5960105100986794
alpaca_6577,2.227741629318875,0.47805888162974586
alpaca_6584,-10.0,0.9988956779534515
alpaca_6585,-10.0,1.0000003940696616
alpaca_6591,-5.7219904300415525,0.6579847254270363
alpaca_6595,6.205190232518117,0.9466658131840137
alpaca_6604,1.1981420247071828,0.8973538305511342
alpaca_6607,10.0,1.0
alpaca_6625,-0.3416387266309912,0.6903101823017358
alpaca_6626,-3.9575344625663846,0.7393659681903678
alpaca_6628,1.2092028986852883,0.9261838852724661
alpaca_6637,-4.760928653644408,0.9796710869800465
alpaca_6640,2.4765367234921376,0.9604076487773685
alpaca_6643,-5.619929280874738,0.7626784305198063
alpaca_6646,-5.226818247944341,0.5582997322612987
alpaca_6656,0.7873158002227202,0.8923786775250344
alpaca_6663,-1.377227857302254,0.9600022803398922
alpaca_6666,-3.1671804823550143,0.5522443487441128
alpaca_6671,-5.352180389176902,0.9930979394170464
alpaca_6682,4.473303921536437,0.9686302737688776
alpaca_6684,-6.719478514370229,0.835188917998323
alpaca_6686,-5.458359230800504,0.8793375029240866
alpaca_6692,-2.818970582248946,0.9674968416270516
alpaca_6694,5.248814157586992,0.99452505681973
alpaca_6709,-2.990689666214297,0.9997283066417014
alpaca_6711,-10.0,1.0000006624203657
alpaca_6712,-3.636221326369364,0.9030599165268481
alpaca_6716,-6.045637031124034,0.9486700648587629
alpaca_6717,1.292122501958198,0.9870305371328548
alpaca_6732,6.853710619690484,0.910068522698103
alpaca_6733,-2.5538290501152887,0.9999965452395762
alpaca_6734,0.2698167871148229,0.9737868966392546
alpaca_6744,-0.9313926980668634,0.9089919878193728
alpaca_6747,7.5740248407213615,0.7110651231052962
alpaca_6750,-7.967692941818134,0.9909742304073403
alpaca_6752,-5.410857929274063,0.9858786283709425
alpaca_6756,-2.928906936083127,0.8756964724092766
alpaca_6759,-1.94249439631989,0.9069352821354575
alpaca_6772,-9.475854361517515,0.9791719395149188
alpaca_6776,-7.477777802651612,0.7463003007454891
alpaca_6791,2.392046298322537,0.9942427264032534
alpaca_6792,1.0391834285922261,0.7803550980456557
alpaca_6798,-10.0,0.9999962626807675
alpaca_6806,-6.0835889400788306,0.9527927147285227
alpaca_6822,0.12471343990078501,0.5516917066545164
alpaca_6826,1.2741697821781797,0.9875536477952152
alpaca_6830,-1.2905274002854275,0.7710728559307555
alpaca_6831,-6.038086039818475,0.5681029252220788
alpaca_6850,-1.5002517100985016,0.8795795151797057
alpaca_6854,-6.405836969894521,0.6684536674863282
alpaca_6856,10.0,0.7691481247073145
alpaca_6866,3.5060010579817735,0.7999904549654151
alpaca_6874,-5.355477948026127,0.992917176390338
alpaca_6882,-5.825447408120367,0.9638083489789213
alpaca_6883,-10.0,0.9999950321473791
alpaca_6885,8.372241331104858,0.4711192360994107
alpaca_6888,5.730573742442531,0.9865454140644219
alpaca_6890,-1.131849336573464,0.8980842164858387
alpaca_6894,3.0050118248626867,0.8932300190333393
alpaca_6895,-2.4030279563162242,0.9807752479552554
alpaca_6899,5.441515721835623,0.9908856503012382
alpaca_6907,-2.1614798817208394,0.9874413114326374
alpaca_6915,-10.0,0.9982050356243516
alpaca_6929,5.4508852115864,0.991290261773359
alpaca_6937,-10.0,0.9821515639374282
alpaca_6948,-10.0,0.9955827734492143
alpaca_6952,6.072708383291265,0.9615604784526873
alpaca_6975,2.805977102606098,0.8694460223262035
alpaca_6987,-4.975309973430124,0.9985387444530114
alpaca_6995,-10.0,1.0000006715634167
alpaca_6996,9.378810413621252,0.731638835482749
alpaca_7002,-5.698561293815471,0.7965880834380258
alpaca_7006,-2.5548562739183147,0.9999950382338832
alpaca_7007,6.845680317885723,0.49613307428988945
alpaca_7017,2.853516807618749,0.6936432017221897
alpaca_7030,-1.283009096256889,0.711100979127413
alpaca_7038,-1.3824152824875557,0.9280397479049924
alpaca_7044,-0.5289800805361174,0.905015274271532
alpaca_7045,-0.07587613875047224,0.9892503176778971
alpaca_7049,-7.74389656136277,0.9974001911944159
alpaca_7054,-0.31610503411723195,0.6871525047706419
alpaca_7057,-2.049771256198701,0.9233653141746655
alpaca_7070,-4.092544861022162,0.8854689349807876
alpaca_7071,-0.24399645868856937,0.7234305751660912
alpaca_7076,10.0,0.9930988040718346
alpaca_7079,2.051804333641757,0.9867517893544253
alpaca_7080,-1.4438801154164211,0.6145757410377878
alpaca_7082,-10.0,0.9999999999996737
alpaca_7084,-5.403768586385903,0.9898064991440659
alpaca_7092,-0.4691636866617441,0.7762293463441752
alpaca_7100,7.267860109067001,0.6480979749482881
alpaca_7103,-5.392309554580005,0.9927109081018403
alpaca_7120,2.5537726498408566,0.9999949854346001
alpaca_7125,-4.308564719370851,0.8839891707594749
alpaca_7132,-6.743550583379343,0.6573295554474579
alpaca_7145,-2.4743619172887983,0.9096601534838558
alpaca_7153,-4.330839106226422,0.8392726673574349
alpaca_7167,6.471293416452221,0.92881723562777
alpaca_7174,-10.0,0.9929874824046437
alpaca_7184,-0.22054766660744787,0.9577755997276233
alpaca_7193,-0.21763150721002017,0.9853481254000789
alpaca_7196,7.124621929022664,0.6519381874445498
alpaca_7214,-3.2552042214101222,0.9874557042969996
alpaca_7233,1.470925768827529,0.9697369209515155
alpaca_7239,-8.8337227499193,0.5723351958278227
alpaca_7253,10.0,0.9930628335736537
alpaca_7260,-0.8163813129151158,1.0176684187365235
alpaca_7263,-2.377673480005336,0.545161037723779
alpaca_7265,-5.6000682567611255,0.9933222619583251
alpaca_7266,1.9027071316536959,0.47697328746208656
alpaca_7267,1.728585558663304,0.9348939679123948
alpaca_7273,-2.473300606820098,0.9982522981753343
alpaca_7279,5.910639515790063,0.9485190559693714
alpaca_7294,0.549755132861933,0.8725895408550959
alpaca_7296,-0.6933909834415007,0.8319516541437275
alpaca_7300,2.864598497399462,0.6065256339659025
alpaca_7302,-5.3521637853903075,0.9930948571678588
alpaca_7306,-3.425728027069232,0.9943286791849151
alpaca_7311,-1.226562188233117,0.9532519230882793
alpaca_7315,2.496769915531191,0.9980950895018801
alpaca_7323,-1.8018498500118427,0.6712304112912003
alpaca_7327,-6.473129126561496,0.933191345964186
alpaca_7331,-10.0,0.8987356504198948
alpaca_7337,3.9525098554950846,0.8820644962991578
alpaca_7349,-6.3258126569622135,0.7085295328663106
alpaca_7357,-2.4441257053000935,0.5115575587448761
alpaca_7366,-1.4218267488434033,0.9530041957345039
alpaca_7373,-10.0,0.9998100122031907
alpaca_7377,-2.615951107062662,0.995842429647356
alpaca_7378,10.0,0.7835870395766323
alpaca_7384,-10.0,0.9919313841891522
alpaca_7399,-5.500920246284586,0.9929845695896882
alpaca_7400,-0.851846865371382,0.8622217240971007
alpaca_7423,-1.5685461487698018,0.6678132414238974
alpaca_7424,2.0931847486205304,0.9781259914690114
alpaca_7434,-10.0,0.9999841624110344
alpaca_7440,-3.5883471122248563,0.5444696263310607
alpaca_7441,-4.93297466251874,0.6774943570077587
alpaca_7448,-2.5116062872470155,0.9428869925735571
alpaca_7453,-4.971388875323681,0.9859701825267343
alpaca_7461,7.4087767618681655,0.5321255995871769
alpaca_7469,-2.4863475089435534,0.5965967545070165
alpaca_7476,6.4032836185652515,0.931374435863134
alpaca_7487,10.0,0.9999985080792018
alpaca_7490,-10.0,0.9999829180834869
alpaca_7493,-0.8929188586860911,0.5147014448174746
alpaca_7498,0.574760647378171,0.9558243087886992
alpaca_7503,5.100844341745274,0.8824392930920436
alpaca_7512,2.553797201960573,0.9999952051502357
alpaca_7513,3.6797003151565493,0.8130176968943932
alpaca_7519,10.0,0.9998775173824739
alpaca_7520,2.553775489968589,0.999995008357577
alpaca_7522,1.5633601325300002,0.6767853738537775
alpaca_7526,-5.360594698723278,0.9906853666976728
alpaca_7544,-4.751535586051308,0.9952560986123838
alpaca_7548,0.27669569657149035,0.5102412552273988
alpaca_7549,1.4151625204107667,0.9137052657661691
alpaca_7551,-4.389056548989546,0.9948428352191626
alpaca_7568,-4.858846317260458,0.9673582634882837
alpaca_7578,-5.712461771992492,0.9764575593498677
alpaca_7582,6.470469746300613,0.8748624311054205
alpaca_7583,-6.029386413322656,0.9638011420637774
alpaca_7588,2.0945886652670147,0.7753475688832091
alpaca_7607,-5.3728694274999205,0.7424825437889765
alpaca_7617,-1.71034561683662,0.5666459201974486
alpaca_7620,10.0,0.9991489449562241
alpaca_7624,-10.0,0.9528060804545045
alpaca_7626,-3.294346966141413,0.974232766156358
alpaca_7627,-4.737102330512467,0.680986548515178
alpaca_7633,-6.518601902561882,0.9187514910863472
alpaca_7637,-10.0,0.9958735122195604
alpaca_7663,0.3854264044945602,0.6423649761481334
alpaca_7667,-2.9924918680621064,0.964677903737343
alpaca_7673,0.6658193166363556,0.6046998574851004
alpaca_7676,-3.8297745206139466,0.9121327132245998
alpaca_7681,-1.7597798555714663,0.9900100510914114
alpaca_7689,0.5423763499167642,0.5263212748729589
alpaca_7692,-5.675839091190496,0.6145110066153934
alpaca_7701,-5.228895771034236,0.9783433829845588
alpaca_7708,-5.224799541631599,0.8514391078752156
alpaca_7709,-2.82769282672285,0.53210353014916
alpaca_7718,4.909754337554712,0.6010279827451269
alpaca_7720,-10.0,1.0000003731987046
alpaca_7725,-5.882955280890865,0.9720216227319742
alpaca_7731,-4.083430234140663,0.7008956481553602
alpaca_7743,-6.9845511557751525,0.8674414663583685
alpaca_7747,-7.9617819857226815,0.730457059606806
alpaca_7751,-2.142656257506638,0.6855055022960435
alpaca_7752,-10.0,0.7759283488596961
alpaca_7762,-2.6119723971148234,0.9335218763991562
alpaca_7767,10.0,0.9998771490850211
alpaca_7769,-5.582864209720552,0.7523557558519256
alpaca_7777,6.578715092054647,0.6149390047767297
alpaca_7781,-7.607440458740547,0.7981678018917449
alpaca_7784,5.725513354633496,0.8980968698450478
alpaca_7789,7.66178922411428,1.0
alpaca_7792,3.7171275210894135,0.9587836885783578
alpaca_7794,-10.0,0.99802740085115
alpaca_7796,2.2313842491836082,0.7222105861115466
alpaca_7798,1.6003969124241848,0.7262633279784236
alpaca_7806,4.107682560187047,0.7583987707089594
alpaca_7819,4.338386208546756,0.9954505707795803
alpaca_7826,4.344599270895819,0.9957242749347839
alpaca_7838,-10.0,0.9745787086997512
alpaca_7840,-3.6925907254598687,0.8040155521855398
alpaca_7855,-3.5640189506745443,0.8375824202103541
alpaca_7865,1.219953224232018,0.9910879028821369
alpaca_7866,-10.0,1.0000361086847807
alpaca_7871,1.9090576029552682,0.8973960554499109
alpaca_7885,-10.0,1.0000001863941725
alpaca_7889,-3.2451599014368155,0.7833179513292309
alpaca_7897,5.392334845177316,0.9927139235911573
alpaca_7905,-3.9302547169115685,0.7212968692427593
alpaca_7908,10.0,1.0000003697307456
alpaca_7911,-5.352293035701592,0.9930964080382517
alpaca_7912,-2.525226713694972,0.9374578208647418
alpaca_7921,-10.0,1.0000109277854647
alpaca_7929,-5.697900208263264,0.9656701013618006
alpaca_7930,-10.0,1.0
alpaca_7948,5.482531854389985,0.8906001883894085
alpaca_7953,5.567102433748497,0.9656341643703146
alpaca_7968,-2.647766223063852,0.999996629393423
alpaca_7969,-2.20574734858278,0.9607407380464639
alpaca_7976,5.352159661144909,0.9930989350149786
alpaca_7978,3.184446340960704,0.8952915393849818
alpaca_7979,-6.783654399802257,0.8976522177359114
alpaca_7988,-6.975854401507032,0.8118644808382119
alpaca_7989,-10.0,0.9998840730342992
alpaca_8005,-4.659482356046164,0.8554162927462092
alpaca_8017,0.8002158185195342,0.825448965251978
alpaca_8022,-5.999342036573926,0.5857169837428243
alpaca_8028,6.601305750701267,0.8623830354723554
alpaca_8029,2.6843676835879453,0.7843052408653978
alpaca_8036,3.646744113331259,0.6582171395771772
alpaca_8045,-0.5401991936933562,0.6367455854688833
alpaca_8050,-10.0,1.0000010240229709
alpaca_8051,-1.6726417986225375,0.9434487147836741
alpaca_8075,5.383753610471801,0.992650119533585
alpaca_8094,-4.2389498883607875,0.776984674206922
alpaca_8121,-10.0,0.9988509758104214
alpaca_8123,-7.342394942759107,0.7522010783699665
alpaca_8126,-5.862789556543416,0.7340225356127851
alpaca_8154,-10.0,0.9875228247225091
alpaca_8157,1.0327242984347613,0.5439195694651696
alpaca_8164,-2.457465563706553,0.8699497899260861
alpaca_8168,-8.291777884666967,0.6648439993793619
alpaca_8183,10.0,0.7436963280306215
alpaca_8186,-0.22775377921971357,0.9054685974793146
alpaca_8203,-2.654257933374929,0.9850286879415822
alpaca_8213,5.271431072958682,0.969895661938127
alpaca_8214,-4.546550126207253,0.5575435120641392
alpaca_8224,-3.998471823969163,0.5797532805742476
alpaca_8233,-2.478880037863292,0.745147255467454
alpaca_8234,-0.9261335104913354,0.8589059236793064
alpaca_8242,8.109918521848558,0.7047781535923978
alpaca_8249,-4.202554005553352,0.9716007476919225
alpaca_8250,10.0,1.0000042809994911
alpaca_8251,-10.0,0.9818892665128136
alpaca_8267,-5.353260928323358,0.9927980611363376
alpaca_8277,4.0677964841270535,0.9827470370360194
alpaca_8280,-5.117985269327148,0.8012577350202229
alpaca_8288,-10.0,1.0000005422924554
alpaca_8303,2.2244658711187233,0.992213025762143
alpaca_8308,-10.0,0.9812697282257546
alpaca_8315,-1.6280460493621016,0.8472666225548487
alpaca_8325,6.907596607450541,0.8925957627795933
alpaca_8328,-2.7823429817355274,0.6956843175405139
alpaca_8334,-3.4369809392739734,0.9993033607102444
alpaca_8338,5.926310875982062,0.942351122235494
alpaca_8343,8.622277701457737,0.6167927240664142
alpaca_8349,1.3034978990293182,0.4971888875099815
alpaca_8353,-10.0,0.9930987511767086
alpaca_8355,-2.55384466656972,0.9999970274192335
alpaca_8373,10.0,1.0
alpaca_8401,2.9488470454240936,0.9294786177267506
alpaca_8405,-0.6689113572841182,0.9871480140848031
alpaca_8409,-7.60653736721218,0.6455448427613405
alpaca_8416,1.1500171800243482,0.968110436545976
alpaca_8424,-2.834285097470562,0.9820307778093669
alpaca_8427,-1.2176566377397873,0.5995348386083299
alpaca_8439,-8.336080486839382,0.6642434548005636
alpaca_8445,7.686888628721408,1.0000005240588958
alpaca_8448,5.352959437942803,0.9929974977826308
alpaca_8451,-7.483312080477971,0.7255449630439924
alpaca_8456,2.518383166612112,0.9353706803038692
alpaca_8457,-5.472437835443906,0.7653744515378991
alpaca_8461,0.8863037971497062,0.9476220377579913
alpaca_8470,-1.8949785263678218,0.8822489119266347
alpaca_8472,2.816572081671245,0.9938227511112323
alpaca_8475,-4.2003610351005705,0.8961532934406033
alpaca_8491,10.0,1.0
alpaca_8493,-3.4480311950073026,0.9885520603957461
alpaca_8496,-5.740667849441206,0.9761122729350364
alpaca_8504,-2.400619266578171,0.5154502758969116
alpaca_8507,2.5539099343632348,0.9999983024607931
alpaca_8532,0.8206538539560623,0.5373618345235759
alpaca_8534,-6.668016034341898,0.916075940366281
alpaca_8540,0.972749075368782,0.7446184278886698
alpaca_8554,3.675936973110151,0.44152588870949155
alpaca_8555,-2.5522886791655,0.9999976126961035
alpaca_8566,-6.381706457777823,0.8691112824184818
alpaca_8574,10.0,0.999677084234684
alpaca_8580,0.4574889278664157,0.8035206287412625
alpaca_8587,-7.616472021756248,0.5965536852352268
alpaca_8589,4.179859937061674,0.6685088754083078
alpaca_8594,4.043099557418854,0.8834903396559368
alpaca_8597,-2.553773157996512,0.999994993603085
alpaca_8606,1.3389106673688767,0.9622843675690278
alpaca_8639,-6.183281966996477,0.707821094577866
alpaca_8645,-0.016495628686015423,0.9987308395149735
alpaca_8653,10.0,1.0
alpaca_8654,-10.0,0.9998778334308622
alpaca_8659,-0.2515831474699469,0.7544225526424735
alpaca_8660,-6.196724247268881,0.6914626492533301
alpaca_8671,-10.0,0.8454960426948798
alpaca_8673,2.553858835391011,0.9999973499989301
alpaca_8680,-10.0,0.8821917718557375
alpaca_8681,6.226899223059832,0.5990295301259314
alpaca_8684,-4.369607544687153,0.6891454672729893
alpaca_8687,4.577263986329195,0.8104242989797156
alpaca_8699,10.0,1.0
alpaca_8719,-5.3527580371145245,0.9930834973148944
alpaca_8728,-0.059456722440144175,0.7872737854757432
alpaca_8730,-10.0,0.9992598818596654
alpaca_8752,8.801617916568398,0.5801530960813566
alpaca_8756,1.440396193643122,0.9865923411974397
alpaca_8762,-10.0,0.9750141100358853
alpaca_8766,-4.985696202053623,0.6226921249309817
alpaca_8770,-10.0,0.9851378773606287
alpaca_8773,1.5218104549713611,0.4340056718551866
alpaca_8783,-10.0,0.9701865654571694
alpaca_8784,-0.7515153054490713,0.7670498657415509
alpaca_8787,0.5923139433926367,0.5796348672523194
alpaca_8802,2.5691045178422667,0.8255399223702041
alpaca_8806,5.93112597669342,0.9799677100653089
alpaca_8810,-6.535728758140148,0.8751876707747352
alpaca_8811,3.6367255311250326,0.511801680930725
alpaca_8826,-1.4757985863397993,0.9392893173697076
alpaca_8832,-0.5391095331467395,0.5802293889671037
alpaca_8853,-0.15378538546739326,0.7389686887387942
alpaca_8861,-2.6905090809277814,0.9835117588479739
alpaca_8872,-10.0,1.0000003227913294
alpaca_8875,10.0,0.7281077779849627
alpaca_8876,1.5684890181677515,0.9882165917420339
alpaca_8883,-6.106565159680795,0.955333421461046
alpaca_8884,6.596600495809758,0.6778538205787918
alpaca_8889,10.0,0.9999985725689324
alpaca_8892,-8.105254690952544,0.7163537790070463
alpaca_8896,10.0,0.9457228443062156
alpaca_8900,-3.5001106494530076,0.6434572327260666
alpaca_8905,-5.707653498569692,0.9741790845815623
alpaca_8911,4.132217277203791,0.9929697970932935
alpaca_8917,-3.2500429211863104,0.9798278110360389
alpaca_8920,5.8662798668007525,0.7342601204033348
alpaca_8924,-2.7384583853322226,0.9969359845821893
alpaca_8927,-5.469191750465559,0.9597454342007947
alpaca_8949,-5.352243222628945,0.9930922987670971
alpaca_8950,-10.0,1.0
alpaca_8962,-5.288624360970892,0.9463463421064344
alpaca_8970,0.7272628550867556,0.9883475024169751
alpaca_8976,3.884683743204939,7.38905609893065
alpaca_8983,2.8502941458532405,0.7112505054956288
alpaca_8984,-1.0764692401860925,0.661347405624359
alpaca_8991,-2.553832529903905,0.9999966136625948
alpaca_8996,4.852917444521798,0.804029085586645
alpaca_9000,0.9134942359142265,0.4958104152746946
alpaca_9005,-10.0,0.9999968640477644
alpaca_9038,-3.4649905478522447,0.9590988302780782
alpaca_9044,-5.236737436979162,0.6764818911272596
alpaca_9055,7.072028837255396,0.910275229908561
alpaca_9059,-4.251670505969705,0.6758645576458889
alpaca_9064,0.35603279648793656,0.9949157202520056
alpaca_9077,-0.3828344895268316,0.8808323763422518
alpaca_9078,10.0,0.9760196294959764
alpaca_9088,-1.1049250745445138,0.8280087441364711
alpaca_9089,-3.6419135347444067,0.7432005358771674
alpaca_9090,-1.4803432491011104,0.5332608225776586
alpaca_9094,-5.741847874272714,0.9862933892661468
alpaca_9119,-10.0,1.0000010597645839
alpaca_9125,-1.81373007512889,0.9430024298994445
alpaca_9128,0.8197214235474689,0.6094035477428258
alpaca_9130,7.66178922411428,1.0
alpaca_9138,4.064773263115835,0.9917888994179385
alpaca_9145,-3.5887425909732937,0.8724247305701593
alpaca_9157,0.03251050105158197,0.8876730605713508
alpaca_9167,7.661801152903573,0.9999990002971421
alpaca_9172,3.55093879927139,0.5525493010725768
alpaca_9174,10.0,0.9486833897443802
alpaca_9203,-10.0,1.0
alpaca_9207,2.6831196501419523,0.48472964653346734
alpaca_9210,-1.9339490383093154,0.7416626151901826
alpaca_9213,-7.579631987926836,0.5173792202983079
alpaca_9216,-10.0,0.9804340397491647
alpaca_9223,-3.7964152655400656,0.9421289965807143
alpaca_9229,7.480579575266761,0.7320706510429703
alpaca_9246,1.8202976451258117,0.8649158499267705
alpaca_9253,0.5586807450695919,0.9755867664582185
alpaca_9264,6.1465585835524505,0.5807339415552536
alpaca_9265,-5.388574832389327,0.9925872463065607
alpaca_9273,-6.798144259519465,0.8869722463112828
alpaca_9276,2.9848203537321805,0.9069065772233158
alpaca_9280,-10.0,1.0000001948780601
alpaca_9286,-7.073659247056399,0.8636627562161183
alpaca_9290,-7.434355626266723,0.8153109770562457
alpaca_9295,10.0,1.0
alpaca_9303,2.3348700669790823,0.9851883744964363
alpaca_9304,6.271680693209597,0.703773376685664
alpaca_9306,-3.3076143843348014,0.9932573486015834
alpaca_9309,-3.843424495205642,0.710315992898658
alpaca_9316,-5.137389642697459,0.976745780556387
alpaca_9325,3.427163730063478,0.9309183168472
alpaca_9326,1.5290555862033384,0.9947567763537892
alpaca_9334,10.0,0.8770623969047951
alpaca_9337,1.658607088255706,0.988615828865884
alpaca_9341,-10.0,0.9722029595136333
alpaca_9355,-5.23134839796818,0.736450142774273
alpaca_9371,10.0,1.0000004168702221
alpaca_9384,0.3415241530601484,0.7866897923040567
alpaca_9386,-5.995948075288364,0.9346003502916471
alpaca_9389,10.0,1.0
alpaca_9394,-0.6139260521684716,0.9748967153153101
alpaca_9396,-10.0,1.0
alpaca_9401,-6.603910166745675,0.9058121986829057
alpaca_9405,-4.98513327056476,0.7855280676427486
alpaca_9420,8.962844416468302,0.4637859006191288
alpaca_9427,7.715761843638155,0.7827812804676076
alpaca_9434,-1.463913846838397,0.5863466077885914
alpaca_9442,-6.982605853145796,0.6236809286938618
alpaca_9454,1.6044498614913691,0.7821522496150015
alpaca_9464,8.252549983248166,0.6774002824499027
alpaca_9471,1.523704676943967,0.9147926887937727
alpaca_9472,-10.0,0.9340413882803417
alpaca_9481,3.318065654412119,0.6575578181325357
alpaca_9483,1.3375418757802007,0.9837798655010914
alpaca_9491,-4.661003318435841,0.7826804923178925
alpaca_9512,10.0,0.8949722000489189
alpaca_9514,-0.6427390979698868,0.7352074431272977
alpaca_9533,-2.555362168180903,0.999730319245187
alpaca_9534,-6.584129157051565,0.9194898933776975
alpaca_9540,0.02732477162478978,0.8919921162282188
alpaca_9556,-0.17887493326907916,0.9838698813901138
alpaca_9578,-0.9222410449396553,0.8225819622493403
alpaca_9588,3.257152262670774,0.9800671500151874
alpaca_9591,-8.494263847947064,0.6404176854808704
alpaca_9596,-6.199763974645132,0.6273395342529038
alpaca_9604,-2.9100085781977816,0.6238420627434327
alpaca_9605,5.890014793523139,0.9460342285286617
alpaca_9613,1.616867730595203,0.9879464578066445
alpaca_9615,-10.0,0.9523032179107059
alpaca_9634,-3.6640358931982844,0.6949284046523266
alpaca_9637,-6.217567428225914,0.808794335636845
alpaca_9638,-3.67816449121658,0.7930313385116724
alpaca_9642,5.944285499561229,0.9704561959863033
alpaca_9651,2.0033393075353936,0.9927360071797137
alpaca_9660,5.543242335904247,0.698446342074203
alpaca_9664,-10.0,1.0000001903986675
alpaca_9668,-6.285203767104323,0.9021057084156809
alpaca_9673,-0.456130788120159,0.7360182133275295
alpaca_9675,6.125599653023764,0.955883993610728
alpaca_9677,5.78993153859652,0.5381620788995356
alpaca_9687,10.0,0.9546095530944115
alpaca_9688,0.984099505961866,0.9821447923822275
alpaca_9692,-3.4338588272318304,0.9994527833179413
alpaca_9695,-5.061422937912627,0.5010559410296533
alpaca_9702,-6.500000804149415,0.8767983890194444
alpaca_9710,10.0,0.9997804084627265
alpaca_9715,7.661789469151305,0.9999999998065212
alpaca_9730,8.180732875566504,0.9220499938234703
alpaca_9733,-7.124173704917257,0.8466852053355802
alpaca_9744,-5.782786095429605,0.5357502387538708
alpaca_9752,-5.528300597894448,0.6395392297945982
alpaca_9761,-6.436388493542204,0.9074947817990185
alpaca_9767,-6.380180107219942,0.7660252869504458
alpaca_9768,-7.025720354243983,0.7998783779529173
alpaca_9769,7.883967978190768,0.7403701841954822
alpaca_9787,-4.1200979081033005,0.6561376671852424
alpaca_9799,5.371156192375297,0.9925456415176542
alpaca_9800,2.553866234968238,0.9999854933936142
alpaca_9801,-5.376834560061361,0.9911771314067693
alpaca_9817,-0.09681279588564073,0.791543234549166
alpaca_9833,-2.647894072054402,0.9292608668349284
alpaca_9836,-3.8321269550980017,0.6867416964317289
alpaca_9839,-8.706036772633901,0.5952631350603155
alpaca_9843,-4.088503109099385,0.6872924699188432
alpaca_9849,-5.200225820242259,0.7824204474746246
alpaca_9855,-10.0,1.0000001776832887
alpaca_9857,-3.6559014367813187,0.9588992277531857
alpaca_9858,-5.374008964280883,0.9910021992158131
alpaca_9861,10.0,0.9919264651655519
alpaca_9876,2.440126762631937,0.6492312236430307
alpaca_9877,6.359890404778111,0.9354067757674072
alpaca_9880,10.0,0.9272578951167507
alpaca_9887,0.27244962158561215,0.68573296344516
alpaca_9889,1.933982525421519,0.4625219406738553
alpaca_9898,10.0,1.000000354014437
alpaca_9915,3.5021704961509013,0.8290801397462562
alpaca_9917,-5.357030291687869,0.9931939258708412
alpaca_9918,8.329607023464165,0.5735536143439055
alpaca_9919,-6.221240699804967,0.928623455107518
alpaca_9928,-0.2862265028152473,0.9727985137725813
alpaca_9935,5.393775677003441,0.99268929994131
alpaca_9941,-4.299573130172783,0.7980289272611422
alpaca_9946,-3.984821011463936,0.8609001187849892
alpaca_9952,-5.352377524298919,0.9931488974760357
alpaca_9953,-4.228726851670177,0.8554608312515406
alpaca_9959,-1.5619201677346002,0.9882481927488069
alpaca_9964,-6.136087199511845,0.941971186335351
alpaca_9969,-10.0,0.9587844848622665
alpaca_9986,-1.3496746537311972,0.5530778799024781
alpaca_9987,1.7493658407183494,0.9887897678168696
alpaca_9991,-0.2588115940767038,0.9950449567289805
alpaca_9993,-7.756107104777636,1.000000365518612
alpaca_10010,-3.4857024936016536,0.47659494351461457
alpaca_10019,4.204319191551385,0.9923293386570446
alpaca_10023,-2.971917277758182,0.999917182971839
alpaca_10031,-10.0,1.0000000846364734
alpaca_10036,1.1485789572177694,0.7589366463349178
alpaca_10039,10.0,0.9757840048586245
alpaca_10040,-5.684526871982726,0.9406250134317896
alpaca_10043,-4.589595161150864,0.8434530191950387
alpaca_10050,-1.3788728209398655,0.9738456950186333
alpaca_10051,6.238380374851356,0.7999793287987594
alpaca_10052,0.15057133182360638,0.9861872702407863
alpaca_10056,-4.4015064816710305,0.6386307848950862
alpaca_10060,0.42803766821541234,0.9675321596405404
alpaca_10067,-10.0,1.0000012740716124
alpaca_10080,1.3597409065971031,0.9647271114296618
alpaca_10093,4.69270059909798,0.7794988470790342
alpaca_10096,-2.7434444370708815,0.8994128136143396
alpaca_10115,10.0,0.9442320642643673
alpaca_10122,-2.3147641451605936,0.8638655224172075
alpaca_10125,-7.100523367907312,0.84328059951016
alpaca_10127,3.535590450103343,0.9419638796412552
alpaca_10138,-3.5083378601015167,0.7796477568997329
alpaca_10145,-5.566102959674491,0.933734401177721
alpaca_10147,2.513856698980202,0.9767984302851613
alpaca_10149,-0.07735942024270429,0.9625663671379573
alpaca_10154,-2.5538134292536174,0.9999963072590827
alpaca_10164,-6.238596483397489,0.8881553032893733
alpaca_10166,3.871037950246139,0.7169507974016294
alpaca_10170,2.6394330007798916,0.69118472662995
alpaca_10177,-2.554111873069172,0.9999963582375639
alpaca_10179,-2.575074555587157,0.7630345486517347
alpaca_10180,-3.122555522019137,0.8461449056462383
alpaca_10186,3.6177075907223264,0.9502310506090849
alpaca_10191,-1.4435315208061765,0.5820527169918221
alpaca_10195,-10.0,1.0000001845693722
alpaca_10200,-6.551237378388228,0.9145603420419063
alpaca_10209,-5.352366563273373,0.9930953551111245
alpaca_10217,-5.4010926637234045,0.6898900747112208
alpaca_10220,-3.7695841065809503,0.8861973568784427
alpaca_10232,-2.625543904254825,0.9162760265230103
alpaca_10234,0.15049706481202652,0.5844354353527998
alpaca_10244,-2.919284829429984,0.793648100066604
alpaca_10250,3.035008534510862,0.5186978343158362
alpaca_10267,-1.4342909997180147,0.9280488476614894
alpaca_10269,-7.882613596651839,0.7429156678159681
alpaca_10281,6.99594428618081,0.909703409093788
alpaca_10282,-2.54297835290357,0.9131855837410618
alpaca_10289,2.0177619132943665,0.9842371931538505
alpaca_10290,7.685441856123292,1.0000005277601316
alpaca_10296,-0.5106024285957957,0.9834092394857677
alpaca_10303,1.0683007404588023,0.6041776500783732
alpaca_10324,5.352642257948432,0.9930902768692444
alpaca_10328,3.993841832474111,0.969416161071285
alpaca_10336,-1.6069062222550603,0.5805621059935322
alpaca_10345,5.5624854341454375,0.9842016093544678
alpaca_10359,-6.586672817638484,0.8534281836290135
alpaca_10360,2.5537968724550866,0.9999951940261516
alpaca_10371,-5.448152456502729,0.9810001992185009
alpaca_10373,-2.5454512704317187,0.9129295232629829
alpaca_10377,-3.045028813936808,0.6706875032576766
alpaca_10382,0.06491395615690893,0.8818381965185079
alpaca_10383,4.7060150142870985,0.9373190894310317
alpaca_10401,1.011694868341095,0.9837922333041621
alpaca_10406,-2.6936655673199126,0.6333867953286397
alpaca_10409,-6.3406468856641185,0.6945134930476567
alpaca_10411,0.6981239607981198,0.9279613000807013
alpaca_10414,-3.200207955286058,0.8121651765937768
alpaca_10417,1.7949718403389445,0.8784564621595932
alpaca_10418,-3.0667840653742946,0.9392670165416458
alpaca_10419,10.0,0.9355874171860277
alpaca_10432,-4.372195777865432,0.9919835814511306
alpaca_10436,-6.340814175922473,0.9418865284353302
alpaca_10451,5.383031986995501,0.9923916962130894
alpaca_10464,2.6592033639742074,0.5998140387199191
alpaca_10471,3.5139604802069324,0.5116271602700665
alpaca_10477,5.047555970031058,0.6976168418108718
alpaca_10484,-1.2844182221427163,0.9891575194156508
alpaca_10491,-2.629194564809569,0.9982103350844471
alpaca_10493,-2.553804511926913,0.9999953840535423
alpaca_10494,5.720528435765179,0.8541826074135682
alpaca_10505,8.454373651882472,0.6334505637949508
alpaca_10506,1.9827042253608016,0.7186554343696977
alpaca_10511,-5.352159032998458,0.9930989640500592
alpaca_10512,2.00974375856384,0.973027950101249
alpaca_10516,-1.428513654532307,0.9684656446672621
alpaca_10523,5.396781354895022,0.9926338160525555
alpaca_10535,-3.6026669161292446,0.5931404890041179
alpaca_10541,5.367848873286901,0.9915076978770785
alpaca_10545,2.635796170199788,0.9910507692793209
alpaca_10546,0.39923103834459545,0.8974817593349095
alpaca_10552,-6.079909702540742,0.9609274346233518
alpaca_10559,6.370513911054025,0.9218179537779292
alpaca_10561,-10.0,0.9999974926711929
alpaca_10566,3.4735028666289747,0.5340647299307643
alpaca_10576,3.244236668205182,0.9082082978768077
alpaca_10580,3.312809818019275,0.6605157390189474
alpaca_10582,-0.42891435413280643,0.9154450916630135
alpaca_10589,-3.969356452953439,0.8741284611405671
alpaca_10592,1.869848525140399,0.7367243387276836
alpaca_10598,-3.8776201126828553,0.8820073003350049
alpaca_10599,-0.426904914363105,0.9484904777423246
alpaca_10603,7.690806190061015,0.5602034074140123
alpaca_10612,6.418297963750798,0.9636471532208059
alpaca_10621,10.0,0.8958430722457514
alpaca_10644,-0.42514473321212287,0.9244285949988934
alpaca_10646,10.0,1.0
alpaca_10647,-1.6315627961961705,0.9832151863230306
alpaca_10651,10.0,0.8199652649256054
alpaca_10658,2.4779491502256317,0.9983632301394282
alpaca_10666,-2.2106196513600103,0.9188049818813953
alpaca_10669,-1.8312741909778216,0.7598026276928227
alpaca_10680,-8.643698454511275,0.6079387035795829
alpaca_10703,-2.867399007312399,0.8060746758710189
alpaca_10729,-4.397088645292473,0.7253628300204525
alpaca_10734,10.0,0.9998703923008597
alpaca_10743,7.747695269657887,0.9978679403986068
alpaca_10747,-2.3585607920231597,0.9132814780355448
alpaca_10759,1.650526181728366,0.6254324705818266
alpaca_10762,-7.6982260032511745,0.761509967646673
alpaca_10767,-0.5678155906613181,0.9830646373842784
alpaca_10769,-6.982093018135093,0.8245030656842268
alpaca_10774,-3.9508521914777286,0.8218391143904975
alpaca_10775,-10.0,0.9724765566628466
alpaca_10778,3.698687385441065,0.6024161061435482
alpaca_10780,5.2750728311938815,0.5903754494917797
alpaca_10785,-1.923938733821046,0.8812075331020333
alpaca_10788,-4.3801970966616235,0.5765306407202425
alpaca_10794,2.163994968508305,0.9508839021680933
alpaca_10796,-1.3212214180269184,0.5425612677941071
alpaca_10806,-1.1396278560642061,0.9726133107229994
alpaca_10811,-7.884094188299716,0.9959886034478579
alpaca_10818,-5.473044235011306,0.9814586289886191
alpaca_10820,5.8880728911722064,0.6884532565275131
alpaca_10825,-0.698085518254681,0.8693603034687098
alpaca_10850,-5.3365885007957585,0.9737165820285882
alpaca_10856,-4.352798345115505,0.8383975898749063
alpaca_10866,2.8690475983974535,0.9358989030938863
alpaca_10873,1.1358819872641923,0.7948791091111578
alpaca_10877,-3.404004953719531,0.8550906712728947
alpaca_10895,-10.0,0.9974949758748102
alpaca_10901,-3.814010913793541,0.709516444732894
alpaca_10917,-0.06884200554402799,0.7995416269505069
alpaca_10918,-10.0,1.0000005295455399
alpaca_10920,-5.229691074945883,0.9877829108754104
alpaca_10922,-1.0218612464935077,0.8674455221647739
alpaca_10930,1.9181971090716596,0.5256239663176047
alpaca_10931,-1.5782443062377258,0.9867317336190662
alpaca_10933,-3.2997500013450987,0.9944288999358414
alpaca_10934,5.52971626794497,0.9922305485695568
alpaca_10935,-7.586800938274977,0.6605225794770325
alpaca_10939,-7.829676075618061,0.6625500075935957
alpaca_10951,-10.0,0.9999952258735112
alpaca_10953,-3.799083739870225,0.9292794373319667
alpaca_10954,7.834939813294488,0.7530287677222052
alpaca_10960,1.4126958163939427,0.6211658127281018
alpaca_10978,-0.15158336209628337,0.6707523121563688
alpaca_10986,-2.6404966465129225,0.8740822809076076
alpaca_11006,-8.270118218382404,0.6731894567711866
alpaca_11008,-10.0,1.0
alpaca_11010,2.754209187755088,0.643315373962437
alpaca_11014,2.457209365338025,0.868400889722329
alpaca_11021,-7.886640007558295,0.7433850382060209
alpaca_11026,-1.9314493848696226,0.9443838980574869
alpaca_11030,1.4329924810103516,0.813162899703114
alpaca_11040,4.637673753044184,0.5931663886825289
alpaca_11041,-10.0,0.9969135651436662
alpaca_11061,-3.3854507434472128,0.5562494868627295
alpaca_11072,10.0,0.9989095527210056
alpaca_11081,10.0,0.9521502548337883
alpaca_11082,-5.737838251322398,0.946873818906654
alpaca_11085,1.590711631974818,0.9878672072316127
alpaca_11087,-0.5466730880756812,0.951010567840117
alpaca_11091,-2.1594931473554024,0.9521441987893069
alpaca_11107,-6.512891506361905,0.9352427561404489
alpaca_11110,-5.778382699601054,0.9544791392641718
alpaca_11130,-6.081189188075003,0.6808638938126138
alpaca_11134,-3.6565920691285068,0.991449518526163
alpaca_11141,10.0,0.7004238795253109
alpaca_11145,10.0,0.9900772504207117
alpaca_11155,5.413623944391252,0.9857141394351698
alpaca_11166,-1.4206234257021768,0.8540117601532333
alpaca_11180,3.7543598614191662,0.91940306640363
alpaca_11187,-6.169429837795317,0.9019178023441684
alpaca_11191,-0.41167749868811415,0.8744364331626294
alpaca_11202,5.9181554894336985,0.9479688026735442
alpaca_11203,-5.584943573493555,0.8784751373329618
alpaca_11205,-4.0569831196368895,0.716332323062856
alpaca_11210,-10.0,0.9134374624081553
alpaca_11212,-2.5299515574514944,0.808871889536948
alpaca_11216,10.0,0.9930837689933472
alpaca_11218,-2.215654584316899,0.9778472469097783
alpaca_11222,-3.9622180072189095,0.8622152812477598
alpaca_11226,-5.542877678059883,0.9912239803571399
alpaca_11231,-9.588210707888345,0.9838723206551167
alpaca_11232,-5.351368618729071,0.7862233523018104
alpaca_11234,-5.014254214439051,0.8827165593821046
alpaca_11238,5.558657334574754,0.5953346116970478
alpaca_11239,-1.5907470534331958,0.9891316141917332
alpaca_11240,-3.5682706001128603,0.891689517070845
alpaca_11241,-1.2286894532896757,0.8778573791474751
alpaca_11250,7.756417424690234,1.000001179824806
alpaca_11252,-7.8603188536692565,0.6609472753945035
alpaca_11255,-3.8325563089073187,0.956173166860198
alpaca_11258,7.33274704218758,0.8270191006064899
alpaca_11265,6.763244893667245,0.6712745286746493
alpaca_11268,7.335191667790279,0.8455282253512558
alpaca_11275,-5.470307040644299,0.9925479367638257
alpaca_11276,-4.361550158238503,0.8970295003995638
alpaca_11301,3.403586279035147,0.9813729276560831
alpaca_11303,-3.9085342716466003,0.9207679464514289
alpaca_11314,5.932360774304882,0.9635656877757496
alpaca_11316,-8.97634564849575,0.5431107279024847
alpaca_11334,-10.0,0.9995039883745562
alpaca_11342,0.3584301760004944,0.9243794293996535
alpaca_11343,-5.401617878157778,0.9891800308783582
alpaca_11358,-10.0,0.9779415060811127
alpaca_11361,4.182889859518749,0.8607155247730414
alpaca_11366,-1.6544943501709903,0.4619485335052268
alpaca_11372,5.160589876241743,0.7768823022599058
alpaca_11384,-0.057901496874025696,0.9729610313594145
alpaca_11401,-3.3122979387383005,0.9808584347295962
alpaca_11405,-6.181327423675937,0.9232504240808007
alpaca_11409,2.5538615856771925,0.9999902277799406
alpaca_11422,-5.58045999162374,0.9626630833742572
alpaca_11423,-1.4912567208955714,0.8301671781779825
alpaca_11424,6.675128553490813,0.6670654212523786
alpaca_11431,2.75466430958763,0.9594987789316183
alpaca_11432,-5.267262612405583,0.9771674666359332
alpaca_11435,-10.0,0.9997561588359296
alpaca_11441,5.960503141419017,0.7149206969828604
alpaca_11442,-10.0,0.8901541656326919
alpaca_11444,-3.468204811014513,0.6170557627165042
alpaca_11460,-5.5433586028251565,0.967997126278038
alpaca_11502,-5.44382356612752,0.9941597495526887
alpaca_11503,-5.128128183293751,0.9956732082422822
alpaca_11509,0.4153444755126069,0.9988653455021923
alpaca_11512,-5.922532836421393,0.591934251997831
alpaca_11513,-5.278172859584885,0.731922622639147
alpaca_11521,10.0,0.9819232289562227
alpaca_11534,5.801737148042151,0.7652571378720625
alpaca_11543,-1.2673078825303334,0.7692214109033756
alpaca_11544,1.410061119941848,0.9947072351504208
alpaca_11557,5.336074062655416,0.987804859268242
alpaca_11565,-0.31100797902055904,0.8207286546520529
alpaca_11583,5.152825477073826,0.5399461562146509
alpaca_11592,-2.8792895603994024,0.9944796455425443
alpaca_11593,-3.8944274050663954,0.9065071054051095
alpaca_11606,2.610627441827399,0.9989988392969534
alpaca_11615,10.0,0.9759555913934448
alpaca_11621,-5.6347262786250605,0.544777103268977
alpaca_11626,-2.9674040229137804,0.7599897455227529
alpaca_11641,3.4774804999558153,0.7010414856920868
alpaca_11642,-6.083163039527543,0.9606689714645629
alpaca_11648,3.1402990228938785,0.986561485296249
alpaca_11662,-1.1413810465273306,0.5964032641879785
alpaca_11665,-5.0372150081380695,0.606556577066542
alpaca_11676,-6.765317806102187,0.8116335702336974
alpaca_11687,-4.836335694484548,0.5861009040361617
alpaca_11702,-7.442725022236971,0.8178944238452442
alpaca_11714,-6.809931473883385,0.8986374310021011
alpaca_11718,2.885559871617425,0.9104680135249335
alpaca_11720,6.95623857073992,0.6477602824727235
alpaca_11722,1.8206078210483314,0.9911604565781064
alpaca_11724,-4.234616113935788,0.9668844692565342
alpaca_11726,-3.7920628632488973,0.9995884713494162
alpaca_11736,-4.136635659339822,0.5427418238292278
alpaca_11750,10.0,0.99999753324274
alpaca_11761,-10.0,1.0
alpaca_11769,3.2852914872138617,0.7764602122130927
alpaca_11770,-4.359682293863954,0.8839441785101015
alpaca_11774,-6.004893474304414,0.9672096551918319
alpaca_11775,-0.5260455683020129,0.48893092111008696
alpaca_11780,-10.0,0.9886864506813653
alpaca_11781,-0.45238925888944276,0.9912711562061148
alpaca_11786,10.0,0.9921452441323305
alpaca_11790,-1.0065973462047038,0.6430883504431019
alpaca_11793,7.288201512712355,0.6747796487841141
alpaca_11801,-6.647094776427742,0.9030285187418362
alpaca_11805,7.501745350904453,0.6877490735174365
alpaca_11810,2.602098913889085,0.9930993323057847
alpaca_11821,-5.899050356527274,0.9390989265124967
alpaca_11832,10.0,0.8751911476023712
alpaca_11833,6.932607163755993,0.8130011940316237
alpaca_11840,5.7867424956014375,0.9927571412752667
alpaca_11841,-5.3532554251816,0.9930839999377723
alpaca_11849,-2.55385118264131,0.9999974919214796
alpaca_11855,-0.9043148121941608,0.9201919265517642
alpaca_11857,-1.9550635784793466,0.9830935502988127
alpaca_11861,-10.0,0.9930979604328896
alpaca_11873,-2.7847794403387156,0.9554221933542272
alpaca_11892,3.387828245597063,0.5929421748503166
alpaca_11904,0.7374535784183124,0.6020971107689048
alpaca_11920,-3.0617062173676355,0.7586937924198757
alpaca_11934,-5.787594481514085,0.7589540313368166
alpaca_11941,-4.95808541810062,0.928291894120227
alpaca_11955,-4.567499952190878,0.6658804890236061
alpaca_11972,1.7166592650512602,0.9765155225162063
alpaca_11979,-5.354594675786461,0.9930370391744033
alpaca_11983,-4.581283429354263,0.8124905519921393
alpaca_11988,-1.1875113927385341,0.5459531733404772
alpaca_11999,10.0,1.000000549477266
alpaca_12013,1.302650243861098,1.8427605978296318
alpaca_12015,-5.3521912492094685,0.9930868641463678
alpaca_12016,-6.575948729663631,0.9211275453965813
alpaca_12042,5.907703037396246,0.9705608261905272
alpaca_12072,-4.005079563486512,0.580013487193484
alpaca_12073,-1.9075916656087448,0.715446236883526
alpaca_12075,-4.9575606784685915,0.9158429908270108
alpaca_12076,-4.364283133106637,0.9248464280576908
alpaca_12084,5.854590355866769,0.9762049795863937
alpaca_12094,4.1148142079056225,0.8026298702810531
alpaca_12099,-0.9553681532270631,0.5521131155032971
alpaca_12105,-5.885005734845899,0.7794247245342834
alpaca_12109,1.83079214169425,0.975853641833965
alpaca_12111,2.370570565732219,0.4290803722864254
alpaca_12129,6.487846020851547,0.9333005722709867
alpaca_12143,2.682854132644873,0.8180018460240965
alpaca_12144,5.204099922919436,0.5069183531619934
alpaca_12150,-6.00077081423559,0.9711288409716121
alpaca_12153,-10.0,1.0000001896074686
alpaca_12158,-2.1674769421567524,0.9151936827064053
alpaca_12174,-10.0,1.000000949538264
alpaca_12179,-5.530877295900781,0.8990354830385279
alpaca_12185,-5.550915946946078,0.9341866608719767
alpaca_12190,-10.0,0.9940467128993011
alpaca_12191,10.0,0.9651343963505855
alpaca_12211,4.52565990029601,0.8456455323356631
alpaca_12215,-3.6569961548234033,0.9766366747492217
alpaca_12218,1.8818411614150468,0.721305408538106
alpaca_12237,-1.520918239521055,0.8983063412083028
alpaca_12243,-1.2459926638418126,0.7048832090322514
alpaca_12254,1.8499054122482639,0.6873957711421613
alpaca_12261,-3.649092374228917,0.9620274774216314
alpaca_12262,-10.0,0.8926617408219336
alpaca_12267,6.648360776630858,0.5493526607515898
alpaca_12277,-1.420861714472668,0.7811968981274044
alpaca_12283,-4.57991723271996,0.6986337055452171
alpaca_12300,-4.2813579777929744,0.8726239340019355
alpaca_12326,-10.0,0.9999903501232554
alpaca_12363,-1.4899235290143344,0.7828241891051737
alpaca_12365,1.3266027646665082,0.8599412140050571
alpaca_12380,-5.456805600097172,0.5061199751618706
alpaca_12404,-4.227019977961927,0.9846147412221017
alpaca_12405,-4.965486748102078,0.9969646569776772
alpaca_12412,1.932479467217,0.9835501206643992
alpaca_12413,-4.359962203256429,0.8591932907216192
alpaca_12414,0.022318119043614408,0.9810984677387202
alpaca_12415,-6.815192183370761,0.8893290729642782
alpaca_12430,-7.242270305986205,0.8602055871050358
alpaca_12431,-1.8977773087587149,0.7670568378795501
alpaca_12432,-4.116487578724558,0.4698704065753358
alpaca_12437,-10.0,1.0000009764414923
alpaca_12441,-1.3139608853020792,0.7314345070610111
alpaca_12450,10.0,0.9767152318806303
alpaca_12451,10.0,1.000000000490936
alpaca_12457,-0.7292794610865868,0.8981060767563718
alpaca_12469,7.406095710339953,0.4597763948776899
alpaca_12470,-0.04600230692139983,0.9089918512434616
alpaca_12472,-4.94141972840598,0.832610453532543
alpaca_12489,-5.147996193490497,0.9455155539405293
alpaca_12491,-6.339827036968842,0.9272857315329659
alpaca_12493,-0.018524274846561863,0.9962509824084907
alpaca_12495,-10.0,0.9999972711256954
alpaca_12498,10.0,1.0
alpaca_12508,4.380473354325445,0.9965577042281748
alpaca_12521,8.05454321227334,0.7138309220867631
alpaca_12524,2.6590039353629833,0.782613982352815
alpaca_12526,0.9502108714476566,0.9035761042108468
alpaca_12532,-10.0,1.0
alpaca_12533,-3.9950946277759956,0.8012892004648767
alpaca_12534,1.021479276279787,0.9999790548858662
alpaca_12537,-3.958614866261818,0.7524153778495588
alpaca_12544,-1.6226962467253043,0.9887999536172799
alpaca_12546,-1.2707026254646077,0.8364181936927712
alpaca_12564,-0.8656608765788927,0.9598691621579418
alpaca_12573,-0.1894844873946036,0.7033982728080457
alpaca_12574,-7.66178922411428,1.0
alpaca_12575,-1.8251225248108327,0.946424978199393
alpaca_12577,-7.395785729947145,0.8077337495153956
alpaca_12578,6.3268397873755555,0.9677532986755679
alpaca_12587,4.789563421941359,0.8145202317448489
alpaca_12594,-8.361092347455564,0.9816399726610877
alpaca_12596,-4.621278926147918,0.8252426396873339
alpaca_12602,-1.936743408054623,0.8666711543969099
alpaca_12608,7.67326768849912,0.9999596198365067
alpaca_12612,6.8561315470833275,0.8741740143894174
alpaca_12618,-0.7603394592093093,0.970326032318842
alpaca_12619,2.3809605145669845,0.9688142769277264
alpaca_12623,5.212700136526933,0.5817320633597008
alpaca_12641,1.61790386065667,0.8230005521511307
alpaca_12642,-10.0,1.0000001731134354
alpaca_12656,4.395840805698027,0.8607792903118479
alpaca_12668,0.575357898853735,0.9376655385829319
alpaca_12684,3.8851319902373707,0.6244186201750686
alpaca_12692,-3.209722054702295,0.9102623934622786
alpaca_12699,-5.5245255302595,0.9921849230032601
alpaca_12702,5.585329526521709,0.9624904656085592
alpaca_12704,-4.731803820245517,0.6614991146950115
alpaca_12724,-2.7322209774890607,0.7008495668307558
alpaca_12730,-0.5711382155408545,0.9748641316748667
alpaca_12740,-5.941257485642868,0.9137018535741671
alpaca_12750,-1.6890768247839667,0.9951948435272119
alpaca_12754,0.3968069342000286,0.9136852515291637
alpaca_12763,-10.0,0.9999330372773835
alpaca_12769,-10.0,0.9999999524217543
alpaca_12770,-5.946542703232229,0.7510911274008477
alpaca_12796,-1.5581726524487807,0.5148417037349361
alpaca_12801,-5.356157533369653,0.9930429086428342
alpaca_12804,-5.901368119654116,0.9710254070357526
alpaca_12808,-10.0,0.9981139118230414
alpaca_12835,-6.450207298334821,0.6828069923445809
alpaca_12853,-4.914869027471126,0.9964466698069399
alpaca_12854,6.830954882361784,0.8607386276809352
alpaca_12859,-3.134730041403408,0.8831475724578896
alpaca_12860,-5.954946436392175,0.9552355901926834
alpaca_12866,-6.723501914735497,0.6157895110358644
alpaca_12886,-5.3706194912096565,0.9928196845639006
alpaca_12891,2.6475674957391155,0.999997017912135
alpaca_12901,1.1723900396019566,0.9896276753498007
alpaca_12905,2.0585028482929064,0.9674319713497235
alpaca_12913,3.600213723732306,0.96782179761228
alpaca_12916,-10.0,0.9684566343948524
alpaca_12918,-2.6979769269996074,0.9638792646452976
alpaca_12919,-6.545529138870486,0.8512383147447017
alpaca_12926,-0.58362159008501,0.8735564853402867
alpaca_12933,5.064954342461345,0.6883379409476568
alpaca_12942,-3.2641867267898204,0.9409284503689225
alpaca_12961,-1.7700438847368332,0.6306211656298422
alpaca_12976,-1.3426829770004152,0.5683604250457585
alpaca_12978,-6.687335717952875,0.8286774548750799
alpaca_12989,4.7225708593954385,0.8943781285283942
alpaca_13001,5.392408441135713,0.9927074118587501
alpaca_13006,5.352292572678371,0.9930964128343885
alpaca_13015,2.056715924548037,0.9622038376658198
alpaca_13020,10.0,0.8208344072402004
alpaca_13029,-7.303573702279667,0.832688432005204
alpaca_13035,-0.391178763832376,0.7421378276886864
alpaca_13036,2.4394974401567926,1.0001528856566972
alpaca_13039,10.0,1.0
alpaca_13053,3.7938102383513232,0.819559805488105
alpaca_13061,-10.0,1.0000001909555027
alpaca_13068,-5.684723754379957,0.714596676881753
alpaca_13080,-1.154543051472878,0.9901533138665716
alpaca_13096,-10.0,1.000000518915003
alpaca_13097,5.39331537229232,0.9926859845423326
alpaca_13098,1.0310000435065576,0.975388147048212
alpaca_13101,-2.6991175966958076,0.6896593682336722
alpaca_13124,-0.9791248556425565,0.8535489261883709
alpaca_13134,-6.160548453006693,0.9613869426987508
alpaca_13138,-7.300062548972423,0.8334482767981422
alpaca_13139,-6.965079818880778,0.7760461465967797
alpaca_13141,-0.6274187891636268,0.8724156800089848
alpaca_13142,-3.5315136180127458,0.5916112211218038
alpaca_13160,1.922999554885436,0.9608434338965112
alpaca_13163,-0.477902776284176,0.9035428321971567
alpaca_13164,10.0,1.0000001957266986
alpaca_13175,10.0,0.864440958684323
alpaca_13176,-1.5495436936593974,0.5587620043449177
alpaca_13193,-5.901362983007634,0.9710236277307516
alpaca_13198,-1.2214780037987663,0.9911679243797794
alpaca_13203,-7.716441511382481,0.7748955313273099
alpaca_13210,-5.669827650475695,0.7164716261186549
alpaca_13211,10.0,1.0000006306000921
alpaca_13219,-3.9570394244128115,0.912461423977296
alpaca_13220,1.971972745588032,0.6931304274643268
alpaca_13223,8.228446443802987,0.5379966745680784
alpaca_13228,-0.7937645522001657,0.977002433935726
alpaca_13235,5.527243478310254,0.991520656669022
alpaca_13237,-1.368651286051656,0.998925813119903
alpaca_13243,-7.081085700187396,0.917738304200956
alpaca_13248,2.3606471202950954,0.9796055437352587
alpaca_13257,-1.210173572204349,0.6515931912932298
alpaca_13258,-3.5565657382504337,0.7838307838300094
alpaca_13261,-2.8721019398157575,0.6175239745433642
alpaca_13265,1.0011177532393982,0.7962909320893791
alpaca_13271,-2.7714810434190076,0.9748597757465212
alpaca_13273,-6.000982818457182,0.9352422253145549
alpaca_13274,2.3692684995833515,0.6051941951884323
alpaca_13280,-1.7198441419477002,0.9994213498082728
alpaca_13283,3.2588962571429874,7.38905609893065
alpaca_13296,-8.525342470420819,0.9881184897945317
alpaca_13305,7.4663107605008365,0.8100627603233126
alpaca_13306,1.9550635618810337,0.983093550417589
alpaca_13308,10.0,1.0000000038895396
alpaca_13310,-3.24009873190919,0.9845804554607197
alpaca_13325,-7.1366894120467075,0.8690094372531576
alpaca_13327,1.537871145535048,0.8784044888938803
alpaca_13332,4.513649593799078,0.8446867045302973
alpaca_13342,-8.023634758333925,0.7196322879860936
alpaca_13348,-3.759275738156518,0.9736811830766068
alpaca_13358,-7.208597352172582,0.5968316105991918
alpaca_13359,-2.6015493592599683,0.9760334723831089
alpaca_13365,-6.971924724932786,0.8107716465655712
alpaca_13372,-7.0911211125190965,0.76172836082771
alpaca_13375,-2.5538905921686013,0.999989858351277
alpaca_13384,6.844300796443402,0.8348958681197081
alpaca_13389,-6.94223858231393,0.8165906764461119
alpaca_13396,-3.4652756814301715,0.9665249959949025
alpaca_13399,-7.797968551895619,0.9953426477234923
alpaca_13407,7.670441485691456,1.0000004932306277
alpaca_13408,2.438120689867018,0.9918512004994325
alpaca_13414,2.501714529018371,0.7153301938493691
alpaca_13419,-6.324317846553226,0.9580355576237511
alpaca_13420,-1.232214905233717,0.9955684191920603
alpaca_13422,-2.768771242840761,0.8038316921539866
alpaca_13425,-2.917777102003333,0.6622595039362115
alpaca_13428,-3.0035808841056455,0.9998961749110659
alpaca_13430,-2.517078486815415,0.9931743079639599
alpaca_13434,10.0,0.9964874121152507
alpaca_13439,4.276877082292652,0.6392261567519422
alpaca_13441,-1.9035020208913853,0.9349491607256082
alpaca_13448,-5.846682446603919,0.543549844096888
alpaca_13454,-1.4258023721745121,0.7778243485327226
alpaca_13457,4.81655051546139,0.6788050456832331
alpaca_13465,-4.649864969656001,0.8347817741258707
alpaca_13472,7.905802169148994,0.7435945605180319
alpaca_13479,10.0,0.9496295399891939
alpaca_13484,-5.508762113724651,0.9924072924764651
alpaca_13494,-7.1730125434093,0.8575451249970428
alpaca_13505,-4.912231295606873,0.8850476182754107
alpaca_13516,-10.0,0.9999998266722231
alpaca_13518,-10.0,0.9957350176590175
alpaca_13529,-5.910229943957285,0.9422994525552623
alpaca_13539,0.4134450753976038,0.9120959086641257
alpaca_13545,10.0,0.9999999915663088
alpaca_13549,-6.6250374141107145,0.6665016444465259
alpaca_13553,2.5052681918819872,0.9629708797913387
alpaca_13556,-2.222887349254535,0.9703353500210217
alpaca_13565,8.53163892446411,0.49568439264756775
alpaca_13571,-0.9845457955473256,0.9727920014388822
alpaca_13572,6.6993174215186695,0.9283685508136197
alpaca_13576,-1.020947098003462,0.9310779126979976
alpaca_13582,-0.36113649651193286,0.8771888940464504
alpaca_13583,5.35237012225266,0.9930953044073995
alpaca_13584,3.4422541772661055,0.9897652076538693
alpaca_13591,-6.306109204950115,0.9594878224221091
alpaca_13592,-2.133182052774475,0.7979413179345969
alpaca_13610,-10.0,0.9808469318539123
alpaca_13615,-0.9129444531830763,0.7576985067741385
alpaca_13619,-0.021092170478618555,0.9963726143792152
alpaca_13622,-2.0242325284315315,0.5727615635839427
alpaca_13638,-6.013133122665942,0.7687304287720229
alpaca_13643,-4.39457393464887,0.70214364405956
alpaca_13654,-6.476368826024199,0.6599453451677525
alpaca_13662,-1.5715800785830887,0.7695145767490167
alpaca_13677,-0.7204362808292996,0.9665702349610622
alpaca_13681,-6.016398315462913,0.6761689355502114
alpaca_13685,-1.9310378822067693,0.7180972788403323
alpaca_13689,2.6190736827769827,0.9279213685449388
alpaca_13697,0.8025994212380259,0.993489024058057
alpaca_13709,4.569644606725103,0.5255299211729957
alpaca_13714,1.1169009699393446,0.7227390846146715
alpaca_13722,-4.258385591104118,0.8523070344091147
alpaca_13724,1.2726936016748667,0.46328108718218974
alpaca_13740,-10.0,0.9998864170311197
alpaca_13748,5.592477854852238,0.992615993396619
alpaca_13753,-7.330292909747294,0.7323057585051527
alpaca_13764,-5.606543850751319,0.9554445736350583
alpaca_13769,10.0,0.9999973862043074
alpaca_13770,4.715087800230201,0.5780409487274095
alpaca_13775,-3.118020721479909,0.9318927816248885
alpaca_13778,10.0,0.9670066043629244
alpaca_13780,0.6477232237809412,0.7392630453445129
alpaca_13784,-5.306509252990589,0.9804803775401614
alpaca_13792,3.958460944335716,0.6365071540510754
alpaca_13793,-4.616170063707052,0.6042040645999086
alpaca_13795,0.8614319501479412,0.5106490084698486
alpaca_13799,-3.9085634349968066,0.8572981800212882
alpaca_13816,-4.381998582646246,0.9957938909219577
alpaca_13818,5.1726511173909415,0.6426806757440776
alpaca_13824,0.7205018023790037,0.6746366618476052
alpaca_13827,8.355486347866778,0.7031465813383905
alpaca_13828,-10.0,1.0000001608524842
alpaca_13839,-2.629438214576951,0.8687056354557521
alpaca_13876,-6.6895722060613565,0.5510550890570991
alpaca_13893,-2.2187116880280318,0.8229002642881649
alpaca_13895,-10.0,1.000000195279897
alpaca_13896,2.7631109841964228,0.812734512382589
alpaca_13907,-1.978811138375142,0.993561007542808
alpaca_13913,-3.045673083527966,0.8959426328072181
alpaca_13919,-10.0,0.8586202070313823
alpaca_13930,-10.0,1.0000003536269004
alpaca_13936,-2.02599776684362,0.9533322734866659
alpaca_13940,1.957324600529429,0.9831093406745869
alpaca_13941,0.3603923804709266,0.9410464360029975
alpaca_13952,-6.702522304032911,0.6550180434958716
alpaca_13953,-10.0,0.9999994974170403
alpaca_13962,2.5538378919062876,0.9999969373318089
alpaca_13966,4.877194478771113,0.516042933077745
alpaca_13970,-3.95994828335737,0.704355511343145
alpaca_13977,5.92643197617289,0.9594889776233401
alpaca_13979,-8.059329551468386,0.7030480511492072
alpaca_13982,-5.612495141279757,0.9954892451405702
alpaca_13988,-5.229522464522954,0.6484177641623307
alpaca_13989,-0.3254399831251644,0.7073797388120272
alpaca_13993,-6.863682353273899,0.8942142186417105
alpaca_13997,2.127703746734087,0.8185347260051138
alpaca_13998,-4.393290625015747,0.8271657625685233
alpaca_14011,10.0,0.810603089937751
alpaca_14017,-1.4066303749246793,0.9717696891279815
alpaca_14021,-1.34978932513103,0.8073383415010278
alpaca_14024,-7.10963559203988,0.7875169733127889
alpaca_14026,0.7050205258410456,0.9727609162759429
alpaca_14031,-1.5935615420956453,0.9877270106935226
alpaca_14032,8.54531992754492,0.6172963552715361
alpaca_14049,10.0,1.0000002113807702
alpaca_14050,-0.9340715621758116,0.6551708570002369
alpaca_14059,-0.29882852421925427,0.9734494812701291
alpaca_14083,2.5537975914872315,0.9999952060679809
alpaca_14085,-5.4019572545534045,0.7714644051377163
alpaca_14091,1.0667499047584434,0.6876072673082911
alpaca_14117,-1.4275691917546116,0.9592166958485843
alpaca_14120,-6.679723522640072,0.9120998392889399
alpaca_14134,-2.5538151926497723,0.9999959074677529
alpaca_14145,-2.1406976194288494,0.9812284095798299
alpaca_14146,-5.011962398009772,0.6588829443698159
alpaca_14149,-1.4952367848381463,0.5291034282451429
alpaca_14150,-2.7782400727286123,0.9802439917916604
alpaca_14154,4.651522754069646,0.5371678914992445
alpaca_14159,-1.5400518188612138,0.9774554414371204
alpaca_14164,-5.134661525510381,0.9926708234787204
alpaca_14175,2.163154881975841,0.8286650821861956
alpaca_14176,-5.704822267779888,0.6209606764934601
alpaca_14181,5.4501613270990035,0.9921386805075754
alpaca_14183,5.8277754245215165,0.62973325851442
alpaca_14184,0.2574271389741511,0.7810909540326578
alpaca_14185,5.392331290568442,0.9927083303049589
alpaca_14188,-5.392846887900828,0.9927011298000099
alpaca_14198,10.0,0.9919610635142306
alpaca_14199,-6.107725941100906,0.9497835749630166
alpaca_14201,1.418113791328345,0.9804879459385247
alpaca_14213,-10.0,0.9377680579001754
alpaca_14217,-10.0,0.9769911922292831
alpaca_14223,4.143965217106097,0.5421333141840734
alpaca_14233,-4.637576823285233,0.8207653122137308
alpaca_14236,-0.7444741627228174,0.9551597505123662
alpaca_14266,2.833648376773468,0.6239010918571071
alpaca_14270,2.239610949841534,0.9749344885185144
alpaca_14271,-6.524653010132029,0.9182965332839854
alpaca_14278,-10.0,0.9995554202162411
alpaca_14297,-5.04557853718953,0.7930439610704343
alpaca_14299,-2.4506767694418325,0.7951978740496535
alpaca_14302,5.88003509662069,0.9613555614686562
alpaca_14309,-5.888662676494399,0.9592393931716804
alpaca_14326,-7.689914555785627,0.7015228942891706
alpaca_14332,1.8048259209956514,0.8771525219999455
alpaca_14333,-10.0,0.8880670406410831
alpaca_14334,2.4562164318407986,0.5363720998453541
alpaca_14346,-5.433255577598755,0.9919282900613563
alpaca_14356,10.0,0.9930697987568224
alpaca_14379,0.07399555852202047,0.49095904348200153
alpaca_14381,-10.0,0.9915562858739331
alpaca_14387,-6.527200408527997,0.9205644030898281
alpaca_14410,-3.777864061976403,0.7498600323473246
alpaca_14411,-7.307912473614635,0.8166750478465685
alpaca_14412,5.738543471993405,0.9928449146069082
alpaca_14414,4.245105818175939,0.9425219080872108
alpaca_14417,5.993297208984194,0.9415888388945495
alpaca_14420,-0.7829337672603109,0.7390425781981068
alpaca_14431,1.8691394736261295,0.9215935572726492
alpaca_14432,-3.237454193155245,0.6029077962413977
alpaca_14444,-7.934806373648627,0.989904286704621
alpaca_14456,-4.288222059866296,0.9065325609265277
alpaca_14459,-3.9663788794097163,0.8992536821843526
alpaca_14474,8.632215536122409,0.596635914688601
alpaca_14486,-0.9414609053442027,0.7400888629774052
alpaca_14492,-1.3279348929153525,0.9805307954545311
alpaca_14494,-10.0,0.8486921061384711
alpaca_14496,2.6837841319571822,0.7878638298067422
alpaca_14502,1.005449921363279,0.9231058479502046
alpaca_14506,-3.4799929126263383,0.8583686531228003
alpaca_14508,-3.2439711487383702,0.6846235151478799
alpaca_14511,-2.8332872801102478,0.7405989668228683
alpaca_14522,5.716180720181266,0.9646939369278493
alpaca_14526,-2.966694201685747,0.993476351711685
alpaca_14533,2.5865977777199363,0.9949602509910479
alpaca_14557,3.692105265432442,0.5724132062432923
alpaca_14571,-3.547570719572792,0.9802088443981817
alpaca_14579,1.0880269766242716,0.9997477174184335
alpaca_14584,10.0,1.0003906091961234
alpaca_14598,2.336670601903077,0.9351762570768705
alpaca_14600,2.4152803474744315,0.9538765857628818
alpaca_14609,-0.7767366054402003,0.633793854073854
alpaca_14610,5.666122557926939,0.9930760955230965
alpaca_14611,-5.306047390224566,0.9821263887861293
alpaca_14615,6.527966178474825,0.939987914484947
alpaca_14621,-2.892235934947943,0.6629171598921617
alpaca_14632,-6.532582528141524,0.885095095580436
alpaca_14641,10.0,0.9844390316930067
alpaca_14647,10.0,0.9150873960248512
alpaca_14649,-0.8213928090143633,0.972246503718614
alpaca_14665,-4.786463412716778,0.8308137947159527
alpaca_14673,-6.980316938999569,0.8773027048348945
alpaca_14677,-5.352391001329641,0.980889769312637
alpaca_14681,5.352208729352123,0.9930993347751281
alpaca_14683,-4.412105963747469,0.8363848381697856
alpaca_14685,2.6790725279666057,0.5078773357627954
alpaca_14692,2.5739632639848655,0.7044475584126796
alpaca_14693,2.939686398294964,0.9810650792146698
alpaca_14700,-4.683539445275788,0.7662416898430459
alpaca_14702,5.35960143501739,0.9933490209947375
alpaca_14705,5.928577353554554,0.9686547230787271
alpaca_14708,-4.530164225459838,0.8141894452201739
alpaca_14715,1.6643342279689497,0.5112495446085301
alpaca_14717,-10.0,0.8917263346789055
alpaca_14722,6.8512167541510935,0.8659053237742239
alpaca_14724,-10.0,1.0000001841460149
alpaca_14725,-0.23583892020603145,0.7714391621040155
alpaca_14726,-2.699737104516738,0.9942375853249821
alpaca_14743,-5.4914197714594435,0.9580720089822331
alpaca_14748,-8.866329087750515,0.5690706322725712
alpaca_14757,-2.886246582882088,0.8531077762929354
alpaca_14759,10.0,0.8169124373808626
alpaca_14761,-7.784601704639349,1.0000317225657063
alpaca_14770,-4.215602237235204,0.8665232310786763
alpaca_14787,1.5800228228637758,0.9880490561142359
alpaca_14788,-6.028847422637797,0.7531120269746451
alpaca_14790,10.0,0.8734356848333259
alpaca_14795,-4.601977000633052,0.9498962222657168
alpaca_14796,2.7012428474578245,0.5212315521884614
alpaca_14797,-3.542978508304096,0.898450084416077
alpaca_14799,-7.242375760483502,0.7481226925306715
competition_math_2,1.758924416915979,0.7255448955912497
competition_math_3,-0.21728655636274688,0.6565029168804097
competition_math_10,4.206281778052806,0.9736243888076461
competition_math_13,5.353149955061506,0.993079821857527
competition_math_15,2.5538052732706684,0.9999951816461653
competition_math_20,6.915213344276428,0.6402731708763065
competition_math_25,10.0,0.9999709029683258
competition_math_26,2.6119911911204503,0.9839633530697358
competition_math_30,-5.875642778907641,0.9936246171899378
competition_math_33,5.569008329814221,0.7122790383524417
competition_math_35,-2.840900184386435,0.9966978504893458
competition_math_43,3.830728939178857,0.9472738761939801
competition_math_49,10.0,0.9409657010689068
competition_math_54,10.0,0.7105376529900467
competition_math_59,4.945500159456575,0.5788126391931494
competition_math_60,-2.5541383622319866,0.9999925863628553
competition_math_63,10.0,0.9861944943426139
competition_math_75,10.0,0.8449728916902952
competition_math_76,4.81954240726861,0.8179644490007303
competition_math_84,5.980724243599816,0.761944368556536
competition_math_87,9.34133328156664,0.9999869772494194
competition_math_98,-5.992376617507618,0.735525886394354
competition_math_108,-4.925156405178729,0.9908864540862793
competition_math_111,10.0,0.9930983684168471
competition_math_116,2.5282728579763667,0.5829080151843318
competition_math_121,3.2574074382462483,0.5755150135219632
competition_math_123,10.0,0.9170456424505059
competition_math_128,5.434287081502087,0.9904588396128503
competition_math_133,10.0,1.0000002124575058
competition_math_142,5.011149310540958,0.6642072989502649
competition_math_161,10.0,1.0000000104028737
competition_math_164,-3.2943496386830415,0.9742351440277747
competition_math_165,6.84064960517989,0.8898284072486915
competition_math_171,6.632171127779171,0.9172268058634878
competition_math_174,6.138130003170422,0.9511225328172118
competition_math_175,10.0,0.995769128704761
competition_math_183,10.0,0.7296389005235018
competition_math_187,10.0,1.0
competition_math_200,10.0,0.9976120096758361
competition_math_203,10.0,0.8807198184394162
competition_math_208,-1.038031796402198,0.7163534620763627
competition_math_210,6.512012869417978,0.5709913576919448
competition_math_217,10.0,0.909284445117491
competition_math_218,-4.102268555330732,0.7714445430556155
competition_math_221,-7.829087701299764,0.526227257091793
competition_math_224,10.0,0.9542799206659281
competition_math_231,10.0,0.8066701874417557
competition_math_234,10.0,0.9999837629311212
competition_math_239,-4.701213115607278,0.7420633927472003
competition_math_250,4.682490032521421,0.563455835844777
competition_math_252,10.0,1.0
competition_math_253,-5.91308557717128,0.9715145970816143
competition_math_263,-0.7725479525050285,0.7858754510814903
competition_math_264,5.456871167534039,0.662478289803087
competition_math_280,7.519319329187683,0.783833483949196
competition_math_286,5.488646316524622,0.978717535853254
competition_math_289,3.645114229227055,0.6141381993155479
competition_math_301,0.8829479471039804,0.7244421605542677
competition_math_307,-5.208180917007832,0.6997521835360392
competition_math_316,10.0,0.8924914411253682
competition_math_319,1.7639301373755885,0.46491111300078913
competition_math_326,-0.40065874202196083,0.724556822275281
competition_math_331,2.628604274184907,0.997778715224113
competition_math_334,0.3361967913703462,0.7846012515037756
competition_math_336,-0.322545601512101,0.7704363833291844
competition_math_338,-1.754996950341977,0.8714176366118065
competition_math_345,10.0,0.9930988068919248
competition_math_349,-0.42797819986014113,0.8931885834438948
competition_math_351,10.0,0.9998904103643814
competition_math_362,10.0,0.9942058561398787
competition_math_363,-7.7424350494034995,0.9982392880306485
competition_math_364,10.0,0.9688911683158509
competition_math_368,5.368659524555242,0.9928710341341093
competition_math_373,10.0,0.9999941659686605
competition_math_379,10.0,0.8031389822155321
competition_math_382,0.8314130437045214,0.6911273930803122
competition_math_390,10.0,0.9786667455199008
competition_math_391,10.0,1.000001671328826
competition_math_392,1.1619855972719295,2.3025129206373576
competition_math_393,-4.355450531158581,0.5242742023164881
competition_math_396,1.4038330337617289,0.8438446469195009
competition_math_399,10.0,0.986864190307616
competition_math_404,5.06822330720109,0.9838677031262847
competition_math_423,0.12486708401590815,0.9266461096885363
competition_math_428,3.5782227769705255,0.9068212967615578
competition_math_432,8.775440625361327,0.9921949282202068
competition_math_439,1.5138720028588566,0.8241273397490635
competition_math_440,10.0,0.9480781506215851
competition_math_444,10.0,1.0
competition_math_445,10.0,0.9670454688292851
competition_math_450,2.7507257483441108,0.9031677538185628
competition_math_455,3.247252921558688,0.7038898711525242
competition_math_457,5.804702111281423,0.7385394405558686
competition_math_467,6.419816315495659,0.5349393200477169
competition_math_469,8.717796706829708,0.5965009782771964
competition_math_470,8.463203666978355,0.6707691884623963
competition_math_477,-8.87933616863401,0.5642485676232661
competition_math_479,10.0,0.9832280552855193
competition_math_491,0.46941252934557015,0.9935994649140628
competition_math_493,3.9172928542422896,0.7995015870356673
competition_math_497,5.367538343127944,0.9928000096408307
competition_math_498,5.497100480114593,0.9859495311697075
competition_math_500,10.0,0.9856504738072743
competition_math_502,-3.605589587716433,0.7227688608639927
competition_math_504,5.549739914957677,0.9696466477932066
competition_math_505,2.678611948906701,0.9562020806032847
competition_math_507,-6.253972213054496,0.6537627232821647
competition_math_508,10.0,0.9930989635875286
competition_math_518,10.0,0.9999038641267831
competition_math_545,5.134947318843545,0.9867471418311042
competition_math_550,10.0,1.0
competition_math_554,-5.241274492846885,0.7333287326763803
competition_math_556,-5.352532137420056,0.9931402135775673
competition_math_557,4.194606207135192,0.8463406494368655
competition_math_563,-0.7332138719632905,0.7754960589245841
competition_math_569,7.682791930793783,1.000000600847835
competition_math_576,2.534600324914101,0.8023287525993887
competition_math_583,-1.9027252913948725,0.535016177742603
competition_math_591,10.0,0.9999996228169912
competition_math_597,10.0,0.9997535790616842
competition_math_602,0.9112279297311184,0.9571581242595768
competition_math_615,-0.4469362824429609,0.9523676470649453
competition_math_620,-5.399411661349836,0.9919164191567844
competition_math_625,6.012027696120287,0.940678873430068
competition_math_626,5.355598338475929,0.9916959838518593
competition_math_628,-3.6511011830493483,0.5213656297275919
competition_math_631,-1.1141417190042122,0.8795531391847734
competition_math_633,10.0,0.9999974921951126
competition_math_639,4.18267069913257,0.7139555633202714
competition_math_644,4.720073909160438,0.45169670614187674
competition_math_648,3.434246289306435,0.9138366065970446
competition_math_649,-3.13959973868989,0.9657826952997057
competition_math_656,6.373343187992854,0.9427204189055054
competition_math_658,-2.0544565731696336,0.9693361726599814
competition_math_672,3.393920060608387,0.513343547433937
competition_math_674,8.437260250370933,0.4591350962674925
competition_math_681,6.694014034952787,0.46662120236904614
competition_math_683,5.931829421662383,0.6002844044060587
competition_math_693,10.0,0.9079028091170305
competition_math_695,8.949391097131532,1.0005740565127426
competition_math_696,10.0,0.9930987443101701
competition_math_701,10.0,1.0000001057589771
competition_math_702,-6.894039997541841,0.5491440085468233
competition_math_704,-5.279520890495193,0.7884223432120295
competition_math_705,10.0,0.8545614053230053
competition_math_706,-2.0759746428658987,0.9510574336130322
competition_math_707,5.847980985205358,0.9832729621304639
competition_math_710,7.358583514831464,0.8526894863877557
competition_math_711,10.0,1.0
competition_math_714,-2.0448418568792417,0.9778257038852162
competition_math_715,-4.2644470025218,0.8614205321120658
competition_math_720,10.0,0.9172716391407818
competition_math_723,0.4845882304796908,0.9214106689255331
competition_math_729,6.389265048332206,0.9742095245958479
competition_math_732,10.0,1.000001025170148
competition_math_735,1.8432605473334274,0.9965886324308216
competition_math_748,10.0,0.9831694575932993
competition_math_749,-5.651104473120516,0.9767619435561247
competition_math_754,10.0,0.976042847128004
competition_math_761,10.0,0.6574361672255961
competition_math_768,10.0,0.9999999811974435
competition_math_773,10.0,1.00000110364702
competition_math_776,-1.4272562189658018,0.869507261501681
competition_math_778,3.3864392994203447,0.9100152706093734
competition_math_795,-1.806238111484478,0.6514351376446562
competition_math_798,-2.812850308726492,0.6267598574237913
competition_math_799,-3.2200901640710833,0.7570572425743086
competition_math_805,6.424255459384145,0.9059882519553393
competition_math_810,-0.9947936112412853,0.9733677449808833
competition_math_811,5.406057536361947,0.9928039815988056
competition_math_816,5.955515874381138,0.9509473760984949
competition_math_818,-5.257952489632278,0.9896547487731693
competition_math_828,9.035727333374984,0.5233197873712725
competition_math_851,5.610118890765193,0.9703221729280329
competition_math_856,-0.3155897708968511,0.9986174162273709
competition_math_859,5.286201384625848,0.7863229421785848
competition_math_867,10.0,0.9817724622189521
competition_math_878,3.495165494676722,0.9225109748977467
competition_math_888,6.899289861697377,0.49048261011985606
competition_math_893,0.35380841196062285,0.977788425380443
competition_math_900,5.300293759992983,0.6748963021944362
competition_math_906,-0.3611998011828022,0.999755873180256
competition_math_915,-6.341676322090071,0.9660653566486792
competition_math_918,10.0,1.0
competition_math_920,10.0,1.0000001878007312
competition_math_929,10.0,1.0000001638069864
competition_math_930,10.0,0.7005675233711575
competition_math_945,1.4501848505813086,0.7578831659408406
competition_math_950,0.661691697214588,0.7992605931714002
competition_math_951,2.0865166954048613,0.9656140606013981
competition_math_955,-1.5196131464068643,0.8579615549113799
competition_math_958,1.1586504286939214,0.9786327559500113
competition_math_959,0.6141438474239703,0.7044707270565604
competition_math_968,10.0,1.0
competition_math_972,10.0,1.0000000524141464
competition_math_980,10.0,0.9930989640500592
competition_math_994,2.096011524978837,0.9830146737537323
competition_math_1002,1.6763431708888743,0.9964778739127799
competition_math_1003,5.6802537284049315,0.9818430798278734
competition_math_1005,4.1288849026807695,0.48665550020214565
competition_math_1029,10.0,1.0
competition_math_1030,-2.1519698537012837,0.8473319254191093
competition_math_1033,-9.21125897194285,0.9934106523595385
competition_math_1043,10.0,0.9923935801964547
competition_math_1062,-5.122597038767795,0.9798321948693155
competition_math_1075,6.829448211854912,0.6465604461287137
competition_math_1081,5.228971347142165,0.9837246552387017
competition_math_1085,-0.1204859540357232,0.6770743264904624
competition_math_1087,4.137418156836325,0.7128119828432145
competition_math_1098,10.0,0.9812904494446707
competition_math_1102,5.356256857415719,0.9930826897558049
competition_math_1108,7.12414053542507,0.8548540827577843
competition_math_1109,7.676155264057865,0.5440217136067427
competition_math_1111,7.075869236146308,0.8643090717634304
competition_math_1128,5.9112954601046495,0.9705995914847131
competition_math_1133,2.326106996275718,0.5250375870517848
competition_math_1138,1.194737193228131,0.9783434994859048
competition_math_1139,10.0,0.9349182265584606
competition_math_1150,10.0,0.9998558294851612
competition_math_1161,7.311100815984183,0.8635351205451883
competition_math_1185,-1.3662006831487972,0.8507613913953056
competition_math_1191,10.0,0.9925911883989583
competition_math_1192,8.797213480726791,0.5771339959074234
competition_math_1203,10.0,0.9868496153173084
competition_math_1207,10.0,0.9999812728565566
competition_math_1229,3.8627869270628055,0.6781575329373233
competition_math_1238,3.020867416236782,0.7867036456382721
competition_math_1250,-5.083915661513311,0.9768369577322618
competition_math_1252,7.657705543573731,0.4930452947278327
competition_math_1253,3.6534983151375284,0.9941602952279567
competition_math_1256,5.233316643488359,0.9863692767405833
competition_math_1257,-0.49461698269764814,0.9600301098294689
competition_math_1258,7.66178922411428,1.0
competition_math_1259,-2.6444183667115917,0.6138170085181908
competition_math_1261,6.642336350703087,0.6570688575158075
competition_math_1269,10.0,0.9407128876411102
competition_math_1274,2.623591677952002,0.9997810976911693
competition_math_1277,6.047193698941505,0.9582483342927605
competition_math_1280,2.1693588854952175,0.6560587992284729
competition_math_1281,2.5862347220463637,0.7753383423761774
competition_math_1291,4.944078053500007,0.5699889456512217
competition_math_1301,5.395721231821776,0.9926711511550403
competition_math_1305,1.0864188793726115,0.6458756571484665
competition_math_1309,10.0,1.0000020245449612
competition_math_1311,3.1176306490160712,0.8942382994546961
competition_math_1313,10.0,0.6927356342862734
competition_math_1314,4.016264368509901,0.7387186526188916
competition_math_1321,4.477434738140843,0.5211450863947189
competition_math_1337,10.0,0.6416255831841673
competition_math_1341,10.0,0.9999974927003881
competition_math_1347,7.772636840949056,0.9999691613365638
competition_math_1352,5.4621012846361685,0.6883647971291422
competition_math_1355,-0.8584289283881776,0.9514359602864505
competition_math_1359,5.267953705659538,0.9710973261467424
competition_math_1372,5.840482953315415,0.5338359863065911
competition_math_1381,10.0,0.8826805073010202
competition_math_1383,-0.30596179924277556,0.5402714511945593
competition_math_1384,8.375250159214678,0.6571879163023477
competition_math_1391,10.0,0.9999998163031396
competition_math_1398,7.90315383890842,0.7264833967236387
competition_math_1400,3.9861647679739085,0.9991583752699509
competition_math_1405,-5.4514653896723155,0.9927590653860066
competition_math_1408,7.800904104730322,0.4737838696289175
competition_math_1428,10.0,0.802654051002103
competition_math_1429,-3.89441489646721,0.8720535524890646
competition_math_1431,4.211518932020929,0.897082795327764
competition_math_1433,-3.008872007914159,0.9073114879251039
competition_math_1438,-3.3945053065381354,0.7642638025324135
competition_math_1445,10.0,0.9999897109741919
competition_math_1453,7.709717361033528,0.7635469647738764
competition_math_1458,0.5048453341759754,0.5262046398488773
competition_math_1460,5.362658703527888,0.9930293922236472
competition_math_1461,8.111265559667736,0.5055337393138176
competition_math_1470,6.2209216872891835,0.6795633781095004
competition_math_1475,10.0,0.7702563988398713
competition_math_1476,5.845630527109631,0.9787919165894281
competition_math_1486,10.0,0.9999951448982588
competition_math_1487,10.0,0.9869793668177433
competition_math_1488,-10.0,0.9999303607826006
competition_math_1505,5.359596776739712,0.9931579116922502
competition_math_1519,10.0,1.0000147264352242
competition_math_1522,1.0503259807748255,0.9700151111440254
competition_math_1530,-1.451080370936324,0.6633685789508563
competition_math_1531,6.605031148650668,0.591958777271292
competition_math_1533,10.0,0.8741495105051242
competition_math_1542,1.2555451677896277,0.642541875195205
competition_math_1543,10.0,0.9459583026003467
competition_math_1548,6.205156234382992,0.7024587318309675
competition_math_1554,2.498377544617107,0.9158435487798307
competition_math_1564,-3.9393371150808694,0.8179852973075574
competition_math_1565,10.0,0.9994462802969039
competition_math_1572,2.013336071061638,0.967701216191333
competition_math_1574,5.397792117034079,0.992628449648174
competition_math_1578,10.0,0.8787344175408829
competition_math_1579,-2.5034869809867515,0.851977239324216
competition_math_1580,-3.349100363464755,0.5150492187217744
competition_math_1581,5.793149057027739,0.9767109923014877
competition_math_1587,10.0,0.9303087810308223
competition_math_1593,10.0,0.921325302090558
competition_math_1611,-5.956319037572402,0.6083798293674134
competition_math_1612,8.270588155424171,0.6648790935380713
competition_math_1615,10.0,1.0
competition_math_1616,-6.63041871730355,0.8205697707168381
competition_math_1623,3.4674491376923,0.9231215536155729
competition_math_1629,10.0,0.8434879660895991
competition_math_1630,7.387295942458801,0.810842144628946
competition_math_1635,3.0762920376809135,0.5321578208835451
competition_math_1638,10.0,1.0003576578601134
competition_math_1660,5.723125361581477,0.9920603442594592
competition_math_1661,10.0,0.9009729946185799
competition_math_1665,10.0,1.0000039586467575
competition_math_1666,10.0,0.6904103332440831
competition_math_1673,3.942624218030334,0.5642487936666967
competition_math_1681,7.047274704247262,0.8636946656594563
competition_math_1685,-10.0,0.9999259311570442
competition_math_1697,-2.0525539932663452,0.7857217645426948
competition_math_1704,-1.422299117385623,0.9591923439580422
competition_math_1708,10.0,0.9909921570480932
competition_math_1716,-3.693218343361124,0.6099266317274038
competition_math_1745,2.1105785454164945,0.900266535302479
competition_math_1746,10.0,1.0000003511378015
competition_math_1754,1.9785889197620683,0.8743072609897152
competition_math_1766,10.0,0.9894620194444709
competition_math_1773,1.8290985457058184,0.9887971159175216
competition_math_1779,-2.958567223148288,0.8335069796755536
competition_math_1780,10.0,0.7249184113946563
competition_math_1785,5.246850972776493,0.981093290899195
competition_math_1790,5.971599875853152,0.5731120571775283
competition_math_1791,-2.8378848448204175,0.5630393298254658
competition_math_1793,10.0,0.984654902965779
competition_math_1800,-0.9438798002455527,0.9323573731422348
competition_math_1803,1.5686040485355557,0.9881536520003962
competition_math_1805,3.701703425500449,0.8041568358067047
competition_math_1808,9.989526021925569,0.9792879013741996
competition_math_1810,2.553848649331654,0.9999973456274891
competition_math_1829,10.0,1.0000002724186394
competition_math_1830,6.488398141582673,0.9270383631452966
competition_math_1840,7.453426576436203,0.8122648227876527
competition_math_1847,2.5537831618719347,0.9999947433650922
competition_math_1876,-7.127888853491811,0.7918866114893395
competition_math_1880,6.819315030342703,0.902749926529491
competition_math_1888,10.0,1.0000003430267475
competition_math_1891,2.8210039646363247,0.6222782657155528
competition_math_1897,8.0568425265444,0.6233384098986912
competition_math_1901,-3.206512465771091,0.9927462371292323
competition_math_1904,1.1609050893148705,0.9843738015635188
competition_math_1914,-7.5242344618287005,0.800439544620742
competition_math_1918,4.0556160141287405,0.9623288082465467
competition_math_1919,2.052633642497972,0.9836914036900322
competition_math_1927,6.38850978387617,0.5635937894823493
competition_math_1929,10.0,1.0
competition_math_1931,-1.5057587491468112,0.8799065183224296
competition_math_1938,-3.796267675295278,0.8630742489464759
competition_math_1945,-0.1378590511287816,0.4813102152229532
competition_math_1948,2.5476967873633853,0.5821569709527086
competition_math_1950,5.353049117618679,0.9930860525589092
competition_math_1951,6.638260761939485,0.9133548312065224
competition_math_1954,-4.963172521946324,0.6712464336429387
competition_math_1955,7.68976602981762,0.7698865436729392
competition_math_1966,9.409975802803894,1.000062251685458
competition_math_1967,1.9322016056795797,0.9943116810054721
competition_math_1970,4.0981784792407865,0.5425398497915798
competition_math_1974,6.154602316875357,0.7110855934167972
competition_math_1986,1.410989605830149,0.5942482790150908
competition_math_1989,6.376939375219574,0.6703024371977572
competition_math_2006,-5.9021285661988045,0.9709877061538157
competition_math_2014,-1.1618904116852216,0.9335891937297041
competition_math_2018,10.0,0.6675331286228365
competition_math_2021,-7.457157215600137,0.8056428312090401
competition_math_2026,7.263707883482507,0.7705826741209695
competition_math_2032,5.6379228741128244,0.9862238084708431
competition_math_2033,-3.0940408254359246,0.8524106613998798
competition_math_2042,10.0,0.9999969696779458
competition_math_2045,5.4929211649277185,0.58595531884203
competition_math_2063,5.404168880757668,0.9930037805986344
competition_math_2064,-3.0696409441635972,0.6846286994781285
competition_math_2065,9.11956677220383,0.5307496561847763
competition_math_2069,-2.5538532997808225,0.9999971585167159
competition_math_2073,-1.4850237889360682,0.6890126636723584
competition_math_2079,7.126776603444529,0.5030583775557512
competition_math_2090,5.761919627025274,0.9926798224256531
competition_math_2094,0.7630194462368441,0.8245553657552025
competition_math_2095,10.0,0.999992969524772
competition_math_2114,10.0,0.7526513915660183
competition_math_2115,3.1264081625071753,0.4170230176813212
competition_math_2117,0.32233528078060003,0.9835369179110616
competition_math_2121,5.067404477473721,0.8300592117129657
competition_math_2123,8.002984174765215,0.7037279835485089
competition_math_2129,6.675155796194223,0.8634168190389202
competition_math_2135,0.30704657593775364,0.6958800501782669
competition_math_2137,10.0,0.97482775351868
competition_math_2141,-2.942682406184218,0.7164064430431134
competition_math_2151,5.361142533197232,0.9931517657037673
competition_math_2154,2.8481720791512948,0.9900763913783548
competition_math_2164,2.55125646236174,0.9994683057418312
competition_math_2169,2.964603241383526,0.9002828639357662
competition_math_2171,10.0,0.8540836633136684
competition_math_2186,10.0,0.9391220923398287
competition_math_2190,4.576407390555844,0.8391168246539972
competition_math_2193,0.17472103795550306,0.46397865855170684
competition_math_2207,10.0,0.9643425839904415
competition_math_2209,10.0,0.6872216541545773
competition_math_2210,10.0,0.9999949848205562
competition_math_2216,-4.345294384821723,0.8552970764518172
competition_math_2217,7.198282010371777,0.8635246796037161
competition_math_2218,5.450061240375428,0.7687903375550303
competition_math_2227,-1.0023644415215258,0.7845363931013584
competition_math_2235,7.297463117772606,0.5721986883163205
competition_math_2243,5.5772386421630635,0.9710370262818016
competition_math_2248,1.534220041195086,0.9979681450528187
competition_math_2249,10.0,0.9999998589057447
competition_math_2250,-5.683463144752382,0.9410130556994171
competition_math_2252,10.0,0.9930989640500592
competition_math_2258,-1.7215470774539436,0.9912345843239491
competition_math_2268,10.0,1.0
competition_math_2276,-1.245042744183182,0.9722058466311071
competition_math_2277,8.064440922825272,0.7119427870738549
competition_math_2282,0.6877299012424436,0.9874725989279217
competition_math_2287,6.583800659217012,0.9276059543985302
competition_math_2292,10.0,0.99999989558088
competition_math_2307,-5.4459409277628525,0.9718612167260692
competition_math_2333,10.0,0.975330125641723
competition_math_2340,-5.634617868145505,0.9946498171145488
competition_math_2342,7.112487373583932,0.8918027573372744
competition_math_2375,0.359424781393089,0.8329708170708019
competition_math_2393,-0.2727415690702896,0.5226703681058807
competition_math_2401,10.0,0.9291555758493372
competition_math_2403,1.3417858310621888,0.5641933342430587
competition_math_2404,3.062880233651544,0.687810111159757
competition_math_2411,10.0,0.9999196564529592
competition_math_2412,2.121933587527115,0.9707867798048666
competition_math_2419,10.0,0.833519875440854
competition_math_2421,-0.5375657803080715,0.6376117179265105
competition_math_2432,3.242270660239936,0.9512113774184501
competition_math_2444,-4.528565467646364,0.8747826171288905
competition_math_2447,-1.2380028243371668,0.6495054507260765
competition_math_2452,7.755889211736142,0.9999674256657235
competition_math_2453,0.016017750847445243,0.8777508951459768
competition_math_2457,1.1041185835122422,0.785761305506039
competition_math_2461,5.070135309784744,0.9987490266183734
competition_math_2462,10.0,0.8789836974657611
competition_math_2464,10.0,0.9648525217332231
competition_math_2470,9.973910671603795,0.988841366047439
competition_math_2473,10.0,0.9930989484707129
competition_math_2474,2.9517082579032983,0.5321585334122595
competition_math_2481,2.0950128457911315,0.9876701806982633
competition_math_2483,5.389409376143701,0.9924446392824784
competition_math_2484,1.084764628323412,0.9367923341036148
competition_math_2493,5.3522619433298955,0.9930933362073743
competition_math_2497,3.6535079965422925,0.9025281677683457
competition_math_2500,10.0,0.9999942992754864
competition_math_2502,-5.020041147886237,0.7247379464280257
competition_math_2504,-2.169152946219069,0.9941448194991404
competition_math_2521,1.3666363340438998,0.9159170314886731
competition_math_2527,5.353857193213625,0.993076035336886
competition_math_2531,0.12493153661363503,0.5702890487734025
competition_math_2535,4.475178254086988,0.8036692255455891
competition_math_2536,-5.392409778055505,0.9927146351510676
competition_math_2537,-2.8030729492367,0.43219154035388396
competition_math_2545,10.0,0.7945634687018197
competition_math_2550,6.778822598246391,0.5382410785330507
competition_math_2565,10.0,0.9601599945055221
competition_math_2566,-0.7120322551854947,0.9726459730759156
competition_math_2570,1.6004248663809904,1.0000312833791
competition_math_2579,10.0,0.988157803290574
competition_math_2581,10.0,0.9814739824460565
competition_math_2585,10.0,0.966762983810626
competition_math_2597,4.187651693430946,0.5990260777806431
competition_math_2598,7.816797704198156,0.7713169790430806
competition_math_2599,-0.1590080092759167,0.9979371891323351
competition_math_2612,0.83198238239907,0.9939130526979629
competition_math_2645,3.743391566496202,0.8823222220775324
competition_math_2648,10.0,0.9786342946463478
competition_math_2651,-0.8682018312158462,0.8408976791278467
competition_math_2660,10.0,0.6578830787619893
competition_math_2666,2.6106992416325774,0.9998619862361117
competition_math_2669,-0.4287043570501961,0.9062010551978549
competition_math_2690,-5.61368642113888,0.969192628011854
competition_math_2692,-6.687797370351249,0.6996535310717557
competition_math_2694,10.0,0.9904712987927193
competition_math_2695,-5.839850452352955,0.7507233597846714
competition_math_2705,3.60962802932125,0.5712436642185024
competition_math_2709,-2.8550726431280857,0.6983582083289183
competition_math_2720,-5.352167476769038,0.9930962208577215
competition_math_2731,4.661977644341359,0.8297275615162596
competition_math_2732,10.0,0.9930859562232977
competition_math_2736,10.0,0.9957463818616538
competition_math_2741,-3.6382532868811275,0.9968017715501054
competition_math_2761,5.559836804985711,0.9899473245204562
competition_math_2767,10.0,0.931432492017036
competition_math_2770,10.0,0.9999739761196099
competition_math_2784,4.157610724829446,0.6708089216741786
competition_math_2792,4.047719393159737,0.8837558543889273
competition_math_2794,1.5723419025025205,0.9882760347299067
competition_math_2797,10.0,0.9930989640500592
competition_math_2800,-1.57414498165719,0.5551137971968848
competition_math_2805,-2.885260222630654,0.9802616851970128
competition_math_2812,6.517960514125163,0.6205638713936814
competition_math_2817,3.945302144285318,0.492684377334036
competition_math_2818,5.373456617930865,0.9913295931051977
competition_math_2827,3.2779606559894963,0.5285008883100101
competition_math_2830,-1.0162494769665409,0.6631263236080996
competition_math_2831,1.0498910775778192,0.9618764753862147
competition_math_2838,5.491000828524002,0.9916764222050687
competition_math_2840,-2.6424824163627836,0.9850026374256008
competition_math_2846,2.1130726508144178,0.8291818194099025
competition_math_2850,10.0,0.9995152134247943
competition_math_2852,-2.6056287509351357,0.9999959142985504
competition_math_2857,-7.661789612975548,0.9999999800789275
competition_math_2864,10.0,1.0
competition_math_2868,4.321399726418669,0.9620086587762613
competition_math_2869,6.690309608569657,0.9017902409108403
competition_math_2873,6.8175869523255574,0.716415366221774
competition_math_2885,1.765546421848026,0.7889786292822366
competition_math_2904,10.0,0.993097573582587
competition_math_2909,9.996266515678977,0.9834093792749563
competition_math_2918,10.0,0.8704422110078909
competition_math_2921,7.585280325224147,0.7907294381068638
competition_math_2923,5.3980045665735314,0.9928871242270432
competition_math_2938,10.0,0.9930988249114664
competition_math_2942,6.822439013401319,0.8935414845431702
competition_math_2944,3.3585084468587993,0.9363382124579602
competition_math_2948,10.0,0.9999978756703992
competition_math_2959,0.33325484660871374,0.9204391062902465
competition_math_2963,7.910748667809708,0.5066053483679214
competition_math_2976,-10.0,0.989647419373085
competition_math_2981,10.0,1.0000004297795515
competition_math_2985,8.15992537875831,0.6997580395837447
competition_math_2989,2.5227321188450365,0.9083619232102996
competition_math_2990,1.6587050427964156,0.6512970731529601
competition_math_2991,10.0,0.9999993947677639
competition_math_2996,10.0,0.9541157993029337
competition_math_2999,-5.6718118821545005,0.765159685097887
competition_math_3017,6.607376007597796,0.919725174034726
competition_math_3023,-0.8525481002178427,0.52413048607761
competition_math_3041,4.864659590594931,0.7682327321048599
competition_math_3045,5.446450335254241,0.9261276122270765
competition_math_3048,6.109382616814713,0.9560994033854158
competition_math_3050,7.66178922411428,1.0
competition_math_3054,7.340745547376568,0.825060127178173
competition_math_3064,10.0,0.9997911653200909
competition_math_3065,10.0,0.7365644516786036
competition_math_3069,5.438602719545875,0.6271346038895738
competition_math_3070,-0.12207581848981745,0.9290810137393704
competition_math_3073,10.0,0.9969094742646538
competition_math_3074,10.0,0.9464267069205385
competition_math_3080,6.717952844452124,0.9123714801300863
competition_math_3082,-4.637145151219071,0.5638273339448951
competition_math_3083,-1.3120760507934477,0.8307760757750644
competition_math_3086,7.08655329887896,0.8872671161378985
competition_math_3089,-3.4186135652781586,0.6872745814834617
competition_math_3096,6.666089242871421,0.9066204040745549
competition_math_3100,10.0,0.9995091496688618
competition_math_3102,2.730392589603508,0.7050504833613165
competition_math_3116,3.9656328894834347,0.7563741222404736
competition_math_3117,1.0361252392376175,0.5003300546112276
competition_math_3124,2.7426820858430143,0.5608740586373119
competition_math_3126,10.0,0.9582478272061514
competition_math_3128,-5.356715729457428,0.9915814891588444
competition_math_3131,-5.352247485087104,0.9930976657286723
competition_math_3132,10.0,1.0000003519414613
competition_math_3139,2.7712092198865204,0.45286360287868827
competition_math_3147,-0.958343006724156,0.9210852116237862
competition_math_3148,10.0,0.9995661337767104
competition_math_3150,10.0,0.9824502503716814
competition_math_3151,4.885473169848934,0.7968479036040486
competition_math_3154,-1.9674154276250102,0.780297388719837
competition_math_3163,5.9376427247559995,0.5749221983344741
competition_math_3165,10.0,0.7043371852886084
competition_math_3170,4.617201743199402,0.9757601789885019
competition_math_3172,6.4830329374820135,0.7049013211595685
competition_math_3178,6.27076034234576,0.5941222377324635
competition_math_3183,10.0,0.8722616053304661
competition_math_3184,-0.9806156425786885,0.9606977820165663
competition_math_3197,3.714742562616618,0.6603667968295197
competition_math_3198,7.6868055940151025,0.7932605684438798
competition_math_3207,10.0,0.9931519330240258
competition_math_3208,-6.477431170424785,0.8989510141151461
competition_math_3210,6.938176555232354,0.8752127875024213
competition_math_3213,6.972101875941564,0.8543180328055531
competition_math_3214,-2.875539564408877,0.9410745457704266
competition_math_3217,3.704101161081504,0.5608310155196998
competition_math_3219,5.4056573103278165,0.991211407191694
competition_math_3224,4.557359180029237,0.6959932089786027
competition_math_3237,10.0,0.8213026994268399
competition_math_3241,3.26592835693411,0.9387256565068565
competition_math_3246,5.434550347910482,0.4992400044729727
competition_math_3247,5.118222397235222,0.9957326231139977
competition_math_3249,3.4320533378780063,0.716293313712602
competition_math_3270,8.490442513216037,0.6295383401649128
competition_math_3279,4.01018910503374,0.9390377416310658
competition_math_3285,10.0,0.9920096274276141
competition_math_3289,-2.8125058230767666,0.8150806016596027
competition_math_3299,10.0,1.000000354014437
competition_math_3305,10.0,0.9083853855367034
competition_math_3312,-0.72992764767876,0.6456082770342698
competition_math_3315,6.234056585433079,0.9348514269156466
competition_math_3318,6.210463217912786,0.9636494573349231
competition_math_3333,-0.47490975781023925,0.9372253198974747
competition_math_3336,0.463210383257335,0.9503566154768001
competition_math_3342,-1.5176676983999646,0.9886535007869106
competition_math_3343,10.0,1.0
competition_math_3350,0.03534552240467962,0.547959396959127
competition_math_3362,1.365802011852123,0.9880684678353198
competition_math_3377,3.841774096805519,0.9720721255019669
competition_math_3378,5.3992664482679285,0.9926293492576532
competition_math_3380,10.0,1.0000006997708601
competition_math_3381,-6.221687521289564,0.9583101504528885
competition_math_3383,10.0,0.69038954227718
competition_math_3391,5.365256524591905,0.9930590545222633
competition_math_3393,1.9361121091248616,0.8663600384319728
competition_math_3409,0.6743317107429577,0.6258302642287832
competition_math_3412,10.0,0.9930931671021108
competition_math_3413,10.0,0.794728106174453
competition_math_3434,2.611627047363188,0.9999755558176573
competition_math_3439,7.1543191223214055,0.5661501431335247
competition_math_3443,7.1929090752625955,0.7534601372016688
competition_math_3451,10.0,0.9999974899501357
competition_math_3454,10.0,0.9745208980560915
competition_math_3458,10.0,0.908407880849386
competition_math_3466,3.7306289519535385,0.7602101730414449
competition_math_3472,0.4646748481478949,0.9840948551225567
competition_math_3479,10.0,0.96024138602967
competition_math_3483,5.9054147750967125,0.9119307587853264
competition_math_3485,8.13085481715946,0.6212739183520765
competition_math_3486,6.976990573387895,0.865310206212979
competition_math_3494,5.971815039945333,0.6602394847633567
competition_math_3495,5.010500462285987,0.7992756413474874
competition_math_3496,1.7982751085161122,0.9589702916381325
competition_math_3504,-0.7753514106236791,0.7994895452206363
competition_math_3508,10.0,0.8259391106390429
competition_math_3509,5.5991840658337155,0.9738301809566975
competition_math_3513,3.6980864948795675,0.5207996108979231
competition_math_3519,-6.107957952847207,0.5399391097711398
competition_math_3522,10.0,1.0
competition_math_3524,8.412452468795077,0.6506592222829714
competition_math_3545,7.277275611041313,0.8495362202594955
competition_math_3549,10.0,0.9463771240156714
competition_math_3552,0.8828031764898813,0.9735989296960456
competition_math_3554,5.515458067650898,0.852731140809026
competition_math_3556,10.0,0.9564201358153473
competition_math_3563,8.611777716286596,0.6125188106787197
competition_math_3577,-1.4901785133013505,0.6023520768504924
competition_math_3583,10.0,0.9785039433709374
competition_math_3589,1.9769160821969742,0.9746510846153276
competition_math_3614,10.0,0.9173052935689604
competition_math_3619,6.206964493845266,0.9480000365839035
competition_math_3627,10.0,0.9817194509199951
competition_math_3633,8.25802359163089,0.6884167672502256
competition_math_3650,10.0,0.9996448491927229
competition_math_3667,3.6205055496662704,0.49728158101905706
competition_math_3675,2.4566805376637713,0.9479617029842968
competition_math_3680,4.3882135509861016,0.8294517140276475
competition_math_3687,4.9996040097469425,0.6936295825308721
competition_math_3688,5.659026740440086,0.882213846033034
competition_math_3689,-3.1113940029694014,0.9831530550532096
competition_math_3693,10.0,0.9998300297136815
competition_math_3698,3.4683352222744674,0.6023857303961339
competition_math_3701,10.0,0.974813623783732
competition_math_3708,6.8120077451008605,0.8943197484801196
competition_math_3709,10.0,1.0000167224745666
competition_math_3717,9.087993197861765,0.7358201299491061
competition_math_3722,10.0,1.0
competition_math_3740,-1.131665917135368,0.9866521677162131
competition_math_3748,8.215006497244005,0.6830709692123152
competition_math_3764,-1.8547297658653061,0.7738417225420484
competition_math_3770,-1.4363112967851113,0.9805055871348852
competition_math_3771,6.84145169582259,0.8312605772164368
competition_math_3773,1.5186062911972462,0.536255825976014
competition_math_3782,6.0701659891424296,0.7180855340212525
competition_math_3784,10.0,0.9288521451248808
competition_math_3788,8.449184841156617,0.6341312680344595
competition_math_3794,-1.7849458621553387,0.9586880345784199
competition_math_3795,7.939569241467986,0.7344312337668017
competition_math_3810,-3.3960490656810602,0.6961309089739615
competition_math_3812,10.0,0.8847400477679747
competition_math_3814,7.247195050226456,0.7652132842335035
competition_math_3821,-2.082341403777088,0.49954655881196813
competition_math_3823,10.0,0.908615516016712
competition_math_3828,-1.964504080457112,0.9491275077216235
competition_math_3833,10.0,1.0
competition_math_3836,10.0,0.9867794704363894
competition_math_3846,3.6850273977970707,0.5899278641638972
competition_math_3849,5.411673227073833,0.990160233632061
competition_math_3854,3.003243752367502,0.7344294733489058
competition_math_3867,10.0,0.7456686145803684
competition_math_3881,10.0,0.9613551682105466
competition_math_3886,-0.32364500374333127,0.5100787962306161
competition_math_3887,0.6111269700414882,0.8284208729392734
competition_math_3898,-0.735273320811229,0.9652335889773677
competition_math_3900,5.9807206134606465,0.5391503845537197
competition_math_3901,2.6879892774414245,0.7314617661433312
competition_math_3905,10.0,0.9930189095576735
competition_math_3906,4.571714904325323,0.8365873446153814
competition_math_3914,9.299219786840245,0.48813205389572345
competition_math_3917,7.018601308882511,0.8745520906456744
competition_math_3930,-6.861577280217298,0.8244345217910494
competition_math_3936,10.0,1.0000001987019242
competition_math_3940,10.0,0.8828445137005383
competition_math_3963,-5.272083098198192,0.5727061986178954
competition_math_3968,1.5852137510464017,0.9869753100517628
competition_math_3971,10.0,0.9467329701883065
competition_math_3973,10.0,1.0000072809885918
competition_math_3975,7.5309122211601665,0.8014884585518521
competition_math_3981,4.202850270320099,0.9046693680212068
competition_math_3988,6.991994961136264,0.8940886928832601
competition_math_4001,9.142857166165289,0.5284009195398941
competition_math_4004,-4.151985897978587,0.7251158670640164
competition_math_4009,2.0683208157423407,0.845278573684663
competition_math_4012,1.623536301378528,0.7950400187051009
competition_math_4013,1.7396475698675236,0.957023580253698
competition_math_4024,10.0,0.9918447050779178
competition_math_4027,5.3981722011669415,0.9924705541617358
competition_math_4029,-1.6229387224165326,0.8857329244335556
competition_math_4047,0.10316674484746416,0.9063272634300499
competition_math_4048,2.595605726382904,0.5305486778074896
competition_math_4058,10.0,0.9999715378973044
competition_math_4065,10.0,0.9870029941230068
competition_math_4083,3.2949754549842796,0.9069366740117643
competition_math_4100,-4.94413877885755,0.9933263875957085
competition_math_4103,6.884689799361304,0.8926018195791182
competition_math_4107,-5.0685952124812745,0.4575389315471653
competition_math_4108,1.8878815468673869,0.8062884596992342
competition_math_4113,10.0,1.0001350583251432
competition_math_4118,-0.2719875901730452,1.0007205234996102
competition_math_4121,-10.0,1.0000002771903593
competition_math_4124,7.680025746439967,0.7697151305495578
competition_math_4132,8.29214110476818,0.6222615102274918
competition_math_4140,-3.532802790321378,0.9551630470140667
competition_math_4142,2.785156988502632,0.7736659236490606
competition_math_4143,10.0,0.8052072910885693
competition_math_4148,1.6145673772099616,0.9329638021449009
competition_math_4162,0.8353893957485375,0.6962508490189266
competition_math_4167,10.0,0.982389073727417
competition_math_4180,3.987202370566477,0.7848371424204457
competition_math_4188,2.9883362682205554,0.9997868599698119
competition_math_4195,1.2352367701865312,0.7866096968115807
competition_math_4200,3.119939535241287,0.9613568284189973
competition_math_4202,10.0,0.981755668865746
competition_math_4204,0.6406289659165065,0.961164188937278
competition_math_4213,7.359986983782161,0.8238676929787673
competition_math_4220,5.598659575210496,0.9914997661583904
competition_math_4221,2.5655854855702613,0.9327381912446652
competition_math_4228,10.0,0.9999975238526944
competition_math_4233,6.916303548344824,0.8819083941358437
competition_math_4237,3.506374031774624,0.8844752245399546
competition_math_4238,2.7641537053855756,0.6028855030960995
competition_math_4247,10.0,0.9999886666295212
competition_math_4248,6.550462491938433,0.9303175689369708
competition_math_4251,5.923870458663839,0.9669173872941781
competition_math_4253,10.0,0.8841714030516052
competition_math_4264,-8.328628237103606,0.6663795568024565
competition_math_4268,-1.8696491283106962,0.4870273329847505
competition_math_4270,2.098377014947613,0.6923039608417404
competition_math_4278,2.33599255372106,0.9651662591431271
competition_math_4281,1.7670115086996685,0.9855372344641479
competition_math_4289,2.3965788926573497,0.9363530998770906
competition_math_4299,10.0,0.82115542264986
competition_math_4300,10.0,0.9929837288996688
competition_math_4305,0.02026509648562093,0.9820318426573177
competition_math_4306,10.0,0.9890492024515279
competition_math_4313,4.943267745271551,0.961334341694172
competition_math_4314,-1.6855525841703787,0.8399490853720618
competition_math_4319,10.0,0.9846743195124821
competition_math_4322,5.05560458287051,0.7998208264431107
competition_math_4325,4.938747953388732,0.42505036609489827
competition_math_4327,10.0,0.9998082207582277
competition_math_4329,1.3557647348920627,0.43644873463076034
competition_math_4336,3.1688265933745052,0.9628933684075748
competition_math_4340,0.8304971287860645,0.9602382039383843
competition_math_4345,6.456365618764541,0.9181832211106163
competition_math_4349,-3.8357709266161146,0.8337796247620518
competition_math_4350,3.5929966430951907,0.7398625834086325
competition_math_4355,1.5380862759372451,0.586146700772104
competition_math_4359,-5.402403594075059,0.9934013551062517
competition_math_4368,-1.992620312750598,0.9084968315638576
competition_math_4372,1.4272662535757117,0.8240167969371518
competition_math_4375,10.0,0.9930989068548418
competition_math_4378,-2.517597431646195,0.9996538440981707
competition_math_4386,10.0,0.9999951752375218
competition_math_4388,3.6125881221112444,0.6775766530073181
competition_math_4413,6.082580340915572,0.9609355771129983
competition_math_4427,-4.622992262482578,0.5835784307514381
competition_math_4432,0.6712817322648585,0.8076306536333243
competition_math_4443,-5.495938451402577,0.9938384399497394
competition_math_4454,3.636036234354205,0.5455379323965263
competition_math_4466,1.5884283741308252,0.8080492711181791
competition_math_4475,5.594210353927506,0.9921589716363381
competition_math_4480,0.2063313195778187,0.44497385408787904
competition_math_4483,-3.32792155363152,0.643240709254067
competition_math_4486,-1.3701415307164493,0.9737764006341735
competition_math_4489,1.223118749333295,0.8914331375694491
competition_math_4496,2.639885985725245,0.9999857992725519
competition_math_4503,10.0,0.9824098548675061
competition_math_4505,1.4476123358233288,0.5989898722771085
competition_math_4508,0.2795521195324294,0.6940374175414652
competition_math_4510,10.0,0.800308959230946
competition_math_4519,6.149200858261601,0.6352519730682055
competition_math_4521,8.35079872814293,0.572159379353667
competition_math_4528,10.0,1.0
competition_math_4542,3.5043962196945464,0.8542183513171037
competition_math_4543,0.7247725965352451,0.922032031604916
competition_math_4544,3.1890696122231383,0.9070286416851949
competition_math_4555,1.7267467627399622,0.8692706898238722
competition_math_4556,-6.144969830104267,0.91548714550046
competition_math_4557,3.014153792749256,0.9031142294334445
competition_math_4575,5.003630896700429,0.9951640211645576
competition_math_4586,-10.0,0.9945808157400057
competition_math_4588,4.386396885196887,0.8378315476871434
competition_math_4592,6.224703823358857,0.9476331354959491
competition_math_4597,4.034702369802102,0.7853178557944825
competition_math_4598,10.0,0.9999976779452143
competition_math_4599,-1.4719178525016197,0.9777239508917809
competition_math_4603,10.0,1.0
competition_math_4606,10.0,0.7190441544023968
competition_math_4614,0.7821896730228687,0.5649262046524133
competition_math_4615,-1.4688348206137525,0.867410830071633
competition_math_4619,2.223865686281503,0.9586406101333131
competition_math_4620,10.0,0.7878887100250075
competition_math_4625,-10.0,0.9999335075895864
competition_math_4632,7.046152543453593,0.5820712919111051
competition_math_4636,10.0,0.9915734863171896
competition_math_4641,-2.757192429826946,0.7758305609044078
competition_math_4643,-1.9592864778728358,0.7511720354820515
competition_math_4644,3.241249734209089,0.8888263100867804
competition_math_4646,10.0,0.9231745756030575
competition_math_4655,7.728096549431014,0.6692407289643219
competition_math_4656,10.0,0.9929609581487587
competition_math_4659,1.7537195585292793,0.6369830520267662
competition_math_4663,6.3094477943209855,0.5556746860359992
competition_math_4683,8.624691822762374,0.6917514721424957
competition_math_4699,5.847633349295434,0.6732933986459134
competition_math_4711,10.0,0.6822531234444085
competition_math_4716,-0.010496073081669804,0.9992166416762019
competition_math_4722,4.200093830206216,0.9961185250927131
competition_math_4729,-6.34965927515097,0.9058498278431765
competition_math_4733,5.858039322909486,0.9594565389978783
competition_math_4740,10.0,0.9999647508332051
competition_math_4747,10.0,0.9999268971322588
competition_math_4754,2.5885125720357225,0.5922313869174544
competition_math_4760,5.6557822266793405,0.9860339228477492
competition_math_4761,5.418940612580547,0.9924829910846465
competition_math_4770,-2.9208745166373045,0.837586794305263
competition_math_4792,-1.047702978888267,0.5544204712753354
competition_math_4797,8.002340530993331,0.7201071723826831
competition_math_4802,10.0,0.9920919948816638
competition_math_4803,10.0,0.8317622031849079
competition_math_4814,0.34736620752314656,0.4809130451651782
competition_math_4825,10.0,0.8663659828271885
competition_math_4835,6.603745821572255,0.9228024029920926
competition_math_4837,10.0,0.6764399162637629
competition_math_4842,-4.7012252588171695,0.6143917306611324
competition_math_4853,6.327172782467946,0.6914308040833345
competition_math_4854,10.0,0.992934085433091
competition_math_4856,2.4463633207252373,0.8527215584310878
competition_math_4861,8.614122890498393,0.47102904244616955
competition_math_4869,6.102963337690773,0.9546897737342536
competition_math_4870,5.890912982157326,0.500276233164025
competition_math_4875,10.0,0.9999522695106494
competition_math_4883,10.0,0.974632414594036
competition_math_4887,10.0,1.0000251976832157
competition_math_4890,10.0,1.0
competition_math_4894,4.019205274034583,0.5747150681157831
competition_math_4895,-4.282504983887715,0.9895280606225814
competition_math_4896,5.120698286716659,0.9957463040256367
competition_math_4898,0.2773295705808875,0.906028384888034
competition_math_4903,5.4960748065715155,0.5350217203503264
competition_math_4905,10.0,0.9672338579149639
competition_math_4908,-2.8484442908468033,0.707380203994072
competition_math_4926,6.874833783534028,0.7551569988208744
competition_math_4932,10.0,1.0
competition_math_4936,2.05565344978076,0.9474205153464758
competition_math_4940,0.6682954989827848,0.8541975493221174
competition_math_4942,3.4712495089800575,0.9133997600235844
competition_math_4943,4.683431608519216,0.9841169129760248
competition_math_4952,10.0,0.993043599105865
competition_math_4954,10.0,0.8730423647692535
competition_math_4956,3.687680101528992,0.5661839505655817
competition_math_4968,5.352179725730959,0.9930986254092433
competition_math_4970,8.134864255125787,0.6917787701290715
competition_math_4981,7.692592444114726,0.9999983195229831
competition_math_4983,2.2672948607120778,0.9345111397805312
competition_math_4987,10.0,0.9917371843164737
competition_math_4990,3.2748173920043633,0.7021997632669723
competition_math_4997,10.0,0.8177366467604534
competition_math_5001,6.529387733785633,0.5699401139409378
competition_math_5003,7.771814168945507,0.7719227207346538
competition_math_5007,10.0,0.9996098078103164
competition_math_5010,-1.0780796676478424,0.8375141251187114
competition_math_5022,2.3854405280639925,0.9768515674749143
competition_math_5023,5.489226387471606,0.9935473391937297
competition_math_5030,7.536070151011371,0.7881058300882678
competition_math_5034,7.700332520040735,0.7732879341261069
competition_math_5042,5.394710703486983,0.9900682384321597
competition_math_5048,-1.6881725878335299,0.5857594848461919
competition_math_5051,-2.265126915903629,0.7772567829286923
competition_math_5053,-2.70349865731606,0.9998523404851449
competition_math_5060,4.748620978190944,0.6487079207930917
competition_math_5069,10.0,0.8810901253965101
competition_math_5098,3.257045400083985,0.9647354103505938
competition_math_5102,-0.8752244625817462,0.8750896180924608
competition_math_5111,10.0,1.0000007042558694
competition_math_5121,3.8779868450695,0.4464022016707805
competition_math_5123,6.29665037628392,0.7489025141116832
competition_math_5128,6.477612249110801,0.9504112469352716
competition_math_5138,7.104219862041463,0.8686314653590369
competition_math_5141,10.0,0.9999269075521763
competition_math_5144,-1.2992368410059567,0.84870328523826
competition_math_5147,10.0,1.000003800345029
competition_math_5149,5.002286415846621,0.799387259275199
competition_math_5150,-7.283617154051568,0.5995119829526206
competition_math_5152,-2.588907278105186,0.9954934552780512
competition_math_5162,7.435192571096889,0.7891891631000996
competition_math_5174,6.557066042815488,0.960567336588493
competition_math_5175,5.648993666433787,0.9904811364948678
competition_math_5182,-2.5538320768788187,0.9999960091555787
competition_math_5192,5.516973755935364,0.6650099216142986
competition_math_5200,5.734307856615838,0.9933882485964266
competition_math_5201,10.0,0.9212397902584224
competition_math_5202,4.804382240728278,0.6133008658458409
competition_math_5208,0.8145437387287465,0.6924584179492729
competition_math_5224,10.0,0.7524877004221538
competition_math_5232,0.2050163200423546,0.5933560200790734
competition_math_5235,6.645564422178249,0.6684192973289488
competition_math_5236,-1.381408745884251,0.9766505135344955
competition_math_5244,1.8078212254629755,0.4838802267598584
competition_math_5248,6.784829458708059,0.8483480750314119
competition_math_5251,-5.962695542625092,0.507700963984349
competition_math_5253,-3.454064195013748,0.9863799930012187
competition_math_5255,10.0,0.9701287978024703
competition_math_5256,8.558776347534113,0.6169030337901571
competition_math_5261,8.05453345886974,0.5303349805355537
competition_math_5267,10.0,0.768659895026219
competition_math_5271,-5.561439318285944,0.9691886187612936
competition_math_5298,5.560650854882029,0.986869214121589
competition_math_5301,6.37472290150268,0.9321160605574167
competition_math_5312,6.013271878759997,0.9471705278048717
competition_math_5322,5.79542514035084,0.9931251164577747
competition_math_5323,-2.3567476437277173,0.4969299020831588
competition_math_5325,10.0,0.9990671010145443
competition_math_5326,10.0,0.9999949149711002
competition_math_5328,7.439656660955083,0.7367405088608624
competition_math_5346,5.353878727622696,0.9932091489761724
competition_math_5352,-3.905590579097751,0.7589326246217999
competition_math_5353,-1.9341316368828443,0.9874356170328847
competition_math_5358,1.4978749069000463,0.8558577513357783
competition_math_5366,4.152572255510784,0.7591907648448769
competition_math_5369,6.872582965777629,0.9121098015060662
competition_math_5370,1.1182104082090738,0.8345376102079011
competition_math_5392,5.397327663759249,0.5118340586686914
competition_math_5395,5.951650156532347,0.9942859848983896
competition_math_5398,-0.05871434536132375,0.9775301006125029
competition_math_5409,10.0,0.9999956939807417
competition_math_5410,-3.8438965203473443,0.7857753089487118
competition_math_5412,2.6522691271911167,0.8869710716569988
competition_math_5414,2.1878333009021262,0.848611332178082
competition_math_5415,10.0,0.9987197236956812
competition_math_5421,6.19370924028174,0.9483983141862888
competition_math_5426,8.8141933570301,0.9995086916982532
competition_math_5436,8.629540839915002,0.5145384349894075
competition_math_5442,6.1214610474797535,0.7054840351304887
competition_math_5452,1.8010856110891666,0.8828580039540914
competition_math_5458,6.0915737454339265,0.9581443495032487
competition_math_5459,10.0,0.9792633094615618
competition_math_5467,-1.5526022343606871,0.8450070200976046
competition_math_5471,8.43970163215663,0.654858363900184
competition_math_5473,3.4721143488527026,0.48204304141066817
competition_math_5476,-1.8458861336218608,0.6242578056830678
competition_math_5480,5.764585132336618,0.5386913030224484
competition_math_5485,4.238669544225501,0.8511288870185061
competition_math_5489,6.65703714306105,0.916177389933834
competition_math_5528,4.422760342915286,0.8422967946073935
competition_math_5539,10.0,0.9999168950516033
competition_math_5540,10.0,0.8824393865528639
competition_math_5546,-4.325899093904751,0.9967457558447267
competition_math_5550,-1.1893900235768269,0.6113597742512576
competition_math_5558,10.0,0.9916770480950838
competition_math_5559,10.0,0.9620192139768613
competition_math_5566,10.0,1.0003349726627928
competition_math_5568,4.3714285883757835,0.9066849741906915
competition_math_5583,3.752950723025573,0.5809410097022261
competition_math_5587,1.010358994120192,0.7646801195279871
competition_math_5596,8.204060150508447,0.7084844761793249
competition_math_5599,-2.4513270357661163,0.8457253846065876
competition_math_5611,-4.046033558858281,0.8667945828177775
competition_math_5618,10.0,0.9810314821298382
competition_math_5621,10.0,1.000003901897053
competition_math_5633,5.398657699723693,0.7822759593885794
competition_math_5634,2.4316387283680796,0.8118416291919271
competition_math_5640,-2.217821308239354,0.9344925049122117
competition_math_5645,0.9540235062924894,0.8870861184390192
competition_math_5651,7.155525390761404,0.8482998537911965
competition_math_5653,10.0,1.0
competition_math_5658,3.7632217905711602,0.5418469833025358
competition_math_5660,5.427481341753629,0.9892262185514614
competition_math_5665,7.235918120986906,0.7705466983793154
competition_math_5668,6.05126256413377,0.9621600921910528
competition_math_5674,2.5849365450955992,0.8768828948312388
competition_math_5678,8.828631438165708,0.5577804656178285
competition_math_5680,5.797123695066968,0.9934241642598981
competition_math_5681,6.5458714551050825,0.956714502421674
competition_math_5682,6.642604893377132,0.9165303536046773
competition_math_5690,10.0,1.0
competition_math_5698,7.364781749212533,0.8224423397000844
competition_math_5700,10.0,1.0
competition_math_5712,-1.5816916034462787,0.9871005838285377
competition_math_5716,5.7879163671892435,0.9454594324941341
competition_math_5720,10.0,0.8870968010188516
competition_math_5724,4.329342486825161,0.8614242447501722
competition_math_5729,0.3578137321073563,0.9922832576076523
competition_math_5731,10.0,1.0
competition_math_5732,10.0,0.9705997567702914
competition_math_5733,10.0,0.9999979093383723
competition_math_5734,1.9852367855504771,0.9313251975243444
competition_math_5738,10.0,0.9353668722521264
competition_math_5740,3.372794911234845,0.8407770554055094
competition_math_5743,-2.69342116043228,0.9375921296686726
competition_math_5753,10.0,0.9921837774664685
competition_math_5759,10.0,0.9737442668735357
competition_math_5774,3.84467606173384,0.9964826108697731
competition_math_5781,-0.28639440763879287,0.8112519282353796
competition_math_5785,10.0,0.9888144376629089
competition_math_5805,-3.6995600563336817,0.8476966888630231
competition_math_5811,0.06971094755066265,0.5589670477603275
competition_math_5814,-1.8106953702591122,0.6820753554647193
competition_math_5816,-3.3677966904404864,0.6483241729350361
competition_math_5818,5.025225232749723,0.879617541743659
competition_math_5821,10.0,0.9999996357717408
competition_math_5823,10.0,0.9473333386947922
competition_math_5826,-2.570544209946791,0.9999975410030694
competition_math_5831,-10.0,0.9509660147097557
competition_math_5834,10.0,0.9999974927186195
competition_math_5839,10.0,0.7380103058527011
competition_math_5843,5.3596375197860135,0.9922862252180269
competition_math_5854,2.508317890310335,0.5033898833431681
competition_math_5857,1.5055678884751857,0.5939644364095702
competition_math_5860,3.816595296248568,0.7446219214256079
competition_math_5864,1.9093443881107222,0.5878066583703215
competition_math_5878,-4.385456362098289,0.980647064291113
competition_math_5883,8.362262000715898,0.9971981639426408
competition_math_5901,-4.219692978896301,0.8806990435764851
competition_math_5920,10.0,1.0
competition_math_5926,8.146738820797907,0.5988389790555327
competition_math_5929,10.0,1.0
competition_math_5930,6.225220090171396,0.9678317414625733
competition_math_5932,5.3521601122170495,0.9930989495194597
competition_math_5934,3.8526486615615347,0.999876129079161
competition_math_5937,-5.388554489291315,0.7147750223802294
competition_math_5940,5.504848485047002,0.5206501519374074
competition_math_5946,3.3347533643648886,0.9156204593416682
competition_math_5952,-5.250366943701298,0.952910277053486
competition_math_5954,6.484969630685421,0.9161607602206514
competition_math_5963,10.0,1.0000006645253916
competition_math_5968,7.395635226020784,0.7390218049483673
competition_math_5971,6.537082365319355,0.933187218346751
competition_math_5993,-1.5635789508015487,0.988221035436837
competition_math_5997,3.133904184941286,0.9948292454756957
competition_math_6014,2.259889052278011,0.9887561036924497
competition_math_6017,-0.8594875850341136,0.8403537488768099
competition_math_6020,-1.4366544267434183,0.9717231930505729
competition_math_6023,0.2222956800484375,0.6171872832273558
competition_math_6026,10.0,0.9999744958641749
competition_math_6027,-7.364421783730078,0.8123835131354471
competition_math_6035,6.989355604682175,0.6416592646529995
competition_math_6036,-8.26023650000312,0.6754965692686989
competition_math_6045,0.960689704402133,0.9020135649524391
competition_math_6046,10.0,0.9999995549381538
competition_math_6053,5.36345755380692,0.9917662240384565
competition_math_6058,10.0,0.9470187622434367
competition_math_6061,-3.596151149467898,0.9654369612789557
competition_math_6063,1.2482392686726624,0.6450576868602526
competition_math_6070,10.0,0.9930967516973268
competition_math_6072,6.754481265540061,0.6782281717331685
competition_math_6073,-5.6087465625371795,0.9643095888204697
competition_math_6076,8.532410260465758,0.6200492864887209
competition_math_6084,7.3456857208810975,0.8343490042617747
competition_math_6092,-1.1970038594959913,0.5162093338812551
competition_math_6103,-2.7115352614877675,0.8168611517746043
competition_math_6107,6.0505361103098725,0.9363193245537637
competition_math_6109,5.739914545471737,0.9929271008240125
competition_math_6111,0.9386661194590435,0.8659790329817756
competition_math_6113,-1.0634180488281908,0.7892519795686678
competition_math_6114,1.5926854583346233,0.987841430838789
competition_math_6117,-0.027570416618591012,0.589962252493343
competition_math_6120,3.1343210942970163,0.5418877882482004
competition_math_6130,10.0,0.9060907181952869
competition_math_6132,4.448898431394776,0.6433512468886001
competition_math_6136,5.352171980710136,0.9930959104593476
competition_math_6139,7.110452407474732,0.8515054094686836
competition_math_6141,-1.2152359449498547,0.552373136102158
competition_math_6142,5.40988675241089,0.7397955849259067
competition_math_6145,6.444872276305966,0.7648328198986694
competition_math_6148,10.0,0.9838349332237277
competition_math_6158,4.606632678091893,0.985375115449711
competition_math_6159,-4.004798097153846,0.6927246576216429
competition_math_6163,10.0,1.0
competition_math_6164,-2.941717777234854,0.9098552566092527
competition_math_6166,10.0,0.9814256555984209
competition_math_6167,7.953454786282761,0.6431371356900561
competition_math_6173,10.0,0.8333902143774842
competition_math_6174,2.3771685057235725,0.9828014597438559
competition_math_6180,-0.5853798663807084,0.9011656511916457
competition_math_6184,1.977956988795369,0.9769055033932509
competition_math_6193,2.721410124492744,0.8230021922458539
competition_math_6202,10.0,0.8809554265438336
competition_math_6206,8.327422015257078,0.6718932400636151
competition_math_6207,0.6928169453236501,0.7203758462069704
competition_math_6208,-0.07205897985377173,0.7924161614344688
competition_math_6210,-1.3867344492940301,0.6576140292847354
competition_math_6212,-2.7414223006963288,0.7672023689591574
competition_math_6215,2.792426525793082,0.9738517802931173
competition_math_6220,4.233469597375489,0.670229270455991
competition_math_6225,3.5696790512123604,0.8331531193170306
competition_math_6227,4.715722861713041,0.9007301270173094
competition_math_6231,-1.8627112833621073,0.9907346531623977
competition_math_6232,-4.572272994314647,0.56176393572663
competition_math_6242,5.3568986948840225,0.5782320370140875
competition_math_6246,1.9951625050761042,0.9687981763237432
competition_math_6270,7.0253905280467555,0.6324826542100584
competition_math_6285,10.0,0.9985111675302909
competition_math_6310,3.46492962998841,0.9780183225752362
competition_math_6315,-4.469739154662338,0.810051370494946
competition_math_6319,7.869005389059257,0.48899971925473384
competition_math_6327,6.346199295629349,0.9360702375989213
competition_math_6330,3.7370820637518958,0.5381874628797836
competition_math_6339,6.272074405759553,0.9459378865634516
competition_math_6343,10.0,0.9930989561473486
competition_math_6344,1.6099461936428512,0.9442092989872439
competition_math_6345,10.0,0.9999943553524708
competition_math_6362,10.0,0.9991935934241147
competition_math_6368,3.278743010627841,0.9236529872498446
competition_math_6372,10.0,1.000001222723579
competition_math_6375,1.8773396615203044,0.7748410562508451
competition_math_6381,-10.0,1.0
competition_math_6398,-5.352159032998458,0.9930989640500592
competition_math_6404,-1.475962957330059,0.9804356462329773
competition_math_6408,10.0,0.689526467132612
competition_math_6411,4.293012163345034,0.8547129908673268
competition_math_6439,10.0,1.0
competition_math_6446,10.0,0.9924270915695721
competition_math_6456,6.753526387394559,0.6775686880497077
competition_math_6461,10.0,0.6514580129312083
competition_math_6462,10.0,0.9993463691564122
competition_math_6476,1.7547729976335373,0.8050135882516412
competition_math_6482,7.005238118156263,0.6772229304596644
competition_math_6504,-1.9429469586784716,0.7441759535306073
competition_math_6505,-0.753738729549611,0.919255571698052
competition_math_6521,5.9100736513033105,0.9422408577896054
competition_math_6524,9.206069336530701,0.5143444784848776
competition_math_6529,2.592778646185396,0.5431957294609687
competition_math_6533,-3.247862466898595,0.7085940505794697
competition_math_6536,5.194381723194212,0.5115668952800505
competition_math_6538,-1.5320734774813711,0.988634364289791
competition_math_6539,3.403923971116794,0.48890752840435153
competition_math_6543,5.473628716584657,0.9918900241495298
competition_math_6549,-0.5458494435716565,0.6000205365696594
competition_math_6555,5.3749561144128375,0.9927593463200546
competition_math_6562,10.0,0.8770597846839653
competition_math_6564,-3.839266954820843,0.8534630447129417
competition_math_6570,-1.7425912687785128,0.7430332651440263
competition_math_6580,6.107743271943217,0.956659387542915
competition_math_6587,9.295484123528489,0.7291913481176409
competition_math_6588,10.0,1.0
competition_math_6592,5.404805407459956,0.6401411093143402
competition_math_6595,6.470914587778808,0.9286830926386115
competition_math_6596,-1.890817828512816,0.9489769731749467
competition_math_6601,7.659298539755893,0.7829739070368865
competition_math_6605,1.9051228818890524,0.5496269578969386
competition_math_6610,2.7887196974689163,0.47204056290946866
competition_math_6622,6.041163381983347,0.587980474476834
competition_math_6627,-1.5829735559910083,0.8530171827517273
competition_math_6636,4.818208857144845,0.9934598758962234
competition_math_6642,-3.3043881406070437,0.6505826892429198
competition_math_6652,10.0,1.0
competition_math_6653,10.0,1.0000001590851049
competition_math_6685,-5.475887722870018,0.9644133546013627
competition_math_6689,2.9723155021917202,0.7808422716164574
competition_math_6692,10.0,0.9892236651866227
competition_math_6698,7.453166207515661,0.8087663381232569
competition_math_6700,2.5538607390974177,0.9999966132086042
competition_math_6706,10.0,0.992930816814781
competition_math_6708,0.7824860247024411,0.9839301185098877
competition_math_6710,2.497495368711772,0.5464986414764813
competition_math_6719,-2.553875210541601,0.9999976996665978
competition_math_6720,-4.576435122786392,0.8239189711219631
competition_math_6724,-2.681536278090779,0.9916897588468809
competition_math_6731,7.425682541586524,0.738193634423798
competition_math_6738,9.002780184141622,0.5474524658451444
competition_math_6740,-2.076217398481105,0.9853302906983779
competition_math_6741,3.9132702740580534,0.8226866067591091
competition_math_6752,2.839218661176834,0.9974197231089741
competition_math_6753,10.0,0.9840015492581969
competition_math_6760,0.4347301659841658,1.0006668496528335
competition_math_6767,5.362059894558098,0.8495064256352179
competition_math_6770,10.0,1.000002570127399
competition_math_6773,10.0,0.859539994314841
competition_math_6779,4.086689562010174,0.8142953873442872
competition_math_6782,6.079909691207959,0.9609274351558661
competition_math_6785,10.0,1.0000010197667792
competition_math_6787,2.3069848608343317,0.793383803943339
competition_math_6791,10.0,0.9930989640500592
competition_math_6792,7.671212738769778,1.000000263972653
competition_math_6797,6.504263122057025,0.7730054121175053
competition_math_6801,0.8092305808106532,0.9324617138340777
competition_math_6806,10.0,0.9618831239533814
competition_math_6808,10.0,0.7476561282191595
competition_math_6826,8.2776737350287,0.5109309779003025
competition_math_6831,5.760011410837008,0.7265314440284357
competition_math_6832,1.7154058800133238,0.656789468970512
competition_math_6840,10.0,0.7749386286853389
competition_math_6868,8.493199086311545,0.5023236265142261
competition_math_6873,7.471076485592632,0.8016802906073426
competition_math_6874,6.333534348772735,0.9559072743269386
competition_math_6876,4.591731488105652,0.822753384170832
competition_math_6877,-10.0,1.0
competition_math_6899,10.0,0.9627852880112784
competition_math_6903,2.0004957511654786,0.5636878684055305
competition_math_6908,-6.53014912987778,0.9200726267949921
competition_math_6909,1.8037494288935718,0.7192906861071219
competition_math_6913,4.069056967159217,0.9680239012624208
competition_math_6921,5.908492652573223,0.9439796967671727
competition_math_6925,6.295572194645893,0.7392252982442857
competition_math_6930,10.0,0.7237678451988259
competition_math_6946,-1.886392508869207,0.7385717166085013
competition_math_6950,6.92715189951521,0.8881921352787092
competition_math_6956,6.099105441759283,0.8165863971107844
competition_math_6965,-1.4051841021732192,0.8595082903496053
competition_math_6970,8.100215060330859,0.7042219932419014
competition_math_6973,7.021429793583264,0.8710495692626028
competition_math_6974,10.0,0.9560405273176938
competition_math_6977,10.0,0.7777868218362795
competition_math_6981,10.0,0.9447263128452119
competition_math_6986,5.481686296565656,0.9787901070502039
competition_math_6987,6.6338485945238865,0.8831571288370339
competition_math_6991,-0.09121253960299969,0.9409411306010247
competition_math_6993,0.3756755239723138,0.7617067185818034
competition_math_7002,5.6128189095483005,0.9431787595845966
competition_math_7006,10.0,0.9426584359342328
competition_math_7011,-5.435542538487217,0.9887394559910617
competition_math_7019,10.0,0.9709562542093768
competition_math_7045,8.924270955265532,0.7329147489395946
competition_math_7046,6.67633327255223,0.902517478323514
competition_math_7057,10.0,0.999942257778062
competition_math_7063,-3.630554825436353,0.9995772569675346
competition_math_7076,4.687023758786048,0.6980433648966462
competition_math_7079,6.1467227414032175,0.5699944960194805
competition_math_7086,-4.604750180019096,0.9712553192957316
competition_math_7089,10.0,0.8345954187196021
competition_math_7096,4.549916091352751,0.5340658668459827
competition_math_7100,5.352190819076529,0.9930889109845397
competition_math_7101,8.806714994053578,0.5676445384341808
competition_math_7104,6.255873293105634,0.7733417241519318
competition_math_7111,6.7189464012767806,0.902199607438759
competition_math_7116,5.561422329584566,0.9756338274107214
competition_math_7123,-3.6340735102957495,0.856252086849509
competition_math_7125,-10.0,0.9999988767392878
competition_math_7139,0.17247464006661023,0.5873536569492722
competition_math_7140,10.0,0.7445580546374684
competition_math_7141,1.3836680004378998,0.9552750622621901
competition_math_7142,5.3952513981644445,0.9926678106798471
competition_math_7154,0.16289295943350454,0.7845619326500185
competition_math_7161,0.09948991375589882,0.9844571133298593
competition_math_7170,10.0,1.0
competition_math_7172,5.743328284023412,0.7483260829000314
competition_math_7173,3.6653291935988004,0.9992971511015133
competition_math_7174,-4.231791834977202,0.48819608941959985
competition_math_7176,6.013095293419039,0.9708622291181926
competition_math_7185,6.417773777021407,0.9368040913865435
competition_math_7194,3.6422468401822874,0.9830593149294854
competition_math_7197,5.3675514529470085,0.7873232724623354
competition_math_7200,-0.3775274167546878,0.9598705971010225
competition_math_7203,-0.4440244606754452,0.5894486168725669
competition_math_7207,10.0,0.9999997923846053
competition_math_7210,10.0,0.9863695521774686
competition_math_7220,8.127405712613836,0.7015666176507073
competition_math_7225,-5.142722364683403,0.9955397226010491
competition_math_7228,10.0,0.9932629429500119
competition_math_7235,-4.907848525943605,0.8147291673717293
competition_math_7237,-3.1158053394837806,0.8767988055006332
competition_math_7238,-10.0,1.0
competition_math_7245,10.0,1.000000202368312
competition_math_7260,5.353823237677231,0.9930396661208858
competition_math_7261,5.353989313441719,0.9930283503333919
competition_math_7263,-4.155693721062139,0.8691498457969975
competition_math_7265,10.0,1.000000073557424
competition_math_7272,8.427920867682433,0.5015543069972218
competition_math_7275,10.0,0.9547151941969265
competition_math_7293,-4.96629457863391,0.7087119629067261
competition_math_7295,5.710966828458025,0.9793853088620814
competition_math_7297,0.6107596790395641,0.9709984997144757
competition_math_7313,5.546219396060156,0.5516695231818549
competition_math_7314,5.902037425180131,0.9709496209479079
competition_math_7334,2.580975692290041,0.9952414800035309
competition_math_7342,4.899747885282199,0.9883758160419474
competition_math_7348,10.0,0.9085814965667275
competition_math_7350,7.791857164981502,0.5935473766369463
competition_math_7360,10.0,1.000000586883707
competition_math_7362,10.0,0.9480190154020363
competition_math_7367,-0.600946639665488,0.7447044582556187
competition_math_7370,0.3141635823408677,0.466937029050561
competition_math_7373,10.0,0.9896949318299068
competition_math_7374,-5.129613125623597,0.7912683574338812
competition_math_7378,10.0,0.9396162219262439
competition_math_7383,4.256979111239269,0.6327028989306034
competition_math_7384,1.674388092492367,0.983773292119441
competition_math_7386,1.8289335482830427,0.8604880925998293
competition_math_7389,2.3410841806088043,0.9647973722822821
competition_math_7397,1.0526685085766696,0.9101023488806531
competition_math_7406,6.348987894514784,0.6954649940385541
competition_math_7408,8.330086964274876,0.6624954333832056
competition_math_7419,10.0,0.7857384787078512
competition_math_7424,6.283561802547604,0.6120386995836966
competition_math_7433,1.4179449947638731,0.8395341467468892
competition_math_7438,-1.2355064295798286,0.9866926222309254
competition_math_7450,-1.1245331209303027,7.38905609893065
competition_math_7455,-3.56948791480715,0.8269998464213663
competition_math_7458,-2.5537731132873533,0.9999949852226839
competition_math_7463,-1.888251515127572,0.7158598468647067
competition_math_7467,2.646095848417116,0.9978383206927179
competition_math_7475,-7.661796188999939,0.9999972768681722
competition_math_7481,10.0,0.9353661399854768
competition_math_7495,10.0,0.8231173337383227
competition_math_7501,4.231278923893973,0.5967031261549174
competition_math_7502,10.0,0.9919689324656801
competition_math_7505,10.0,0.9927716231555308
competition_math_7506,-7.22149878398944,0.8335594257584823
competition_math_7510,6.619476821739066,1.0008715880169528
competition_math_7516,8.681899571103935,0.6045978678139684
competition_math_7523,-2.2250900829274705,0.8864474209286551
competition_math_7525,1.0465425273590112,0.6249993057100478
competition_math_7536,4.990502262580882,0.5977149849689724
competition_math_7543,7.243870316785288,0.8332639640419235
competition_math_7545,7.553606273886554,0.5993627506510976
competition_math_7553,2.0234865460956226,0.6893924632575879
competition_math_7557,10.0,0.9658756655188676
competition_math_7563,10.0,1.0000000012602284
competition_math_7566,10.0,0.9220371186119307
competition_math_7567,-3.6202789089402763,0.9225669181109374
competition_math_7571,-2.4343977132693073,0.9976544182212645
competition_math_7575,0.3516475418743883,0.8555789125418009
competition_math_7576,6.754889839174314,0.7435842361200531
competition_math_7577,-0.4892276531420178,0.8339307507392414
competition_math_7578,2.396340297476063,0.8058611588645659
competition_math_7579,-0.22425241884604577,0.7636457200266101
competition_math_7580,10.0,0.9879254739578149
competition_math_7584,2.5377373658250564,0.9884095303675973
competition_math_7600,5.27867799034876,0.7963411284653135
competition_math_7604,10.0,0.9540056556906994
competition_math_7611,-0.3267278501251205,0.9941355566353508
competition_math_7615,10.0,0.9928334564961947
competition_math_7617,6.954258743115739,0.8780672715576228
competition_math_7628,-2.4732143882483104,0.9982371938515386
competition_math_7633,4.100855272314958,0.6604134478077951
competition_math_7643,0.15417237944561088,0.9997333907364296
competition_math_7647,10.0,0.9041279235749893
competition_math_7655,8.712242759936752,0.5944713363874754
competition_math_7658,1.6630787601971384,0.9623933943232327
competition_math_7667,-3.2485417683264988,0.6375728575241439
competition_math_7671,0.7207617165933189,0.63280193883789
competition_math_7672,10.0,0.9876627299462957
competition_math_7677,1.4235228084553395,0.6885096068675671
competition_math_7683,2.7470807496927794,0.9924456314920796
competition_math_7685,3.1973231652456637,0.7485512048131293
competition_math_7693,10.0,0.9999887142109253
competition_math_7696,10.0,0.9872288393962285
competition_math_7704,10.0,0.9216483151149096
competition_math_7705,10.0,0.9544305748147537
competition_math_7706,10.0,0.9246853606869319
competition_math_7708,6.542244318937517,0.8556121360059596
competition_math_7712,10.0,0.992924160331785
competition_math_7716,10.0,0.9955135116954711
competition_math_7721,10.0,0.8658067683386867
competition_math_7726,-5.479067882061109,0.5701521338612711
competition_math_7727,4.437833009154732,0.7049926076467065
competition_math_7728,2.6245819384185802,0.7531523195181662
competition_math_7749,2.1817437966292266,0.9803081157152778
competition_math_7759,2.213120982800163,0.863230266702797
competition_math_7764,4.87166882899916,0.5958827798022099
competition_math_7768,7.661802741599195,0.9999995275165644
competition_math_7769,-2.0007764960470475,0.9128324854750327
competition_math_7774,10.0,1.000000667492432
competition_math_7777,-1.148131111487479,0.7343576493216711
competition_math_7778,4.444577248913935,0.6201057592454148
competition_math_7779,10.0,0.9549317882685486
competition_math_7780,10.0,0.9899417232691123
competition_math_7782,10.0,0.9352166279093
competition_math_7783,2.9889474265311797,0.9996221244460547
competition_math_7803,10.0,0.8228080693193923
competition_math_7804,10.0,0.9999919993170737
competition_math_7805,10.0,1.0
competition_math_7806,5.846908116443748,0.974727591101969
competition_math_7813,5.475733332771242,0.9930958937493547
competition_math_7820,5.336412970023756,0.6421325303310819
competition_math_7821,-10.0,1.0000003522371284
competition_math_7823,5.28521263473116,0.9786758175441642
competition_math_7825,2.4631611855742013,0.9087203793602925
competition_math_7829,10.0,1.0
competition_math_7838,-1.2204245940132488,0.8357282306389813
competition_math_7840,6.719412055300215,0.8891474118906381
competition_math_7841,-5.462795230570486,0.9926479885960122
competition_math_7842,10.0,1.0
competition_math_7852,6.437563719598712,0.5708606864548305
competition_math_7860,7.088814299400013,0.6407603410851459
competition_math_7861,-1.4176368491723679,0.6878190361331125
competition_math_7873,10.0,0.9674296756223031
competition_math_7884,-0.8837892634729452,0.475258890593218
competition_math_7888,5.352159085806093,0.9930989684281454
competition_math_7893,10.0,0.9740301901562916
competition_math_7907,6.478085886909046,0.8839130669648361
competition_math_7911,0.6574621782818487,0.47797823116487964
competition_math_7914,10.0,0.9964200155773049
competition_math_7935,-3.563955844970263,0.6219817115733346
competition_math_7943,3.6336992678434585,0.5361579933047396
competition_math_7953,10.0,0.8536244538800075
competition_math_7957,2.5538744014678487,0.9999972894273017
competition_math_7966,5.4275440804613675,0.720962689341241
competition_math_7970,1.9409653996883387,0.8157873717059311
competition_math_7971,-0.4614741693922421,0.5567892093120269
competition_math_7975,10.0,0.8791254029471419
competition_math_7982,10.0,0.9537477270291481
competition_math_7983,-1.6120693554483005,0.9890527903002813
competition_math_7984,5.352183200042854,0.9930986521377665
competition_math_7987,5.959638955018621,0.9759859467766011
competition_math_8009,0.8059588971918359,0.975315505248923
competition_math_8010,10.0,1.000000000290908
competition_math_8012,10.0,0.9638910363115003
competition_math_8013,5.352177804067297,0.9930986547757804
competition_math_8015,6.406457530037196,0.939225847084862
competition_math_8016,10.0,1.000000794878555
competition_math_8017,6.354539548899784,0.6922982590735485
competition_math_8021,3.9190617627907804,0.5640181132996988
competition_math_8029,-1.262851244652575,0.7935652600153827
competition_math_8033,10.0,0.9999984664274936
competition_math_8035,-5.434695960232563,0.9602396949094173
competition_math_8045,-2.212790375238066,0.8832353148803216
competition_math_8071,10.0,0.9930989640500592
competition_math_8087,10.0,0.9990413399364171
competition_math_8090,10.0,1.0
competition_math_8091,1.5480702413504126,0.7908447106837017
competition_math_8094,8.693541121366755,0.5976329122384678
competition_math_8105,2.2547531451901213,0.7103667779143513
competition_math_8108,10.0,0.9169476471397928
competition_math_8115,4.290752841343727,0.8395423608743343
competition_math_8117,-1.9560914358817754,0.9830774440119637
competition_math_8119,7.9003936089719575,0.5366727886342193
competition_math_8120,7.029268658588561,0.9309031556343194
competition_math_8129,2.8813811118942856,0.6998241397007485
competition_math_8132,2.4737509137308673,0.8212805926806559
competition_math_8133,5.011756687209969,0.8044278707538034
competition_math_8146,4.50087331115407,0.8883653637091986
competition_math_8147,6.997765659520418,0.5032154036102577
competition_math_8148,-1.67658122634387,0.6516489044887188
competition_math_8149,4.489781710161359,0.9975887966326854
competition_math_8153,0.4956042996157192,0.5994349191018705
competition_math_8160,-5.660674565484218,0.9572432928595529
competition_math_8168,1.4676625532142626,0.7934859775515385
competition_math_8169,10.0,1.0
competition_math_8170,5.474126763860694,0.9736782907505813
competition_math_8173,10.0,0.9816557820785009
competition_math_8176,5.7641866936464226,0.5688263955812757
competition_math_8179,10.0,0.9621209647487962
competition_math_8184,-2.4977865420803766,0.9879243660727912
competition_math_8190,4.392922506935116,0.9726918494256843
competition_math_8196,1.4767667265767646,0.7017343279983205
competition_math_8211,2.349456976326943,0.8327375458304846
competition_math_8213,5.352201035931175,0.9930979066742461
competition_math_8215,6.971871618611391,0.8309025731412666
competition_math_8219,5.42503780401367,0.9886041928077195
competition_math_8226,-5.4046069098599245,0.9929211253513519
competition_math_8228,-7.023251869569578,0.799525964985676
competition_math_8230,7.2767301698300555,0.8251237635397737
competition_math_8245,10.0,0.7769625982766071
competition_math_8260,7.009029203233741,0.8977365259029566
competition_math_8261,-4.509810943469395,0.5457132462006088
competition_math_8265,-1.164044801961025,0.7335706912338159
competition_math_8267,10.0,0.978603444911563
competition_math_8268,9.080043497504873,0.5335992886511585
competition_math_8272,10.0,0.8836597896807584
competition_math_8274,7.651532973544169,0.5552690577677166
competition_math_8276,5.358699921210697,0.9930027991035676
competition_math_8284,3.371752597970484,0.5233721241642001
competition_math_8288,0.722402307684869,0.5969834885574081
competition_math_8289,10.0,0.9999275579358282
competition_math_8296,7.5287789829228196,0.8357431714712887
competition_math_8299,-3.716865734023309,0.8056726518959046
competition_math_8300,7.167229646640035,0.8640150902367352
competition_math_8309,10.0,0.9003978795082772
competition_math_8312,10.0,0.8325618240403435
competition_math_8315,10.0,0.9317954918284157
competition_math_8321,10.0,0.9923568158869451
competition_math_8350,-2.191243995213167,0.8221168991674022
competition_math_8354,3.033447729074979,0.6321828855256281
competition_math_8361,10.0,0.986306130228738
competition_math_8362,10.0,0.8335445906335269
competition_math_8366,-3.0912175434565414,0.8641568274022616
competition_math_8367,6.572638811719361,0.8783811894697438
competition_math_8374,8.71675051265379,0.5909737388775161
competition_math_8375,4.4487795524341,0.8205145472125946
competition_math_8381,1.5620325455927278,0.9882495494844001
competition_math_8383,10.0,1.0000000002635476
competition_math_8387,7.739433173992432,0.4424408444938143
competition_math_8393,3.1578143788612025,0.7886558907899888
competition_math_8400,6.084804864330827,0.9703925281460852
competition_math_8402,2.553875196318691,0.9999976996300168
competition_math_8404,5.402492563741165,0.9930265307508744
competition_math_8408,10.0,0.9930381784731256
competition_math_8414,-1.47188288832272,0.7361183838566856
competition_math_8416,3.1755024637586673,0.9334926582991558
competition_math_8439,10.0,0.9999999885945029
competition_math_8441,-0.36558140990102966,0.9363016013907968
competition_math_8442,4.309742609878044,0.6909291548437203
competition_math_8444,5.913662476211833,0.9703186988556927
competition_math_8446,5.352179135569663,0.9930986984534788
competition_math_8447,10.0,0.8932138195193294
competition_math_8448,4.007821284731345,0.8343479500478612
competition_math_8452,10.0,1.0000000028144849
competition_math_8457,10.0,1.0
competition_math_8464,-6.839053374131326,0.8370280190545375
competition_math_8468,10.0,0.710882245614044
competition_math_8472,-10.0,1.0000001857868897
competition_math_8477,1.5657504025457836,0.9881116678677735
competition_math_8478,2.9503083265955765,0.5677463978824345
competition_math_8483,5.356057914559294,0.9928277317871893
competition_math_8486,3.296861185794522,0.7740773055130236
competition_math_8487,6.828187734544165,0.8885482305826676
competition_math_8488,10.0,0.9999999425131935
competition_math_8490,-1.4705303081273593,0.966170354301695
competition_math_8497,5.945669582907368,0.49855540152794736
competition_math_8501,3.5313980755636485,0.871827170996899
competition_math_8504,5.798767757923878,0.9921119161450233
competition_math_8506,-7.245221875854518,0.8332554971824725
competition_math_8518,-5.446638062119969,0.9810934188421667
competition_math_8541,10.0,0.9957718757272468
competition_math_8543,10.0,0.9673345127280868
competition_math_8544,7.253764320639161,0.8374043792960951
competition_math_8553,5.480570190534282,0.8313702576141613
competition_math_8554,10.0,0.8925620567950169
competition_math_8555,-2.329122569051741,0.8827331663729429
competition_math_8558,5.653198125945591,0.971534656696502
competition_math_8561,6.753582878909292,0.8397114037855323
competition_math_8570,2.9908615054758916,0.6343651882090884
competition_math_8573,5.669747107985536,0.9588069531946206
competition_math_8576,6.351927490436369,0.948572632922964
competition_math_8597,10.0,0.5946078021692588
competition_math_8616,10.0,0.9999974923970043
competition_math_8619,10.0,0.9999989666785912
competition_math_8627,7.490011428319431,0.5896850113125058
competition_math_8628,10.0,1.0000002121111593
competition_math_8629,10.0,0.9930965001539731
competition_math_8639,10.0,1.0000002173611584
competition_math_8640,-2.512236990017884,0.9992597670354935
competition_math_8645,8.476967738281743,0.6406682891720579
competition_math_8651,6.669613223747155,0.5791885374522584
competition_math_8652,1.3320429692607603,0.5128866223382258
competition_math_8661,-1.149382659966966,0.8311520713611928
competition_math_8669,10.0,1.00000032253019
competition_math_8672,6.443158511632493,0.6417814053950105
competition_math_8673,4.159581305922203,0.7878400019596956
competition_math_8674,2.0022442800459532,0.5731328410164762
competition_math_8677,8.214907544667883,0.7320183574456384
competition_math_8680,5.628223951133613,0.9915976122679405
competition_math_8685,5.353221430051494,0.9935257547581291
competition_math_8687,10.0,1.000000186363976
competition_math_8690,-4.875577814095694,0.6481133837097698
competition_math_8691,-3.7209405451425988,0.9905940387038096
competition_math_8701,0.6754645183894161,0.8522509972444299
competition_math_8705,6.564257074041039,0.9304668409494883
competition_math_8717,8.21829635422883,0.6887390322340344
competition_math_8720,-4.26365204185433,0.8799837519985686
competition_math_8728,1.504822246753124,0.8112392200059491
competition_math_8731,10.0,0.8691650425191297
competition_math_8738,10.0,1.000001052105519
competition_math_8742,10.0,0.9539671830557939
competition_math_8748,-2.363753781357444,0.748590047672006
competition_math_8755,1.370113463530518,0.627777420044829
competition_math_8757,10.0,1.0000015917493188
competition_math_8758,10.0,0.8592985800070736
competition_math_8763,10.0,0.9848209272048866
competition_math_8781,10.0,0.9631365590383305
competition_math_8785,-5.841342511126468,0.5478556632495606
competition_math_8786,-7.757061884557693,0.9999987256573827
competition_math_8787,4.227209223710042,0.8266972986747925
competition_math_8791,10.0,1.0000000012855854
competition_math_8796,10.0,0.9990187889784008
competition_math_8801,-0.0033346433806433536,0.9958243904218322
competition_math_8813,10.0,0.9961175478217068
competition_math_8814,10.0,0.8965883836112691
competition_math_8815,7.347597845075576,0.5037315725645988
competition_math_8835,3.751798986809144,0.8547258996798682
competition_math_8836,6.756016024390986,0.5378564687078257
competition_math_8843,6.810406015874806,7.38905609893065
competition_math_8845,0.6863016503603655,0.9387110532167434
competition_math_8848,10.0,0.8888915806894191
competition_math_8851,4.339199047096695,0.6899003817333879
competition_math_8853,8.479912379767455,0.5470563426295275
competition_math_8864,-5.22624647235769,0.5515335694168196
competition_math_8867,3.6105812613650663,0.8285988587446315
competition_math_8875,-1.7342742997326888,0.5678752716046381
competition_math_8885,-6.031390279226766,0.9617077249509509
competition_math_8888,1.0237850089373315,0.7420440549811079
competition_math_8903,10.0,1.000000823297954
competition_math_8904,4.521198883693615,0.812241346076426
competition_math_8905,10.0,1.0
competition_math_8918,0.8173384350834814,0.8277925934341483
competition_math_8929,6.30159276770433,0.6797226578635643
competition_math_8932,6.101387288340691,0.9597251359803046
competition_math_8936,10.0,0.7918846101760507
competition_math_8947,5.529924721963261,0.5878001297999811
competition_math_8954,8.824437671012978,0.5765362209986898
competition_math_8959,3.9365896787480654,0.5545772420830732
competition_math_8973,10.0,0.6530493052854165
competition_math_8981,9.998307167089457,0.817864932695336
competition_math_8986,-3.5226550901416083,0.9132583762340505
competition_math_8990,3.515159749458853,0.898119735764701
competition_math_8993,2.606786621493753,0.724000036900856
competition_math_8998,10.0,0.9504450673063742
competition_math_9001,10.0,0.9438244893401359
competition_math_9003,-6.4584121451456165,0.9276444866517762
competition_math_9005,2.870841227784219,0.5395758257198991
competition_math_9006,-6.3026589932581984,0.9026837682480731
competition_math_9010,8.111455689366494,0.7827940774234374
competition_math_9011,-10.0,0.9998895850495686
competition_math_9012,10.0,0.993840196140689
competition_math_9014,10.0,0.640459075836756
competition_math_9019,-4.835686377008277,0.9779117752679015
competition_math_9021,10.0,0.9920974300746591
competition_math_9023,-0.8696215773230785,0.704920019685148
competition_math_9024,10.0,1.0000526351774106
competition_math_9025,4.355526795994398,0.9961124835537685
competition_math_9031,-4.398865924562264,0.9730782424238942
competition_math_9039,3.3486621152624205,0.9178117633108297
competition_math_9057,-0.4749095666354092,0.5331303284161515
competition_math_9059,2.1470524142758496,0.5745188137064893
competition_math_9063,5.35242805679654,0.9930583464239764
competition_math_9064,10.0,0.9192291795365547
competition_math_9066,3.074378892903993,0.9375598295323679
competition_math_9068,3.9836239515248866,0.5210029394890543
competition_math_9072,5.394860125859938,0.9930417383698777
competition_math_9078,1.6340549077544242,0.7613593829805666
competition_math_9083,10.0,0.9584969537826732
competition_math_9085,4.74515989223999,0.7069520944384685
competition_math_9095,10.0,1.0
competition_math_9098,6.079907895113589,0.9609255717212186
competition_math_9099,8.14248060685981,0.7099408825265353
competition_math_9105,-3.1678541422081197,0.5441256408992777
competition_math_9115,-3.000025314433219,0.9985028667946263
competition_math_9118,10.0,0.9929367090982354
competition_math_9124,3.5190532257445275,0.9115471914714959
competition_math_9131,2.4926172718709187,0.982316893077709
competition_math_9137,6.5705555573645835,0.9422252826483208
competition_math_9140,5.75427908486528,0.9693692579458344
competition_math_9143,1.105625204416433,0.9021854063747727
competition_math_9144,5.831205350401842,0.7591889980680671
competition_math_9152,-0.017431306497522864,0.9961810589678772
competition_math_9153,-1.7398394220403899,0.5335263774968442
competition_math_9154,2.8294652000788187,0.8919585637587868
competition_math_9156,1.9117400111283795,0.9777823398567009
competition_math_9160,-2.4147307807446055,0.7403743087133904
competition_math_9166,3.2828147823761027,1.0003947714571846
competition_math_9171,-3.652441821612036,0.9994207584811431
competition_math_9179,-5.679445047750366,0.7680838574520775
competition_math_9181,-6.00031297727266,0.6534588532851814
competition_math_9182,10.0,0.9812327885131403
competition_math_9187,2.5525638328984925,0.9998632927827322
competition_math_9204,10.0,0.811662597250982
competition_math_9205,3.593530593964683,0.6947560761069641
competition_math_9207,-0.5704500963255743,0.9806311349091369
competition_math_9232,6.752573964876473,0.6108236653978857
competition_math_9235,-2.622195817917523,0.6295622012340637
competition_math_9245,10.0,0.999991677375313
competition_math_9257,2.826564619681219,0.8972932600979419
competition_math_9268,-1.3723925084114401,0.9792089059119266
competition_math_9269,8.612341618017396,0.6061168540466975
competition_math_9270,3.588834301640793,0.9939116803522123
competition_math_9273,-0.5407132573720997,0.8312502989760842
competition_math_9280,10.0,0.8034607711233273
competition_math_9289,4.515794353216778,0.9926004844815673
competition_math_9290,4.665992347479877,0.5483626733559802
competition_math_9292,10.0,0.9998713227218463
competition_math_9296,-1.4107239173611417,0.8901993810747749
competition_math_9301,6.595794174165427,0.4799248039458771
competition_math_9308,-0.19289705922334482,0.7419129627560359
competition_math_9310,10.0,0.9771505833072537
competition_math_9311,10.0,1.0
competition_math_9315,-0.01650309076283192,0.9961115480356456
competition_math_9319,3.838145004908942,0.7474518511321028
competition_math_9328,5.118078888478583,0.9957714560055627
competition_math_9329,10.0,0.9624316673418534
competition_math_9339,10.0,0.9769960103010537
competition_math_9345,0.3327277457600286,0.7509169555265113
competition_math_9348,3.0151287133362343,0.9854593097590019
competition_math_9354,7.69566628206009,0.7798676758381792
competition_math_9355,10.0,0.708001146773835
competition_math_9358,2.3811714758559788,0.6033782944000743
competition_math_9361,2.3550219982416776,0.6190212509637826
competition_math_9370,7.707094423243978,0.773963781663233
competition_math_9385,2.5253915176116317,0.998542869501217
competition_math_9389,4.660473794934127,0.9965473328292981
competition_math_9392,2.470489599622975,0.5592930724455525
competition_math_9403,8.557525014773441,0.49391206941402066
competition_math_9404,10.0,0.7765009477684526
competition_math_9408,-0.2929081974612119,0.8287217219342975
competition_math_9412,10.0,0.999989694406078
competition_math_9415,1.9577526796961913,0.9829343903832217
competition_math_9417,-2.2282644805541616,0.9542567879141709
competition_math_9434,-10.0,0.9996636684051378
competition_math_9440,1.9721719905684296,0.45551676409999825
competition_math_9442,-3.360893646113667,0.955759765272016
competition_math_9464,4.556972441054906,0.8530067848214336
competition_math_9468,10.0,0.9630514493153314
competition_math_9470,7.092284861028233,0.5072353061011386
competition_math_9471,6.424307254286901,0.9350124264355048
competition_math_9472,0.49257818329335984,1.0002034920709946
competition_math_9479,7.24053039593095,0.5076067993844572
competition_math_9480,9.054968362276465,0.5119870286447601
competition_math_9481,6.505086661854497,0.8783383017461438
competition_math_9484,-1.5028393417969588,0.8156179667086947
competition_math_9487,1.1855865394615819,0.9995124499069591
competition_math_9497,5.515386957623469,0.5478514249946805
competition_math_9498,10.0,0.9999582793105541
competition_math_9504,7.060734689451719,0.4380989890798559
competition_math_9511,6.710686539167122,0.9016285613159886
competition_math_9528,-1.1656090938699286,0.9920332705124072
competition_math_9530,10.0,1.0
competition_math_9534,10.0,0.999799553767864
competition_math_9542,0.5215069762610571,0.49527011807101357
competition_math_9545,5.35285476605903,0.6645251221398474
competition_math_9549,0.1555122073966273,0.9452335831241212
competition_math_9552,10.0,1.0000001927349802
competition_math_9569,2.532954875655331,0.962678941257007
competition_math_9572,1.8236117903063955,0.9041345713261973
competition_math_9582,-3.35538965233526,0.7186398770528247
competition_math_9585,-5.82633050692239,0.8018545347686369
competition_math_9592,4.608640258217111,0.9622380337849895
competition_math_9598,10.0,0.9782040625893461
competition_math_9599,10.0,0.7692177974785703
competition_math_9602,-0.04882878564905467,0.9950650942627633
competition_math_9609,6.550691860245797,0.6579134812668056
competition_math_9610,4.772970774275405,0.5366452664722949
competition_math_9619,3.4151823147463554,0.612914565899723
competition_math_9624,7.31564360176029,0.8277070987182741
competition_math_9625,10.0,0.8277005798619516
competition_math_9626,5.286249862623449,0.6528554385484315
competition_math_9632,10.0,0.8729677675613773
competition_math_9634,-0.17917267609650356,0.9999628942940089
competition_math_9649,3.4994133801990266,0.7780917021007482
competition_math_9650,-1.1578353031040496,0.9603167768894801
competition_math_9652,10.0,0.9467550058977513
competition_math_9655,7.260026742913544,0.5579367954517493
competition_math_9662,2.55378360900555,0.999995469051309
competition_math_9674,10.0,1.0
competition_math_9682,-1.9675810374164615,0.9652312926832077
competition_math_9684,-0.8207894648810452,0.9984233443321321
competition_math_9685,3.12324370528167,0.8220612422197442
competition_math_9692,10.0,0.9999985725689324
competition_math_9705,-1.6625647124602687,0.9881886913720679
competition_math_9713,6.436800217984048,0.8550164463418852
competition_math_9717,7.567097957915149,0.6506202477316247
competition_math_9718,5.42603456723323,0.9903706342104437
competition_math_9719,10.0,0.9918289847234685
competition_math_9721,10.0,3.9902320500785975
competition_math_9738,5.422962080468009,0.5056359341355137
competition_math_9745,2.0927281280837127,0.5920949893336458
competition_math_9751,-0.5971797153830309,0.8129012607523489
competition_math_9756,-2.967254138794793,0.8255772289527564
competition_math_9764,2.5539311712062602,0.9999996765214864
competition_math_9768,0.09952309491215089,0.6123271066781576
competition_math_9770,1.2087045786419466,0.790412327677112
competition_math_9771,10.0,1.0000006953220808
competition_math_9773,3.243222539311684,0.5436188562646
competition_math_9780,5.008036067140668,0.7931182277691736
competition_math_9788,-6.0713723033908735,0.9297491461218772
competition_math_9799,4.653792726450178,0.8478525800090707
competition_math_9803,8.90808968847772,0.5329840212443115
competition_math_9807,0.7563543261919385,0.6087645609000216
competition_math_9808,10.0,1.0
competition_math_9821,1.4483551672838468,0.8563319436080514
competition_math_9827,5.974276943250429,0.9827206640880477
competition_math_9829,10.0,0.6900226789665755
competition_math_9833,5.305243866442084,0.9856272529449245
competition_math_9844,-2.6557879469846895,0.9971050693378931
competition_math_9855,-1.2761963506435743,0.8859355431985098
competition_math_9864,10.0,1.0000005861003454
competition_math_9870,-4.731096844907939,0.7894231855985934
competition_math_9884,0.15005835220360203,0.8697801855814729
competition_math_9888,2.30788051229416,0.7955533806842235
competition_math_9889,-3.388503168187006,0.8874903446273683
competition_math_9892,-3.4293597896918495,0.4450063712075416
competition_math_9903,-6.528111864975115,0.670514072295773
competition_math_9910,8.617621440354089,0.5995726316163955
competition_math_9914,10.0,0.6534435635152908
competition_math_9922,3.0496044144359877,0.7793764376269118
competition_math_9923,10.0,1.0000011735611414
competition_math_9931,7.411882645182704,0.8489914789967646
competition_math_9940,5.352279581428403,0.9930980309107038
competition_math_9942,10.0,0.9995421344812769
competition_math_9957,7.383004001125405,0.841147856208206
competition_math_9966,-0.8409239847017315,0.5504418689047778
competition_math_9972,10.0,0.9760426547189255
competition_math_9992,4.92559271493771,0.811085441102691
competition_math_9994,4.198911592022154,0.8751773574153255
competition_math_10010,-1.9893975673262096,0.6374807129580218
competition_math_10012,-9.196889552019185,0.9955532545633781
competition_math_10020,-1.2197835321717931,0.8623213140816101
competition_math_10023,-2.613556851354667,0.6272131801351197
competition_math_10030,8.22347312182306,0.6538880097060549
competition_math_10032,1.5373815849885022,0.742948551668401
competition_math_10039,8.604971442815906,0.5197288553311302
competition_math_10043,5.3246811704765475,0.9569183689133802
competition_math_10047,8.942533601827167,0.5488619562068097
competition_math_10049,-5.618647806390672,0.9954028298409454
competition_math_10052,3.7709418649283317,0.6573531762187103
competition_math_10054,10.0,0.9855933620946469
competition_math_10058,-0.23202855875393638,0.9958446845187414
competition_math_10062,5.267015854496156,6.551937985205164
competition_math_10074,-2.554046794177631,0.9999904220329773
competition_math_10077,0.441937687019134,0.99100266764149
competition_math_10078,8.105414802434877,0.6894904182158623
competition_math_10080,5.358640325888643,0.9930660038584858
competition_math_10081,2.1954883755795445,0.9938096152751716
competition_math_10085,3.938879112121931,0.6378483540887219
competition_math_10089,3.585034132663306,0.8401106225630527
competition_math_10099,6.5347727595589795,0.8282304170779298
competition_math_10100,5.295505145373225,0.981633958637187
competition_math_10101,10.0,0.9839432313698349
competition_math_10108,6.989022272183669,0.872362298495296
competition_math_10114,7.577642863571894,0.7967784159189978
competition_math_10118,-3.8374738545353515,0.9266088867775869
competition_math_10121,10.0,0.9472465252146892
competition_math_10137,1.9853913406743693,0.7626835935124369
competition_math_10144,5.352159032998458,0.9930989640500592
competition_math_10159,6.11848670829002,0.7853197410012621
competition_math_10165,-4.4251547794827975,0.9843469713093201
competition_math_10169,0.6171002615004967,0.6835448548315102
competition_math_10176,5.164717161195956,0.448424123221978
competition_math_10184,1.5250192137834053,0.7813494156883259
competition_math_10185,7.717710646696208,0.7718949395774632
competition_math_10191,2.006450220758375,0.8231677603073208
competition_math_10193,10.0,1.0000000000394214
competition_math_10196,10.0,1.0000003438323153
competition_math_10204,10.0,1.0
competition_math_10217,1.3807702441003635,0.6785409483354577
competition_math_10225,3.2807556364503694,0.9994643530728025
competition_math_10230,10.0,0.992663798579637
competition_math_10237,6.53487076149132,0.921657667475525
competition_math_10250,10.0,0.9912916868593966
competition_math_10255,7.428708756200452,0.8163196407529472
competition_math_10256,6.60323716178096,0.9119587370406219
competition_math_10257,9.287538565611337,0.4921586086949472
competition_math_10260,-4.171243318842651,0.7136830426434901
competition_math_10267,8.380409532308645,0.7558132942831179
competition_math_10269,-2.2003090154161398,0.9938545750081509
competition_math_10270,5.431625257491778,0.9927631366917394
competition_math_10271,-2.514877587718306,0.9994063698064042
competition_math_10289,6.930061941493537,0.886083215361395
competition_math_10300,6.796106391034829,0.9138549968728673
competition_math_10316,10.0,0.9999959397546038
competition_math_10338,10.0,0.9996458895937713
competition_math_10341,4.4714635273476455,0.5071846193125535
competition_math_10343,10.0,0.9588817689811499
competition_math_10350,10.0,1.000121723764743
competition_math_10360,-3.5559427915445205,0.7868730287843655
competition_math_10370,10.0,1.0076453981122662
competition_math_10375,10.0,1.0000001975143538
competition_math_10379,-3.0054084666454823,0.8658475584805536
competition_math_10385,2.7749733657773836,0.8977359689743362
competition_math_10396,6.956323355170557,0.8722157366357439
competition_math_10397,-1.6898563349101707,0.9904944328631042
competition_math_10403,10.0,1.0000000003021359
competition_math_10409,10.0,0.9804335776778114
competition_math_10425,1.15659046351102,0.8080971686840178
competition_math_10427,-0.5478009875375262,0.5735344290144864
competition_math_10429,4.638019607911761,0.8170332370254649
competition_math_10438,2.3877531938265792,0.9170782425577738
competition_math_10440,10.0,0.999706786295505
competition_math_10443,4.939620496976367,0.9956551133981234
competition_math_10447,2.2196069568131023,0.9843886309222383
competition_math_10455,5.617841370608472,0.9883651682424205
competition_math_10458,10.0,1.000000000549394
competition_math_10462,-3.683916856248238,0.8385724458359665
competition_math_10468,5.353340352977224,0.9930859908578529
competition_math_10469,6.6646208861917104,0.8608669771586662
competition_math_10472,5.173652426444057,0.7987191569025298
competition_math_10491,-0.27589102823156975,0.5764323394228654
competition_math_10499,10.0,0.9900753952925935
competition_math_10501,-2.0912891453491147,0.991436217944587
competition_math_10503,5.3530106046208,0.9928827764733597
competition_math_10505,6.152637070136377,0.960194662857301
competition_math_10514,2.3176285866576465,0.9857145055827681
competition_math_10521,6.01102678294644,0.9741275806831241
competition_math_10525,7.0154689784279345,0.6371150658626442
competition_math_10528,-1.8310415329133238,0.8780356748382208
competition_math_10532,2.904811296693512,0.9726861921292479
competition_math_10548,10.0,0.9996893494149581
competition_math_10551,10.0,0.7922355585663857
competition_math_10553,8.291582662957952,0.6730748437245253
competition_math_10561,-1.3965881959517892,0.5017934301670578
competition_math_10578,10.0,1.0
competition_math_10581,10.0,0.8870950792286622
competition_math_10584,8.300767695528611,0.6694807348644212
competition_math_10585,3.180464401879144,6.876560668097526
competition_math_10593,-3.776283516938484,0.9762085588751279
competition_math_10599,6.43233765397598,0.9414514674662239
competition_math_10602,1.6813244986985538,1.003999110809069
competition_math_10607,7.806448846443375,0.7519238925614644
competition_math_10610,6.962346746874459,0.848345644040805
competition_math_10611,-2.8662832833933063,0.8150651714371997
competition_math_10615,5.914762708531657,0.9694268570607374
competition_math_10621,-6.500092838083196,0.9014266378670576
competition_math_10622,-2.260916039904785,0.8095384764234954
competition_math_10624,-2.55452433692081,0.9999784106323698
competition_math_10631,2.4442955503645973,0.6326539816134057
competition_math_10640,-7.66178922411428,1.0
competition_math_10641,8.184803732627877,0.6851141944274824
competition_math_10646,10.0,0.9999823678299117
competition_math_10656,10.0,1.0
competition_math_10657,5.723056924510304,0.9567222175483945
competition_math_10665,10.0,0.9968328861660745
competition_math_10671,7.290556155883928,0.8548931151821851
competition_math_10675,-0.46734583084761105,0.8621460452420989
competition_math_10684,0.62629190768934,0.5585581903581515
competition_math_10689,-2.129269081690614,0.9690701873119498
competition_math_10698,6.692003951070572,0.9309662413037327
competition_math_10707,-0.280190580095369,0.7338365273465349
competition_math_10711,-5.352539986693659,0.9930864666712046
competition_math_10722,5.082376043557706,0.5505530625809076
competition_math_10730,10.0,0.8641024241292177
competition_math_10733,-1.6381539404588024,0.9803837344500305
competition_math_10734,7.581813325065362,0.7820919932557447
competition_math_10745,1.2809877903332278,0.9248484718393242
competition_math_10751,10.0,0.9993309441380183
competition_math_10760,10.0,0.7617741406769438
competition_math_10765,6.231516060456617,0.6990477502435901
competition_math_10766,2.4954047133991817,0.6326733008967715
competition_math_10769,0.9646987201702535,0.9550321042237917
competition_math_10775,-1.776495441742863,0.9890447002610598
competition_math_10777,10.0,0.6221786815258316
competition_math_10783,7.512241337912694,0.5924699896726111
competition_math_10785,-5.3570599742911265,0.993193049119189
competition_math_10787,3.240778021746867,0.5502149276357823
competition_math_10788,6.228442221447563,0.9649939000615534
competition_math_10797,-5.139233332746029,0.5931735549880567
competition_math_10803,6.034322449870202,0.982286587781902
competition_math_10804,-5.3932555418934705,0.9926944870318358
competition_math_10820,10.0,0.9999962943177884
competition_math_10824,3.7447814496726712,0.9051722237504298
competition_math_10831,2.984794659446804,0.9829259717847495
competition_math_10845,5.044212041342857,0.6995703877295009
competition_math_10854,10.0,0.7688133702939697
competition_math_10865,3.888702001120068,0.8742999365155548
competition_math_10866,5.355247458254632,0.5738000098273354
competition_math_10878,1.534951590781019,0.8287375892134615
competition_math_10881,1.7181700559206223,0.728362208774494
competition_math_10884,0.6254256156888597,0.4795003576523593
competition_math_10887,5.901419742826841,0.9710225932251861
competition_math_10890,4.846356620178838,0.648236301451206
competition_math_10895,10.0,0.8534149916901924
competition_math_10907,1.215440493667465,0.49013611365771675
competition_math_10908,1.0806977941590332,0.8072349127389449
competition_math_10911,1.8584070715875556,0.6124042320791047
competition_math_10912,10.0,0.9383436686062877
competition_math_10913,10.0,0.9930989437769547
competition_math_10919,3.6454180650622945,0.7469186788074197
competition_math_10937,10.0,0.9401094912125604
competition_math_10938,10.0,0.9843161479454974
competition_math_10939,-1.3993320101665103,0.5033599762280955
competition_math_10943,5.44865981945234,0.6971943813438408
competition_math_10944,-1.804191259191834,0.987775029621557
competition_math_10945,7.92245282446423,0.738537661310937
competition_math_10947,-6.309662624070488,0.6660098389080465
competition_math_10966,8.513186688398648,0.6332748308203551
competition_math_10970,1.9500313711789405,0.4857253359914164
competition_math_10971,-4.691645634742123,0.5177863031395935
competition_math_10976,7.002789939632528,0.883472435823615
competition_math_10977,2.7393496443301455,0.5078304757029726
competition_math_10978,5.2180180105368015,0.9891030036564562
competition_math_10980,-1.1235091196595381,0.9639878644063613
competition_math_10986,10.0,0.9417086102344394
competition_math_10993,5.678643559726461,0.6397167726808476
competition_math_11001,7.4021430412032885,0.8063719092471234
competition_math_11005,10.0,0.9737622570747032
competition_math_11017,5.352975518902542,0.9930430918031223
competition_math_11019,-1.875267333741796,0.9904955540398553
competition_math_11026,10.0,0.9939780645382537
competition_math_11028,-0.4268636762765844,0.9145246271222326
competition_math_11036,5.8981817036216,0.45499996290128264
competition_math_11043,2.0554875378456727,0.4810891509993037
competition_math_11050,8.90468997046415,0.5572643873053235
competition_math_11051,10.0,1.0000001968807797
competition_math_11054,0.16149307319390355,0.521726496834196
competition_math_11055,8.094343858424091,0.7083256156675783
competition_math_11061,6.66287758338789,0.7779259258659187
competition_math_11062,3.869283643078627,0.5518948010657158
competition_math_11071,3.177051130545715,0.6919827634615501
competition_math_11080,3.789790157373727,0.560370459643443
competition_math_11086,10.0,0.803960242906283
competition_math_11096,-2.8115273675555565,0.90286426250662
competition_math_11098,-2.0218208581628168,0.9676815899814215
competition_math_11127,-7.662178722221321,0.9996890710131241
competition_math_11128,-6.368423884963169,0.6314760014540324
competition_math_11130,-0.754097482096404,0.9735986199791287
competition_math_11131,-1.6034856944189204,0.987753615406183
competition_math_11145,2.342728453263904,0.7512082171968232
competition_math_11152,4.670877454089324,0.9957694352247815
competition_math_11162,5.622450012787662,0.9927061683161098
competition_math_11167,0.10234277331248379,0.9738767751162423
competition_math_11172,10.0,0.9999251513535423
competition_math_11175,10.0,0.99514954640287
competition_math_11176,4.144450243529326,0.893760015627499
competition_math_11180,10.0,0.8274711762547025
competition_math_11195,2.333555198406121,0.9741541726980592
competition_math_11211,5.4433444408444105,0.9928244555496727
competition_math_11225,10.0,0.9915738240543279
competition_math_11231,6.549302578409439,0.562073506444291
competition_math_11238,0.6385753982392703,0.9880784141619823
competition_math_11243,1.399347299905418,0.9806516901467601
competition_math_11246,4.919445420887816,0.6370605119901461
competition_math_11252,-5.091357354313116,0.9920713146656432
competition_math_11257,-2.780577023819146,0.9480998975979412
competition_math_11263,4.399374019546392,0.8759054666910094
competition_math_11267,-2.63329826151384,0.5800840092351449
competition_math_11268,1.5222135816541653,0.7743795994009014
competition_math_11271,10.0,1.0000000002940266
competition_math_11280,-6.29873434123107,0.6957323461221582
competition_math_11283,1.0041218465922865,0.9921629244382574
competition_math_11286,2.7437004340990403,0.5425836095955744
competition_math_11293,5.675234795761182,0.9926069864831283
competition_math_11295,2.663950786899056,0.5837709838629699
competition_math_11304,10.0,0.9713727994879219
competition_math_11307,5.149335326326901,0.5409398649905492
competition_math_11308,6.312435818424478,0.6917251248077276
competition_math_11311,0.33724396397806944,0.8931175411950218
competition_math_11314,7.406530478909296,0.8145252999891935
competition_math_11321,4.119375728507566,0.7383510370302698
competition_math_11323,9.053632110382079,0.5265830718450173
competition_math_11346,5.881352038789783,0.9582378728427696
competition_math_11348,-1.3123771880616348,0.9575780173026842
competition_math_11350,10.0,0.9922273982366148
competition_math_11375,-0.08860612163840975,0.9941132526056667
competition_math_11386,-0.4629299495215938,0.44240617536370425
competition_math_11387,10.0,0.8866675468923311
competition_math_11389,-8.847962918682954,0.99294367263316
competition_math_11390,5.413223058220126,0.9925568443484791
competition_math_11394,-0.5691487600808403,0.8437503075890095
competition_math_11397,10.0,1.0
competition_math_11403,-5.604045007529448,0.957614267061891
competition_math_11406,-4.661682401356929,0.6956976100057078
competition_math_11421,3.0035457075455003,0.9463773362405503
competition_math_11423,3.731688288948395,0.9843868783460323
competition_math_11425,1.6196041788834066,0.9879630893919799
competition_math_11448,1.195994380048704,0.9785245087174251
competition_math_11456,7.905393950365998,0.7344871360665889
competition_math_11461,-0.7358670855237188,0.6896627711091349
competition_math_11462,5.477931091600943,0.9852610554314638
competition_math_11468,0.08943547210658588,0.5929211875102856
competition_math_11469,1.7771455591585825,0.5680537625676344
competition_math_11474,5.744265366798367,0.9884331598320228
competition_math_11478,4.580933325609339,0.8514596345593638
competition_math_11485,4.85005142929954,0.9979142681924528
competition_math_11493,2.382154242617492,0.664543760672092
competition_math_11500,-3.266501589003983,0.6544282471840666
competition_math_11502,10.0,0.9930989640500592
competition_math_11505,10.0,0.9999047146737478
competition_math_11510,2.66686891436335,0.9316162042843321
competition_math_11529,-3.740753082487041,0.549142901794846
competition_math_11533,-3.761266271717245,0.9410570009518844
competition_math_11540,-5.265924171750482,0.9774636343014521
competition_math_11551,-3.063422601083153,0.8866704484240646
competition_math_11563,5.447509097579188,0.9926525734607431
competition_math_11569,4.491103170653627,0.8323996359573773
competition_math_11572,6.372847139645954,0.7749792574950978
competition_math_11585,-0.9313219432604908,0.6011928437047831
competition_math_11588,-0.4374805030119361,0.9902574086973956
competition_math_11589,10.0,0.7327089612001172
competition_math_11594,0.8915511348060384,0.797713791058868
competition_math_11595,10.0,0.9827129450522034
competition_math_11597,-2.5538052248616716,0.9999955040719224
competition_math_11600,7.746631378619521,0.9979266824588464
competition_math_11602,4.301343976928308,0.5407181893460309
competition_math_11607,-1.9811764632323836,0.8382023164978757
competition_math_11608,10.0,0.8000529101055552
competition_math_11615,10.0,0.9931301042620806
competition_math_11620,6.425357333941973,0.9327027634974822
competition_math_11625,-5.539902107818937,0.9905620783744916
competition_math_11627,8.087302177942377,0.7105054789790836
competition_math_11631,7.907155378741649,0.7419097076304664
competition_math_11650,10.0,0.9999950325048778
competition_math_11655,-6.291642859654469,0.9480133543944914
competition_math_11656,6.547590515445841,0.6703599990959981
competition_math_11657,2.4996148803176386,0.8194538898373179
competition_math_11668,6.406473190208519,0.9586640500949222
competition_math_11670,10.0,0.8971626038970232
competition_math_11673,10.0,0.9722290993125342
competition_math_11676,6.396296030853944,0.9372905343586637
competition_math_11678,-6.7401917527154005,0.8513624545082624
competition_math_11680,7.967344981870345,0.7272096458039655
competition_math_11685,-4.390410220638718,0.8541511926307537
competition_math_11696,3.19647887562351,0.4870847020991593
competition_math_11711,6.356999853838299,0.9832125682390745
competition_math_11730,5.90210000540662,0.9709142323876542
competition_math_11731,3.3453788054335023,0.6767625333644255
competition_math_11741,1.949044818334003,0.9949995117988948
competition_math_11742,6.721159484063945,0.904378388681336
competition_math_11746,6.250976174899408,0.7035908225446227
competition_math_11747,10.0,0.9567858204104485
competition_math_11754,2.816189193402707,0.8877753574782582
competition_math_11756,-1.1447226478724166,0.7413754808000321
competition_math_11769,10.0,0.9997537261504988
competition_math_11772,5.402490533677922,0.6444238593871142
competition_math_11782,-2.921112825797778,0.7091171153573947
competition_math_11783,3.9886599765963227,0.8627207137825849
competition_math_11787,-1.110116415499112,0.8819154563652516
competition_math_11792,-2.189003975291384,0.9625487105859586
competition_math_11793,3.478453936136861,0.605328415011501
competition_math_11796,6.88896201173,0.6351505403700003
competition_math_11797,2.5806603846776115,0.9999822661543709
competition_math_11814,6.014934212020299,0.723908813412919
competition_math_11818,3.548136754408356,0.694494603008766
competition_math_11825,1.9800086727531236,0.8301643459102864
competition_math_11826,7.661801176629212,0.9999989924258221
competition_math_11835,0.977180316616381,0.885894068675688
competition_math_11836,-2.9896985559332725,0.8981766907391846
competition_math_11839,10.0,0.99309844871656
competition_math_11840,5.524696765957455,0.9708448786971466
competition_math_11841,6.731791700245705,0.8562564323752553
competition_math_11843,3.237244704756535,0.9878842920785684
competition_math_11848,-10.0,0.9730737049835765
competition_math_11853,10.0,0.8841344886207507
competition_math_11857,6.14800617686518,0.5325371417784662
competition_math_11861,4.519932130451083,0.7048334874195332
competition_math_11866,10.0,0.9930375647739302
competition_math_11867,10.0,1.0000108983225164
competition_math_11869,2.5511240718435624,0.534257516151605
competition_math_11871,10.0,0.9999999041928446
competition_math_11880,10.0,0.6506731747692905
competition_math_11887,7.519156535785381,0.7989090828867237
competition_math_11890,-1.4255473613514553,0.5104908295784645
competition_math_11893,2.0830221746568274,0.4849203377425697
competition_math_11895,0.1129819283961395,0.9767802886923515
competition_math_11899,10.0,0.9854508567860868
competition_math_11904,-2.3377390075449442,0.6809397430927402
competition_math_11919,10.0,0.9814499550323568
competition_math_11920,10.0,0.8407540484605248
competition_math_11926,0.841415268790152,0.8126807708872121
competition_math_11931,-3.0001220162872615,0.9771635010684128
competition_math_11941,7.374245911763661,0.6663929059840434
competition_math_11971,-4.114468103476907,0.5615915208718252
competition_math_11973,3.1335706737150217,0.7608825831080291
competition_math_11977,2.5070444488327674,0.6610814420879118
competition_math_11980,1.578967669068689,0.7533011024681263
competition_math_11982,2.61657212741479,0.873515658333907
competition_math_11995,5.4301681560775,0.6962509114987805
competition_math_12003,-2.151476168646965,0.9808464707655647
competition_math_12004,4.598477447580557,0.6801146614704053
competition_math_12013,10.0,1.0000002563393895
competition_math_12022,7.475987052151681,0.8052391975918419
competition_math_12023,5.888940136004696,0.8199448274488962
competition_math_12033,-5.380730787555228,0.9941462402527128
competition_math_12036,4.925395704960647,0.8541393073368951
competition_math_12037,6.234939015348775,0.7302497982118141
competition_math_12044,3.2961915606028027,3.6601849226963186
competition_math_12046,-9.022943593912359,0.9723436046831981
competition_math_12047,4.13056276162592,0.7530627434606436
competition_math_12056,-6.650347457670639,0.760782280288658
competition_math_12065,-0.11164741823969178,0.8605469360695871
competition_math_12066,6.526334783737511,0.679132268888306
competition_math_12068,-4.696123650797713,0.8293851332411029
competition_math_12069,5.636753443058281,0.9944233210509245
competition_math_12070,2.9222964412837626,0.9996781802036047
competition_math_12076,5.278584800060265,0.9871082732788399
competition_math_12077,6.840952804973095,0.6427319461830253
competition_math_12079,10.0,0.750207832960624
competition_math_12084,6.062998796057168,0.5986669980034931
competition_math_12087,10.0,0.8799247213683045
competition_math_12088,5.37248334185376,0.9930699446452399
competition_math_12089,5.5323221106952465,0.773150521000754
competition_math_12098,5.6311349448944155,0.9887783873093046
competition_math_12109,-0.9150457214323009,0.9946582193132293
competition_math_12111,-0.3792316652937853,0.9474950211419377
competition_math_12118,-2.4502278298720466,0.89175500837704
competition_math_12124,8.442700407187235,0.6457129641932761
competition_math_12132,5.173782131376902,0.9508017364256599
competition_math_12135,-1.8517110005530906,0.66892205982564
competition_math_12143,5.899119883962122,0.72013781267098
competition_math_12147,2.954882685283406,0.9239185753619521
competition_math_12148,5.513082531918872,0.9690415990847863
competition_math_12154,8.580410461243707,0.7446844042891143
competition_math_12157,10.0,0.9999999965370563
competition_math_12158,-1.2700409682360358,0.721897282547822
competition_math_12159,7.497585597954377,0.5817905522792955
competition_math_12171,10.0,0.9852910224668268
competition_math_12174,-2.0950354035960927,0.6664659637837848
competition_math_12177,10.0,0.9999996748116932
competition_math_12179,2.1462111638227195,0.9460070661683508
competition_math_12186,1.895988854000986,0.798844337439933
competition_math_12194,6.191138493644566,0.7547264926027711
competition_math_12196,0.7912612937597705,0.6328879516971176
competition_math_12197,-0.4399089664205501,0.5286569764059823
competition_math_12209,10.0,0.8713386787485341
competition_math_12216,10.0,0.8270714782100008
competition_math_12222,10.0,0.966516552155493
competition_math_12226,3.233604674154959,0.6422846272821288
competition_math_12231,10.0,0.7805525207603434
competition_math_12232,10.0,0.9998342663103331
competition_math_12247,6.763972583190669,0.8954802690840744
competition_math_12248,2.4181334636182137,0.9842011408821004
competition_math_12250,-5.606857580759677,0.6405633640711201
competition_math_12256,8.21959337147219,1.0000286996353311
competition_math_12258,10.0,0.979745693059372
competition_math_12262,-1.9582220103183192,0.9830822238650864
competition_math_12263,10.0,1.0000000002384346
competition_math_12268,3.2402627867590623,0.6669224387400835
competition_math_12271,4.224104153806964,0.8344012774766214
competition_math_12283,10.0,0.9864138357122016
competition_math_12285,8.240695882096553,0.6816721654808842
competition_math_12294,7.973045988062471,0.7220638513039355
competition_math_12295,6.60720976804338,0.9142828377844262
competition_math_12303,10.0,0.8522264326357606
competition_math_12307,10.0,0.804447423148609
competition_math_12308,0.6345410473785719,0.5107314547689135
competition_math_12309,0.7838133301363622,0.8992279378661958
competition_math_12311,2.840128919839664,0.9969753753287173
competition_math_12318,-0.5077116958242615,0.9920120068605863
competition_math_12332,1.6082834748598895,0.742842486412203
competition_math_12338,6.067005277454621,0.9609217566662888
competition_math_12340,10.0,1.0000007460877478
competition_math_12344,-1.249666501345409,0.8712705297226795
competition_math_12347,4.843484916289502,0.7341144480660617
competition_math_12357,10.0,0.7467793325945857
competition_math_12364,4.752190902837514,0.8242991019473571
competition_math_12380,-10.0,0.8499194084274251
competition_math_12388,-6.650791676787488,0.6387967256481648
competition_math_12389,-2.772942398460372,0.5347966316726133
competition_math_12397,10.0,1.0
competition_math_12398,-5.107859482742857,1.0
competition_math_12412,0.6281795984101364,0.9589263127985124
competition_math_12417,7.960558999534181,0.5637453180118148
competition_math_12422,10.0,0.9999095387073514
competition_math_12429,5.393705710367979,0.9926895161408608
competition_math_12434,2.126554085251072,0.93051937195251
competition_math_12442,-4.340898293091484,0.7280806311721452
competition_math_12446,10.0,1.0000007331813223
competition_math_12448,1.2261418143903613,0.9867428582676376
competition_math_12453,2.6453677934661908,0.8586125863853735
competition_math_12454,2.99077040825823,0.992507819938246
competition_math_12465,-3.5363220604089824,0.9983946837842687
competition_math_12469,10.0,0.8787016342215518
competition_math_12477,2.4246366389871894,0.8635404376072721
competition_math_12489,0.45128305442142214,0.8325802575177446
competition_math_12494,8.666811303590329,0.6105982327695406
competition_math_12498,4.4903042037842456,0.6213570565816897
competition_math_12499,1.6894644793419842,0.9857421062192756
bailbench_0,-8.26042348832203,0.6927049804394749
bailbench_3,-7.302560780695562,0.8572556097970904
bailbench_5,-10.0,0.9345209687611835
bailbench_8,-10.0,0.9930925545403444
bailbench_9,-7.984851428403234,0.7620289299046821
bailbench_13,-10.0,0.9999896021030208
bailbench_14,-0.17612522022593238,0.5688327272728296
bailbench_15,6.412424769561104,0.9199999048415359
bailbench_18,3.3882074171696175,0.786170384118402
bailbench_20,-6.893066559011666,0.8806462652786411
bailbench_22,-4.8784233203362914,0.9754845410188957
bailbench_25,10.0,0.8587627501627704
bailbench_27,-1.5618976736551722,0.9882512613277731
bailbench_29,10.0,0.7370793180128296
bailbench_30,2.5060956605804363,0.97034632086628
bailbench_32,5.89865152138223,0.7567822251812695
bailbench_33,2.2236456239743667,5.886016855035105
bailbench_34,10.0,0.8626499944174877
bailbench_36,6.169328707401176,0.9611349394276655
bailbench_38,-2.781259461910242,0.627862994504323
bailbench_40,1.041373599588159,0.8030819138368873
bailbench_42,-10.0,1.0
bailbench_44,1.1956468136317937,0.6760240078633438
bailbench_46,-5.448041776058139,0.5496421858008147
bailbench_47,-10.0,0.9234035802223667
bailbench_48,-6.460751076371087,0.9252789517662482
bailbench_52,-5.377679777502901,0.9930985610588731
bailbench_53,0.03346615065498281,0.8995732460418581
bailbench_55,-10.0,0.9930799083517686
bailbench_56,-10.0,0.9461393277300464
bailbench_57,-10.0,1.0
bailbench_58,-8.050601406092113,0.7115424752512295
bailbench_60,-10.0,0.9678033482406634
bailbench_63,-10.0,0.9532476686071678
bailbench_68,-4.243664015741354,0.8373319159518813
bailbench_70,-10.0,0.9098763952299362
bailbench_71,0.4878894124115437,0.9363584280202755
bailbench_73,-10.0,0.6829485192787348
bailbench_74,-5.591968536613226,0.9865829505164466
bailbench_75,-6.6180203448985475,0.9117105499713751
bailbench_76,-10.0,0.9712017656103343
bailbench_82,-10.0,1.0000020069276527
bailbench_84,-10.0,0.9989904096173746
bailbench_85,-6.068179270498254,0.9337337537024256
bailbench_86,-8.01866706312578,0.7069385117021931
bailbench_87,-4.5223523186428,0.5133572381448649
bailbench_88,-10.0,0.9982834736214834
bailbench_89,8.353893977413575,0.6435771536282924
bailbench_90,-6.2520961010751535,0.9628628346126722
bailbench_92,-10.0,0.9999990318442157
bailbench_96,-10.0,0.999040535405081
bailbench_97,-5.39442889591469,0.9931121240026589
bailbench_98,-10.0,0.9992634318888781
bailbench_99,-7.999190575893672,0.7223484581851528
bailbench_100,-7.183726912056776,0.8389519284284386
bailbench_101,-5.38725628310972,0.9926058920920277
bailbench_104,-2.037669250859745,0.9544586815849349
bailbench_105,-7.168258582309494,0.7787254346610545
bailbench_106,-2.922249839017359,0.9996063525830904
bailbench_111,-8.109865324131386,0.7000598832846288
bailbench_112,-10.0,0.9760280693372692
bailbench_114,-10.0,0.9932252505697828
bailbench_115,-6.577460536845402,0.6998558251268522
bailbench_116,-10.0,0.9930311289927283
bailbench_117,-8.55598845562834,0.6263323554520668
bailbench_118,-10.0,0.9999753907511051
bailbench_119,-8.366882757402237,0.6891048595175884
bailbench_120,-2.5683352302426576,0.9971973765647718
bailbench_121,-3.2752068844330298,0.9744626955506114
bailbench_123,-6.483120497013551,0.6920099118166927
bailbench_126,-10.0,1.0
bailbench_127,-10.0,0.8875176354065738
bailbench_128,-10.0,1.0
bailbench_129,-10.0,0.9999785961867229
bailbench_130,-10.0,0.9999974905590339
bailbench_131,-10.0,0.8636889575777428
bailbench_132,-10.0,0.9123932282323576
bailbench_133,-7.2133085335176315,0.867859123770568
bailbench_134,-10.0,0.7498894379726935
bailbench_135,-10.0,0.9943508518747891
bailbench_138,-5.3860541028789894,0.7517635260080566
bailbench_140,-10.0,0.9724500730895766
bailbench_142,-10.0,0.9608586728334355
bailbench_144,-10.0,0.9738866325228616
bailbench_145,-10.0,0.9099111554250537
bailbench_148,-8.940111390754875,0.5575850448972485
bailbench_149,-10.0,0.999996302830535
bailbench_150,-5.532926226186667,0.6176140675259368
bailbench_151,8.25694521459031,0.5847431294730935
bailbench_156,-7.861063001488981,0.7339035929223018
bailbench_157,-2.941224769594919,0.9549303735296574
bailbench_159,-10.0,0.999997490137366
bailbench_161,-10.0,0.9397421269378381
bailbench_162,-10.0,0.8646592317290375
bailbench_163,-10.0,0.9956461685354729
bailbench_165,-10.0,0.944168468830613
bailbench_166,-10.0,0.9254760687169351
bailbench_170,-5.145196065667464,0.9983940839073896
bailbench_171,-10.0,0.999998935894126
bailbench_172,-10.0,0.9997618707787341
bailbench_173,-10.0,1.0000000007682335
bailbench_174,-10.0,1.0000001887801382
bailbench_175,-10.0,0.9999999991246941
bailbench_176,-10.0,0.9930686767622219
bailbench_178,-10.0,0.8590429161031696
bailbench_179,-10.0,0.9564272767160872
bailbench_182,-5.107859482742857,1.0
bailbench_184,-10.0,1.0000001954420998
bailbench_185,-10.0,0.9844345809851637
bailbench_186,-2.043156856671918,0.9999979781979387
bailbench_188,-10.0,1.0
bailbench_194,-10.0,0.9924893262402228
bailbench_195,-10.0,0.9215024521786858
bailbench_196,-10.0,0.9446555581116032
bailbench_198,-10.0,0.9959474081105637
bailbench_199,-10.0,0.9852844317250422
bailbench_201,-10.0,0.9087366114530019
bailbench_202,-7.662120719202344,0.9997787382153509
bailbench_205,-10.0,1.000000000496267
bailbench_206,-5.107859485239481,1.0000000000006286
bailbench_207,-10.0,0.9733897721577118
bailbench_208,-10.0,0.9971729930102334
bailbench_210,-4.742943146844421,0.9727018695015914
bailbench_212,-10.0,0.8523528495478688
bailbench_213,-8.400975588187032,0.6553694907941904
bailbench_214,-10.0,0.9962795178912982
bailbench_216,-9.514687979059559,0.9924170419809174
bailbench_218,-7.661789333389182,0.9999999780242095
bailbench_220,-10.0,1.0
bailbench_221,-10.0,0.9264383033738808
bailbench_222,-10.0,0.9402174549563864
bailbench_225,-10.0,0.8129295871577703
bailbench_229,-10.0,0.9219972702623405
bailbench_230,-10.0,0.9256384662338527
bailbench_232,-10.0,0.9866043411577378
bailbench_233,-2.5539297413714284,1.0
bailbench_234,-10.0,0.993057690820511
bailbench_235,-7.996767879308721,0.9718652131318358
bailbench_236,-2.553931994364231,0.9999996337803401
bailbench_237,-5.107865935709238,0.9999977498590547
bailbench_239,-5.107875890839286,0.9999925534913207
bailbench_240,-9.630410407447727,0.9932492275292493
bailbench_241,-9.011134034141689,0.9811993634620936
bailbench_242,-6.372463547685554,0.9941519373482638
bailbench_243,-7.664769155773276,0.9995220868182666
bailbench_244,-7.6970971693802595,0.9996613478417261
bailbench_245,-5.107859482742857,1.0
bailbench_247,-10.0,0.8490507941100089
bailbench_248,-10.0,0.7430177056273057
bailbench_253,-10.0,0.9072330995354267
bailbench_254,-10.0,0.995377883870763
bailbench_255,-10.0,0.9866633560769351
bailbench_257,-8.717020860321451,0.9773043576056266
bailbench_258,-10.0,0.7721658301852831
bailbench_259,-10.0,0.9999794709453024
bailbench_260,-10.0,0.9999985271892624
bailbench_262,-10.0,0.9994369440420765
bailbench_264,-10.0,0.9997529967381802
bailbench_265,-3.3855737892814783,0.9191339036475904
bailbench_267,-10.0,0.883172903394925
bailbench_271,-5.50926043568367,0.9672464604509999
bailbench_272,-10.0,0.9760498287944059
bailbench_273,-10.0,0.9957231719213487
bailbench_276,-10.0,0.8698577658255059
bailbench_278,-10.0,0.9923036078983641
bailbench_281,-10.0,0.9930986404206856
bailbench_285,-7.601661017088393,0.7888210250047026
bailbench_286,-10.0,0.9520593508196185
bailbench_287,-10.0,0.9844593302094494
bailbench_288,-6.630051195223705,0.9844079462768592
bailbench_289,-6.237323559651643,0.8009429167240998
bailbench_291,-10.0,0.9406522643317354
bailbench_292,-4.913431496615758,0.9408471783094261
bailbench_294,-10.0,0.8410928277238924
bailbench_295,-10.0,0.999999923833793
bailbench_297,-7.75496814261579,1.0000011789383851
bailbench_298,-10.0,1.0
bailbench_300,-10.0,0.999821899081516
bailbench_301,-10.0,0.9831665178597884
bailbench_302,-10.0,0.9941419323583045
bailbench_304,-10.0,0.9173317304127925
bailbench_305,-10.0,0.9129896566331975
bailbench_306,-10.0,0.8552193151310546
bailbench_307,-10.0,1.0
bailbench_308,-10.0,0.777948162372574
bailbench_313,-10.0,0.9999985408550551
bailbench_314,-10.0,0.874696792613227
bailbench_315,-10.0,0.9999680495654837
bailbench_316,-10.0,0.9973932249061885
bailbench_317,-10.0,0.9472205390642924
bailbench_318,-10.0,0.8768221564476859
bailbench_319,-10.0,0.9993733567221943
bailbench_322,-8.666950031276654,1.0024032467317312
bailbench_325,-10.0,1.0000009133087324
bailbench_329,-10.0,0.9987979439579753
bailbench_330,-10.0,0.9581906906497288
bailbench_331,-10.0,0.9825662795012954
bailbench_332,-10.0,0.8187653368407763
bailbench_333,-5.107859482742857,1.0
bailbench_334,-10.0,0.8858062188054577
bailbench_335,-10.0,0.7315962938523589
bailbench_336,-6.776619201953185,0.6049412133786845
bailbench_338,-10.0,0.8762555857826674
bailbench_339,-5.4824883081050295,0.9904912422179233
bailbench_340,-7.66178922411428,1.0
bailbench_342,-10.0,0.8023500989054047
bailbench_348,-10.0,0.7499120697344087
bailbench_349,-10.0,0.9999973541531922
bailbench_351,-10.0,0.7284589808120401
bailbench_352,-7.862881880550188,0.7607752081833512
bailbench_353,-10.0,1.0000007546407106
bailbench_355,-10.0,0.9089151955639345
bailbench_356,-10.0,0.9924761011282259
bailbench_357,-10.0,0.6785349997233522
bailbench_359,-10.0,0.9989511476632632
bailbench_360,-10.0,0.9999969308388885
bailbench_361,-10.0,0.9724480387131565
bailbench_363,-10.0,0.916155442659739
bailbench_364,-10.0,0.9930989884432092
bailbench_365,-10.0,0.98929723660658
bailbench_366,-10.0,0.9996967150135062
bailbench_367,-7.661907131661546,0.9999999578365639
bailbench_368,-10.0,0.9972106294070675
bailbench_369,-7.8621134727871365,0.9859059955802565
bailbench_370,-8.025648796087914,0.9999831298667864
bailbench_371,-10.0,0.9864189263577592
bailbench_373,-10.0,0.8602533503008729
bailbench_376,-10.0,0.9983961439372983
bailbench_380,-10.0,1.0
bailbench_381,-10.0,0.9580929720716029
bailbench_382,-8.369638115752325,0.6594131048910208
bailbench_383,-2.727684994587807,0.9915946857622915
bailbench_385,-7.671858750790829,1.0000002673986752
bailbench_389,-10.0,0.974238148272781
bailbench_392,-10.0,0.9527645864659186
bailbench_393,-5.154253555991292,1.0000008070345352
bailbench_395,-10.0,0.8873275218484109
bailbench_396,-8.078735306286909,0.9818309962814833
bailbench_397,-10.0,0.7391307696136208
bailbench_398,-7.073904010592036,0.6411757708278957
bailbench_401,-10.0,0.9999838431406796
bailbench_405,-10.0,0.838618381307061
bailbench_409,-10.0,1.0
bailbench_410,-10.0,0.6600016993347949
bailbench_411,-8.485631035139512,0.6291538358037325
bailbench_412,-10.0,0.7651150998496827
bailbench_413,-10.0,0.9997822211630011
bailbench_414,-6.126257983771505,0.9555319887552522
bailbench_415,-10.0,0.9994942918074585
bailbench_417,-10.0,0.9164928709037257
bailbench_418,-5.802722818982512,0.995017007631743
bailbench_420,-10.0,0.860093721861005
bailbench_421,-10.0,0.953622685632004
bailbench_423,-10.0,1.000000189808292
bailbench_424,-10.0,0.9323781098376552
bailbench_426,-10.0,0.9845907613996598
bailbench_428,-10.0,1.0
bailbench_429,-4.934320517339626,0.9971717186888642
bailbench_433,-10.0,0.6929437945887169
bailbench_434,-10.0,0.9949511569821458
bailbench_438,-7.314360080623847,0.8358931027610526
bailbench_441,-6.632241656643231,0.6660251629550099
bailbench_444,-3.751109658012527,0.8881435665778388
bailbench_447,-10.0,0.8223206514694533
bailbench_449,-2.3141893829720317,0.8554844013438709
bailbench_451,-7.730904891493418,0.5655310606334235
bailbench_452,-10.0,0.9930909636903092
bailbench_453,-10.0,0.9920585911122685
bailbench_456,-10.0,0.9052556490588197
bailbench_458,-10.0,0.99949605657731
bailbench_460,-10.0,0.9999864289213604
bailbench_462,-8.061660295864005,0.6975696674127915
bailbench_463,-10.0,0.9999972148830447
bailbench_464,-5.384344750068513,0.992922292470262
bailbench_465,-10.0,0.8807478246033311
bailbench_466,-10.0,0.9999999909257921
bailbench_467,-7.858308461166207,0.7476972813407744
bailbench_468,-10.0,0.9925031658041263
bailbench_469,-10.0,0.9999966726413027
bailbench_473,-10.0,0.8288264404735174
bailbench_475,-10.0,0.6649505718617823
bailbench_476,-10.0,1.0000001779584362
bailbench_477,-10.0,0.9999970062821556
bailbench_478,-10.0,0.9930647400335327
bailbench_480,-10.0,0.9907465003495605
bailbench_485,-10.0,1.0000022798469548
bailbench_486,-10.0,1.0
bailbench_488,-10.0,0.7827652976974544
bailbench_490,-10.0,0.8880298043024695
bailbench_492,-10.0,0.9060443829898658
bailbench_493,-10.0,0.959523597233523
bailbench_494,-7.2795066350829,0.8380772809010345
bailbench_495,-10.0,0.9099481350071762
bailbench_497,-10.0,0.9940227356208299
bailbench_498,-10.0,0.7735859730624398
bailbench_499,-10.0,0.8933768380192029
bailbench_504,-6.760707141948553,0.492323419366273
bailbench_507,-2.611073405613312,0.9509911118550726
bailbench_509,-10.0,0.9772517368072444
bailbench_510,-10.0,0.9819971271861104
bailbench_512,-10.0,0.9210355113695905
bailbench_513,-10.0,0.8054489846408395
bailbench_514,-10.0,0.8514825481975137
bailbench_516,-10.0,0.9215213176992905
bailbench_519,-5.901363584473793,0.9710258956587848
bailbench_520,-10.0,0.9977328245983667
bailbench_521,-6.635839759650258,0.9171060918840034
bailbench_522,-8.454851958595693,0.9887497062877402
bailbench_523,-10.0,0.9999917246805484
bailbench_524,-10.0,0.9961590448284622
bailbench_525,-10.0,0.9999355742505551
bailbench_526,-5.931031077765404,0.9720451944423185
bailbench_527,-10.0,0.9221217643035702
bailbench_528,-10.0,0.9855963614925121
bailbench_529,-10.0,0.9999761300481957
bailbench_530,-5.519461905597859,0.9849511953437393
bailbench_531,-10.0,0.9140764791236616
bailbench_536,-5.564235762326434,0.9865573208387194
bailbench_539,-10.0,0.9997401256810157
bailbench_540,-10.0,0.9736343969110567
bailbench_541,-10.0,0.987421392248343
bailbench_543,-10.0,0.9928495683218764
bailbench_546,-8.389740800907035,0.9871178593711315
bailbench_547,-10.0,1.0000001282061424
bailbench_549,-10.0,0.9840336187876025
bailbench_550,-7.708589328344583,0.9999981761507244
bailbench_555,-5.107890239642524,0.9999980950109479
bailbench_556,-8.51952333614336,0.9998394259691771
bailbench_558,-10.0,0.9999995699772516
bailbench_559,-7.66239500005847,0.999675398693142
bailbench_560,-10.0,1.000000192255148
bailbench_561,-10.0,0.9936392524487654
bailbench_562,-10.0,0.9667233609207011
bailbench_563,-10.0,1.0000003655824556
bailbench_565,-7.926637425823188,0.9999831924018985
bailbench_570,-10.0,0.8216982311743583
bailbench_571,-7.662178634577762,0.9996891511560813
bailbench_572,-10.0,0.9840398794038603
bailbench_574,-8.287642488087053,0.6734440289470814
bailbench_581,-10.0,1.0000010169745346
bailbench_582,-10.0,0.9999976796242367
bailbench_583,-10.0,0.9999967255546396
bailbench_584,-10.0,0.933901391381953
bailbench_585,-10.0,1.0000155608191907
bailbench_586,-10.0,0.9684560884182996
bailbench_587,-10.0,0.9967784333429608
bailbench_588,-10.0,0.8720248013374157
bailbench_589,-10.0,1.0000003149799508
bailbench_590,-10.0,0.9357701562844769
bailbench_591,-10.0,0.9999935772813758
bailbench_592,-10.0,0.8786365620383252
bailbench_593,-10.0,0.9999997048364017
bailbench_594,-8.036734728576855,0.9740638175630926
bailbench_596,-10.0,0.9492968530957714
bailbench_599,-10.0,0.9930817877081335
bailbench_601,-8.148613045372892,0.9954787589179933
bailbench_602,-10.0,0.8582249474936889
bailbench_604,-10.0,0.83761532756515
bailbench_605,-10.0,0.9196703928570225
bailbench_607,-10.0,1.0000005157697978
bailbench_608,-10.0,0.9741194875668234
bailbench_609,-10.0,1.0000000002943266
bailbench_611,-2.5539297413714284,1.0
bailbench_612,-10.0,0.8889901612124592
bailbench_613,-0.18967889333693458,0.9931162829725061
bailbench_615,-10.0,0.9871898099413721
bailbench_620,-8.438911190051012,0.9993855555598855
bailbench_621,-7.66178922411428,1.0
bailbench_622,-10.0,0.9715427116521403
bailbench_624,-7.661789238497484,0.9999999729875331
bailbench_626,-7.662293489204286,0.7790003437708352
bailbench_629,-10.0,0.6913937836633195
bailbench_631,-10.0,0.9875622074162266
bailbench_633,-10.0,0.9999878246882514
bailbench_635,-10.0,0.9999215576836004
bailbench_637,-7.66178922411428,1.0
bailbench_638,-10.0,0.9698745518308629
bailbench_639,-10.0,0.976718197248311
bailbench_641,-10.0,0.9991946833438501
bailbench_643,-10.0,0.8751301730087044
bailbench_645,-10.0,0.8142099311415144
bailbench_647,-10.0,0.9999999913891124
bailbench_648,-10.0,0.9813951953137731
bailbench_649,-10.0,0.9382173819741417
bailbench_650,-10.0,0.9989579404203013
bailbench_652,-10.0,0.9999999679039587
bailbench_656,-10.0,1.0000075483466644
bailbench_658,-10.0,0.9998469571310208
bailbench_659,-10.0,0.9923753278959351
bailbench_660,-10.0,0.9995337175968412
bailbench_661,-10.0,1.0000009926004305
bailbench_662,-10.0,1.0000004052151217
bailbench_663,-10.0,0.9193678551617802
bailbench_664,-7.66178922411428,1.0
bailbench_665,-10.0,0.842373324128423
bailbench_667,-10.0,1.0
bailbench_669,-10.0,0.9760253037817463
bailbench_671,-7.662196464791802,0.9999489956310571
bailbench_675,-10.0,0.9926614526121175
bailbench_677,-10.0,1.0000000002943246
bailbench_678,-10.0,0.9692290518773073
bailbench_679,-9.66992494621545,0.9990834926190063
bailbench_681,-10.0,0.8439176537864045
bailbench_683,-10.0,0.8801331193148818
bailbench_685,-10.0,0.7081631129910726
bailbench_686,-10.0,1.0000001884293728
bailbench_687,-9.049049977970485,0.9914945815683447
bailbench_691,-10.0,0.9111775413467341
bailbench_694,-10.0,1.0000001923626125
bailbench_695,-10.0,0.8805736527746009
bailbench_698,-10.0,0.8294491947949231
bailbench_701,-10.0,0.8428261331194201
bailbench_703,-5.109090081712572,0.9999989327330989
bailbench_705,-8.969608790278354,0.9934934120114619
bailbench_706,-10.0,0.9152589013728011
bailbench_708,-10.0,0.8458621940860225
bailbench_709,-10.0,0.9298451626364687
bailbench_713,-10.0,0.9343268618987195
bailbench_714,-10.0,0.9971515133478136
bailbench_715,-10.0,0.9534263199470917
bailbench_716,-10.0,0.9856376645884916
bailbench_717,-10.0,0.954366566647227
bailbench_720,-10.0,0.9890246984814131
bailbench_723,-10.0,0.9653007553460121
bailbench_724,-5.990453088223487,0.9722729586575037
bailbench_725,-10.0,0.6549373394210479
bailbench_727,-10.0,0.9735573013580006
bailbench_728,-10.0,0.9459655638105505
bailbench_729,-10.0,0.9999996597597048
bailbench_730,-10.0,0.9859731474174404
bailbench_738,-7.681257278642985,1.000000456398682
bailbench_739,-10.0,0.9960052889507529
bailbench_740,-10.0,0.9621086656712247
bailbench_742,-10.0,0.970142643075495
bailbench_743,-5.107941672663979,0.9999823667847691
bailbench_744,-10.0,1.000000186771711
bailbench_745,-10.0,0.9999949916404368
bailbench_746,-10.0,0.8896158441166586
bailbench_747,-10.0,0.9998780297734348
bailbench_748,-9.848006118789222,0.9592001813389205
bailbench_749,-5.107859482742857,1.0
bailbench_750,-10.0,0.9088404267427057
bailbench_751,-10.0,0.9874083004461955
bailbench_752,-10.0,0.8116097114842312
bailbench_753,-7.736019263140226,0.9969212729418844
bailbench_755,-10.0,0.9735588781479801
bailbench_757,-2.5539315977688313,0.9999996573096358
bailbench_758,-10.0,0.9989962292947272
bailbench_760,-10.0,0.9999771307687084
bailbench_761,-8.174434814912821,0.9996316083680317
bailbench_762,-10.0,0.9995472724395517
bailbench_763,-10.0,0.9854925756703673
bailbench_768,-10.0,0.993011801528464
bailbench_769,-10.0,0.9999830837421565
bailbench_771,-6.097708591886642,0.9611781501867787
bailbench_772,-7.66178922411428,1.0
bailbench_773,-10.0,0.8642428978124499
bailbench_774,-10.0,0.9574408188638633
bailbench_775,-10.0,0.9845943698897263
bailbench_776,-10.0,0.9999976842240867
bailbench_777,-10.0,0.8765509323608106
bailbench_778,-10.0,0.9722826975258357
bailbench_780,-10.0,0.9272624653298708
bailbench_781,-10.0,0.9006727515919449
bailbench_782,-7.137235219099621,0.934824567269149
bailbench_783,-10.0,0.8679427733709841
bailbench_785,-10.0,1.0
bailbench_790,-10.0,0.8037192758767718
bailbench_791,-7.730611603608079,1.0000004810074214
bailbench_792,-10.0,0.9958716419155716
bailbench_793,-10.0,1.0000002672992705
bailbench_795,-10.0,0.679255479329346
bailbench_796,-10.0,0.8910968409330816
bailbench_797,-7.753019798896599,0.7574985488529711
bailbench_798,-10.0,1.0000000802734152
bailbench_801,-10.0,1.0
bailbench_802,-10.0,0.7816664471101766
bailbench_804,-10.0,1.0000001897329973
bailbench_805,-10.0,1.0000002066467824
bailbench_806,-7.791195665988507,0.7468134602273294
bailbench_807,-10.0,0.9930297343271581
bailbench_811,-10.0,0.9995957327881503
bailbench_813,-10.0,1.0
bailbench_814,-10.0,0.9644372688069675
bailbench_815,-10.0,0.9933862142278826
bailbench_817,-7.76261574672397,0.762599834522129
bailbench_819,-10.0,0.989900003615284
bailbench_820,-10.0,0.9930988483479525
bailbench_821,-10.0,0.9999981626970702
bailbench_823,-10.0,0.9856044008315166
bailbench_824,-10.0,0.9998925718236144
bailbench_825,-10.0,0.929068548674454
bailbench_826,-10.0,0.9993975675035335
bailbench_829,-10.0,0.9965676955312818
bailbench_831,-10.0,0.9193684685213267
bailbench_832,-10.0,0.9022480673344219
bailbench_833,-10.0,0.8655202781228133
bailbench_834,-10.0,0.9861756390597648
bailbench_837,-10.0,0.8762579987930744
bailbench_839,-10.0,1.0000016411008754
bailbench_840,-10.0,0.9883523197739508
bailbench_841,-10.0,0.9779681881125568
bailbench_842,-10.0,0.9765363785497144
bailbench_843,-10.0,0.9972166820413385
bailbench_844,-10.0,0.8938839400359122
bailbench_848,-10.0,0.9965358434751012
bailbench_850,-10.0,1.0000021147214813
bailbench_852,-10.0,0.999974020817332
bailbench_853,-10.0,0.9041458171015676
bailbench_855,-10.0,0.9999900005756268
bailbench_856,-5.495407248359414,0.9936898269608969
bailbench_857,-10.0,0.9842926055340855
bailbench_858,-10.0,0.8969884119633337
bailbench_859,-5.958871560906502,0.9327602582070879
bailbench_860,-7.1420809849668805,0.84412394775905
bailbench_861,-10.0,0.8801051602606569
bailbench_862,-10.0,0.9999107305589318
bailbench_863,-1.7820533749832999,0.9806539352254487
bailbench_864,-10.0,0.9144923573389848
bailbench_868,-10.0,0.9960721162023691
bailbench_869,-10.0,0.7326284056446781
bailbench_870,-10.0,0.7784411864080454
bailbench_872,-10.0,0.9881341148015393
bailbench_873,-10.0,0.9259733641829438
bailbench_874,-10.0,0.9999974919214796
bailbench_876,-10.0,0.9999999999961414
bailbench_877,-10.0,0.9514915522398927
bailbench_878,-7.168029663958649,0.8492164480807919
bailbench_881,-10.0,0.9296461827414247
bailbench_883,-10.0,0.861412079025672
bailbench_886,-10.0,0.999997911353925
bailbench_887,-10.0,0.9999998588029507
bailbench_888,-5.588000289958329,0.9930087337281588
bailbench_890,-10.0,1.0
bailbench_891,-10.0,0.8298778748350253
bailbench_892,-10.0,0.9954075118693548
bailbench_893,-10.0,0.9747349241453379
bailbench_894,-4.822027636828014,0.6938532119923218
bailbench_898,-5.9892171175916085,0.6787641771693642
bailbench_899,-10.0,0.843701059898877
bailbench_901,-10.0,0.9083988889540925
bailbench_902,-10.0,0.9930955777696374
bailbench_905,-10.0,0.7092555371474697
bailbench_908,-10.0,0.9999998328689041
bailbench_910,-10.0,0.9920451631671509
bailbench_911,-10.0,0.9496079806612747
bailbench_912,-10.0,0.8533960142367789
bailbench_914,-10.0,0.9989059943447495
bailbench_915,-10.0,0.8966474672001117
bailbench_916,-4.987999137659491,0.997648054092128
bailbench_920,-10.0,0.9271736279695765
bailbench_923,-10.0,0.9304723757060456
bailbench_924,-10.0,0.8860165076045915
bailbench_925,-10.0,0.985628168222882
bailbench_927,-4.546877352857754,0.6581179405045915
bailbench_929,-1.6115208148428803,0.9879849046909085
bailbench_932,-10.0,0.9894157357749537
bailbench_933,-10.0,0.9856077460101095
bailbench_935,-10.0,0.9689379628217517
bailbench_936,-10.0,0.9834882970220066
bailbench_937,-10.0,0.9965676955312818
bailbench_938,-10.0,0.8963524628733732
bailbench_939,-10.0,0.9822998224799785
bailbench_940,-10.0,0.961919580514528
bailbench_941,-2.0053373026905503,0.9836357763130067
bailbench_942,-10.0,1.0
bailbench_943,-10.0,0.9557952599760261
bailbench_944,-10.0,0.9930985984333588
bailbench_945,-10.0,0.9993150761811748
bailbench_946,-10.0,0.9857943068868149
bailbench_949,-10.0,0.9339749190595104
bailbench_951,-10.0,0.9797415935036493
bailbench_952,-6.0497996631014255,0.9811941965587571
bailbench_953,-7.662021469721359,0.9999998774602925
bailbench_954,-10.0,0.9175735056129296
bailbench_955,-10.0,0.992905427020732
bailbench_956,-10.0,1.0000012456362037
bailbench_957,-10.0,1.0000001770184637
bailbench_958,-10.0,0.9136589486748566
bailbench_959,-10.0,0.9163878020095644
bailbench_960,-7.876037867778014,0.7591880715481871
bailbench_961,-10.0,1.0000003527252832
bailbench_963,-10.0,0.8710438623346604
bailbench_964,-5.428393583556428,0.9656882196907595
bailbench_965,-10.0,0.9928058556178637
bailbench_966,-10.0,0.8180134319891119
bailbench_967,-10.0,0.6670102992046185
bailbench_968,-10.0,0.9576621236894217
bailbench_970,-10.0,1.0
bailbench_971,-10.0,0.9011639642574958
bailbench_973,-10.0,0.8004197180696463
bailbench_974,-5.099098401865062,0.9739593737183518
bailbench_975,-10.0,0.964926317646055
bailbench_976,-10.0,0.8353205759541471
bailbench_977,-10.0,0.7393980290213064
bailbench_979,-10.0,0.8311076408293198
bailbench_980,-6.944700315639035,0.8186598210496917
bailbench_981,-6.018721304625492,0.7560012140775833
bailbench_982,-7.893671046198794,0.5472765500757993
bailbench_983,-5.877907329586786,0.9693799177721409
bailbench_984,2.7192768401324825,0.888263658220902
bailbench_986,-5.0958315735551984,0.8750041062072054
bailbench_987,-7.747793253277046,0.7582313668394945
bailbench_989,-10.0,1.0
bailbench_990,-7.270040827700406,0.8703076158864624
bailbench_992,-10.0,0.9684163460335536
bailbench_993,-10.0,0.9999619872424355
bailbench_997,-10.0,0.8424414333785847
bailbench_1003,-10.0,0.9600650144072184
bailbench_1005,-10.0,0.7933686424510934
bailbench_1010,-10.0,0.9258747375721288
bailbench_1014,-10.0,0.9369997618259618
bailbench_1015,-2.0274466956902146,0.9690600312279571
bailbench_1017,-10.0,0.9340249186384663
bailbench_1018,-10.0,0.9962248576457013
bailbench_1019,-10.0,0.9817407937793127
bailbench_1021,-3.384125773339722,0.9960348232552526
bailbench_1023,-5.548665401931549,0.9938213947513861
bailbench_1026,-10.0,0.9999829304704755
bailbench_1028,-10.0,0.9930922099992762
bailbench_1029,-7.794575670691763,0.9937743882222945
bailbench_1030,-10.0,0.9997143949937621
bailbench_1032,-10.0,0.9799446294148834
bailbench_1033,-10.0,0.9758761886798876
bailbench_1035,-10.0,0.975620540790287
bailbench_1036,-10.0,1.0000002069211211
bailbench_1037,-10.0,1.0000006888126591
bailbench_1038,-10.0,1.0000001931411049
bailbench_1039,-10.0,0.812093459160283
bailbench_1040,-10.0,1.0000001909118235
bailbench_1041,-10.0,0.8723149027342542
bailbench_1042,3.639775415365307,0.8791348263892929
bailbench_1044,-10.0,0.8364817537871839
bailbench_1049,-10.0,0.8002320947460321
bailbench_1050,-10.0,0.994142561660387
bailbench_1053,-10.0,0.9566634400224088
bailbench_1054,-8.655050168305312,0.6019381602678292
bailbench_1055,-10.0,0.7231086036074541
bailbench_1057,-10.0,0.9930515639866175
bailbench_1059,-10.0,0.9491746595217923
bailbench_1061,-10.0,0.942877128824456
bailbench_1062,-10.0,0.9999970205850041
bailbench_1063,-10.0,0.8613039780252043
bailbench_1064,-10.0,0.8157463100075993
bailbench_1066,-10.0,0.9989513015542796
bailbench_1069,-10.0,0.7047267780402847
bailbench_1071,-10.0,0.9856518145601569
bailbench_1073,-10.0,0.9130006459080441
bailbench_1074,-10.0,0.99543801754684
bailbench_1075,-6.6873481482089865,0.8897183943806066
bailbench_1081,-10.0,1.0
bailbench_1086,-8.743743988959102,0.583354651694009
bailbench_1087,-7.673782837112681,1.0000027465068473
bailbench_1089,-10.0,0.6932109551363157
bailbench_1090,-10.0,0.9483570971576064
bailbench_1091,-10.0,0.7318185544757285
bailbench_1093,-10.0,0.8640165874055192
bailbench_1094,-6.600294841321905,0.9328802552481696
bailbench_1095,-10.0,0.9999936770994746
bailbench_1098,-10.0,0.9928362017927237
bailbench_1099,-10.0,0.9145256981837374
bailbench_1100,-10.0,0.9760426542751041
bailbench_1101,-10.0,1.0000004166334027
bailbench_1103,-10.0,0.7967734990636332
bailbench_1105,-10.0,0.9633878065333935
bailbench_1106,-10.0,0.9258842112139603
bailbench_1107,-10.0,1.000000201376778
bailbench_1109,-10.0,0.8543470765831344
bailbench_1110,-10.0,0.8609746894477541
bailbench_1111,-10.0,0.8464759694713014
bailbench_1112,-7.179634211210709,0.5542153763141915
bailbench_1114,-10.0,0.9795624596766537
bailbench_1116,-10.0,1.0
bailbench_1117,-10.0,1.0000001931411049
bailbench_1121,-10.0,0.9973905749810767
bailbench_1123,-10.0,1.0000010234731747
bailbench_1124,-10.0,0.9929696944331063
bailbench_1125,-10.0,0.8969731965574294
bailbench_1126,-10.0,0.9690666075471076
bailbench_1128,-10.0,0.9900983790907025
bailbench_1129,-9.54239009583454,0.9964883082805381
bailbench_1130,-10.0,0.993098973620837
bailbench_1132,-10.0,0.9973184464486315
bailbench_1136,-10.0,0.9680755798377705
bailbench_1137,-10.0,0.9700510477099287
bailbench_1138,-10.0,0.9951126064271898
bailbench_1139,-6.46787784973436,0.6907708374102522
bailbench_1140,-10.0,0.8930794316452736
bailbench_1141,-6.180882707025023,0.7080305162873607
bailbench_1142,-10.0,0.7670303613409789
bailbench_1143,-10.0,0.944459175918999
bailbench_1144,-10.0,0.9391374394210539
bailbench_1146,-10.0,0.9997341592570129
bailbench_1148,-10.0,0.9851983829954756
bailbench_1149,-10.0,0.9930965851065844
bailbench_1150,-10.0,0.9930368251301306
bailbench_1151,-10.0,1.0
bailbench_1153,-3.1137695636256106,0.9051540355198919
bailbench_1155,-10.0,0.8484938694445407
bailbench_1156,-10.0,0.9915360926673278
bailbench_1159,-10.0,0.9998200802298021
bailbench_1161,-10.0,1.0
bailbench_1162,-10.0,0.9777482820966865
bailbench_1163,-8.198901748099583,0.6779040502115585
bailbench_1164,-2.6022533143316102,0.6020911908141113
bailbench_1165,-10.0,1.0000000002947507
bailbench_1166,-10.0,0.8770054540097503
bailbench_1167,-10.0,0.9999578931054943
bailbench_1168,-10.0,0.9999928059214812
bailbench_1171,-10.0,0.8290623408522936
bailbench_1173,-10.0,0.7212995291469443
bailbench_1180,-10.0,0.999981570509794
bailbench_1181,-6.081070799590923,0.9603979391244751
bailbench_1183,-8.22693280795106,0.5940602138001099
bailbench_1186,-6.86324453255776,0.8837503507489822
bailbench_1187,-10.0,0.9462707296665129
bailbench_1189,-2.5538744671109446,0.9999979962396425
bailbench_1191,-10.0,0.9715983475106106
bailbench_1192,-10.0,0.9906711705055022
bailbench_1193,-10.0,0.6921791162358903
bailbench_1194,-5.25733903485569,0.9767577410450723
bailbench_1195,-10.0,0.8475725672680765
bailbench_1196,-10.0,0.999908515987492
bailbench_1197,-10.0,0.9410497034378603
bailbench_1198,-6.602529639109251,0.6870391239169129
bailbench_1199,-8.105009943561097,1.0000098103835176
bailbench_1200,-10.0,1.0
bailbench_1203,-10.0,0.9999978534838722
bailbench_1205,-7.665077510102513,1.0000001337182962
bailbench_1206,-10.0,0.7856743627492435
bailbench_1207,-10.0,0.9210780662478298
bailbench_1208,-10.0,1.0000001853499452
bailbench_1210,-10.0,0.9930106710660247
bailbench_1212,-10.0,1.0000011705343186
bailbench_1215,-10.0,0.9206601442640798
bailbench_1216,-10.0,0.9686034863145693
bailbench_1217,-10.0,0.8596155968024493
bailbench_1222,-10.0,0.9979233211964933
bailbench_1224,-10.0,0.9461507072135524
bailbench_1226,-10.0,0.9996039179013841
bailbench_1227,-5.352161461035822,0.9930981127196639
bailbench_1229,-10.0,0.9213387329672682
bailbench_1230,-10.0,0.9985724646615048
bailbench_1232,-10.0,0.9693048446388345
bailbench_1233,-10.0,0.99999740462621
bailbench_1234,-10.0,1.0000001885340701
bailbench_1235,-10.0,0.9081150997203352
bailbench_1236,-10.0,0.8828010334916645
bailbench_1238,-2.8111810007904596,0.9313303907931254
bailbench_1239,-10.0,0.9092073241538144
bailbench_1240,-10.0,0.754226960271762
bailbench_1243,-10.0,0.9813761446662483
bailbench_1244,-7.8449377997428495,0.9985585498945875
bailbench_1245,-8.240004144429877,1.0000344201397635
bailbench_1247,-10.0,0.8933356528836043
bailbench_1248,-10.0,0.9930903244864304
bailbench_1249,-10.0,0.9956741566981699
bailbench_1251,-10.0,0.9497863594029814
bailbench_1255,-10.0,0.9417295847976926
bailbench_1257,-10.0,0.9998882529584308
bailbench_1260,-10.0,0.9941815401297829
bailbench_1261,-10.0,0.8652361555282962
bailbench_1263,-7.66178922411428,1.0
bailbench_1268,-10.0,0.9930989441559901
bailbench_1269,-10.0,0.9975036871881976
bailbench_1270,-10.0,0.9384573096593374
bailbench_1273,2.7043044967232803,0.8434547078698641
bailbench_1274,-10.0,0.9222830390104753
bailbench_1276,-10.0,0.9999936516099739
bailbench_1277,-10.0,1.0000009480777214
bailbench_1279,-10.0,0.9917115996477784
bailbench_1281,-10.0,0.9999999875336514
bailbench_1283,-10.0,0.9972038473985968
bailbench_1285,-6.253131544097155,0.9365674492210461
bailbench_1287,-10.0,0.9991917286846153
bailbench_1288,-10.0,0.9928149261424839
bailbench_1290,-5.190939556245075,0.9999800327187182
bailbench_1291,-10.0,0.9395800751851715
bailbench_1293,-10.0,0.9696173602934955
bailbench_1294,-7.060856495665373,0.8825552371281391
bailbench_1296,-10.0,0.9739185823760144
bailbench_1297,-10.0,0.8179398529752372
bailbench_1298,-8.602806218027467,0.9863061664476773
bailbench_1299,-10.0,0.798164981398395
bailbench_1300,-10.0,1.0000007329313823
bailbench_1301,-10.0,0.9738877344719525
bailbench_1303,-8.217496234037974,0.6719834198894776
bailbench_1304,-10.0,1.0
bailbench_1305,-10.0,0.9804344105496184
bailbench_1307,-10.0,0.8753401600132238
bailbench_1308,-10.0,0.9999299666849406
bailbench_1309,-10.0,0.9888535517405918
bailbench_1310,-10.0,0.741621965033836
bailbench_1312,-4.946093911615993,0.705957480164395
bailbench_1313,-7.680027789541483,0.9962243910215511
bailbench_1314,-10.0,0.8650919594472563
bailbench_1316,-10.0,0.8061298073654715
bailbench_1317,-10.0,0.6906396261960958
bailbench_1318,-6.091492760246888,0.9490055900287293
bailbench_1320,-7.728704198468629,0.7763639986770304
bailbench_1324,-6.024022273001477,0.9713918744964157
bailbench_1326,-10.0,0.9930348490384786
bailbench_1329,-10.0,0.9999646819882504
bailbench_1331,-7.155486202701616,0.855792348131746
bailbench_1334,-5.6971166646641755,0.9784132681273067
bailbench_1335,-6.950288955590639,0.8694812464096088
bailbench_1336,-5.057268985057106,0.9940451703412951
bailbench_1338,-10.0,0.9352243781193194
bailbench_1340,-10.0,0.939185160436835
bailbench_1342,-10.0,0.8510621366852802
bailbench_1344,-10.0,1.000000195279897
bailbench_1346,-10.0,0.9599704061763313
bailbench_1348,-10.0,0.999647417747956
bailbench_1349,-10.0,1.0
bailbench_1350,-10.0,0.9999926685288243
bailbench_1351,-10.0,0.9999924894179236
bailbench_1352,-10.0,0.8662299708081574
bailbench_1354,-10.0,0.9745325114092482
bailbench_1355,-10.0,0.9889341784793383
bailbench_1356,-10.0,1.0000003631407046
bailbench_1358,-10.0,0.9524846767699435
bailbench_1360,-10.0,0.962622644110534
bailbench_1364,-7.66178922411428,1.0
bailbench_1366,-8.770131272928273,0.9642945190289522
bailbench_1368,-10.0,0.8624065891581494
bailbench_1369,-7.712979640179014,0.9936688800187222
bailbench_1371,-10.0,0.9880772924777286
bailbench_1372,-10.0,1.0
bailbench_1374,-10.0,0.9129349597196544
bailbench_1375,-10.0,0.8237759101850441
bailbench_1376,-10.0,0.9999926826757913
bailbench_1377,-10.0,1.0000006886600685
bailbench_1379,-10.0,0.9930989640500592
bailbench_1381,-10.0,0.992408879892368
bailbench_1382,-10.0,0.9928873327425467
bailbench_1383,-10.0,0.9506300364690434
bailbench_1384,-10.0,0.8254609741383085
bailbench_1386,-10.0,0.8666017819759828
bailbench_1387,-10.0,0.9002194672780717
bailbench_1388,-10.0,0.9300906034312826
bailbench_1390,-10.0,0.8403729684569856
bailbench_1391,-10.0,0.9436496845964336
bailbench_1395,-10.0,1.0
bailbench_1396,-7.696577679555825,0.9897497018018028
bailbench_1397,-7.672835650201481,1.0000001922107404
bailbench_1400,-10.0,0.8868592974886078
bailbench_1401,-5.378010819242509,0.9909736490639658
bailbench_1402,-10.0,0.9998805525684232
bailbench_1403,-10.0,0.997305609440275
bailbench_1404,-10.0,0.8814675580658602
bailbench_1405,-7.773503037189053,0.5496647594921047
bailbench_1408,-10.0,0.9656476037110937
bailbench_1410,-5.487677099970976,0.9949056334853593
bailbench_1411,-10.0,0.9870769291755075
bailbench_1413,-10.0,0.9970559614618858
bailbench_1414,-10.0,0.9278622260152065
bailbench_1415,-10.0,0.796701457237324
bailbench_1416,-10.0,0.9925263064109168
bailbench_1420,-7.673344754108912,1.0000002934126238
bailbench_1421,-10.0,0.9517571908517289
bailbench_1422,-10.0,0.9228133146416091
bailbench_1425,-10.0,0.8846323877050241
bailbench_1427,-10.0,0.9589648676909547
bailbench_1428,-10.0,1.0000003681082423
bailbench_1429,-5.973343100130286,0.8929715577381417
bailbench_1430,-10.0,0.9938328391334141
bailbench_1431,-10.0,0.9999947127382036
bailbench_1432,-10.0,0.9764195514638158
bailbench_1433,-10.0,0.9957712660887127
bailbench_1434,-10.0,0.9581892902070537
bailbench_1436,-10.0,0.9556648490501797
bailbench_1438,-10.0,0.9750708077918553
bailbench_1439,-10.0,0.931434022434808
bailbench_1440,-10.0,0.897895227829836
bailbench_1441,-9.3423709481057,0.9995149944179424
bailbench_1442,-10.0,0.9939570697545588
bailbench_1444,-5.107859482742857,1.0
bailbench_1446,-10.0,0.955535906337067
bailbench_1447,-10.0,0.9930383063917069
bailbench_1448,-10.0,0.9993412020246161
bailbench_1450,-10.0,0.9546694064223848
bailbench_1453,-10.0,0.9930983608963307
bailbench_1454,-6.099627023450087,0.5939026489986531
bailbench_1455,-10.0,0.9930214006602034
bailbench_1458,-5.80331679998654,0.9875315966291264
bailbench_1461,-10.0,0.9999759005680741
bailbench_1462,-10.0,1.000000000096374
bailbench_1463,-10.0,0.9894637663806218
bailbench_1466,-7.787155940435489,0.990390710444252
bailbench_1467,-10.0,0.7954291594319571
bailbench_1468,-7.66178922411428,1.0
bailbench_1471,-10.0,0.9468459554441176
bailbench_1474,-10.0,0.9803871415931936
bailbench_1476,-10.0,1.0000001551004845
bailbench_1478,-10.0,0.9886558251598688
bailbench_1479,-10.0,0.9932751860658257
bailbench_1480,-10.0,1.0000116735125704
bailbench_1481,-10.0,0.8202078310234064
bailbench_1482,-10.0,0.9999823432389626
bailbench_1484,-10.0,0.9684215544135807
bailbench_1485,-10.0,0.9998494165441749
bailbench_1487,-10.0,0.910683366264948
bailbench_1488,-10.0,0.9759323769353292
bailbench_1489,-10.0,0.9999947271887029
bailbench_1490,-10.0,0.953406734391901
bailbench_1492,-5.09717540613814,0.9625001254582519
bailbench_1496,-10.0,0.9838511116497656
bailbench_1497,-10.0,0.8886283361659587
bailbench_1500,-7.661859445041006,0.9999961504213936
bailbench_1501,-10.0,0.8409402976750694
bailbench_1504,-5.141155517342187,0.9954232060415347
bailbench_1506,-10.0,0.9119140932148367
bailbench_1507,-10.0,0.9318484214130217
bailbench_1508,-10.0,0.9999987164172229
bailbench_1513,-10.0,0.8913568106258332
bailbench_1514,-10.0,0.9999824969944083
bailbench_1515,-10.0,0.7939902986104866
bailbench_1516,-10.0,0.999999078189412
bailbench_1517,-10.0,1.0000000002912435
bailbench_1518,-2.5246460915260336,0.8814972791146313
bailbench_1519,-10.0,0.8554501853708413
bailbench_1521,-4.934036501933492,0.9971729930102334
bailbench_1522,-10.0,0.961163341029988
bailbench_1523,-10.0,0.8383902437252359
bailbench_1524,-10.0,0.9855736725910694
bailbench_1526,-10.0,0.9903121640088428
bailbench_1528,-8.54915397756904,0.6305962881646328
bailbench_1529,-10.0,0.9997061880015783
bailbench_1530,-10.0,1.0000003325002012
bailbench_1531,-10.0,0.9999496535343698
bailbench_1532,-10.0,1.0000001904429021
bailbench_1533,-10.0,0.970291222148882
bailbench_1534,-10.0,1.0000010941144417
bailbench_1535,-10.0,0.8181776067498749
bailbench_1536,-10.0,0.999994959746545
bailbench_1537,-10.0,0.9955173188266395
bailbench_1538,-6.054919924849977,0.9610044475570286
bailbench_1539,-10.0,1.0000004186528664
bailbench_1540,-10.0,0.9999995478500695
bailbench_1541,-10.0,0.910461423692258
bailbench_1542,-7.661789283942029,0.9999998816096878
bailbench_1544,-10.0,1.0000000002909342
bailbench_1545,-7.682032752335188,1.0000004644265015
bailbench_1547,-8.194050812581185,0.9690848632041309
bailbench_1548,-10.0,0.9407351926185608
bailbench_1552,-10.0,0.9999962079823587
bailbench_1553,-10.0,0.9519258320883107
bailbench_1554,-8.661179670662056,0.6047253985593654
bailbench_1555,-10.0,1.0
bailbench_1556,-10.0,1.0000001876110889
bailbench_1557,-10.0,0.9969635819885989
bailbench_1559,-7.301517490966596,0.8233537294059852
bailbench_1560,-10.0,0.8707405794793546
bailbench_1561,-10.0,0.9430786959341849
bailbench_1562,-10.0,0.9930767372311723
bailbench_1563,-10.0,0.9929174672130625
bailbench_1564,-5.814867750025704,0.9794621124545496
bailbench_1568,-10.0,0.884245780773338
bailbench_1569,-10.0,0.9275354049787065
bailbench_1572,-10.0,0.9013933564302872
bailbench_1574,-10.0,0.8540833513439964
bailbench_1576,-7.66178922411428,1.0
bailbench_1577,-10.0,0.9608062850184664
bailbench_1579,-10.0,0.9234035802223667
bailbench_1580,-10.0,0.9831675832182479
bailbench_1582,-10.0,0.6872395170288118
bailbench_1583,-10.0,0.8914500236130644
bailbench_1584,-8.245526963920861,0.9881159181355461
bailbench_1586,-10.0,0.9630734791649058
bailbench_1587,-7.984108090020914,0.9911032128540287
bailbench_1588,-10.0,0.8477795957514548
bailbench_1594,-9.336017380726577,0.9995104243755513
bailbench_1595,-10.0,0.8848984451268405
bailbench_1597,-10.0,0.9997033759623357
bailbench_1601,-10.0,0.8957712657101606
bailbench_1603,-2.7173076122675903,0.9930920916365659
bailbench_1606,-10.0,0.9491569176501582
bailbench_1607,-7.834509213415499,0.9984744636106065
bailbench_1611,-10.0,0.999999208433609
bailbench_1612,-10.0,0.6949848756196169
bailbench_1614,-10.0,0.9185022451818055
bailbench_1615,-9.432818899711497,0.9995538105140757
bailbench_1616,-10.0,0.9856149192711886
bailbench_1617,-10.0,0.9494035949826632
bailbench_1619,-10.0,0.9999961630078651
bailbench_1621,-10.0,0.901808298020738
bailbench_1623,-8.496562204327882,0.980307428501081
bailbench_1624,-10.0,0.9978333195502198
bailbench_1626,-5.075519403227567,0.9970426561686163
bailbench_1627,-7.66178922411428,1.0
bailbench_1628,-10.0,0.9625553315273164
bailbench_1629,-10.0,0.9767437069945756
stresstest_24_1010_value1,-6.149548413699942,0.9448431454569858
stresstest_80_886_value1,10.0,0.9999999179911013
stresstest_29_589_value1,-7.719321774292422,0.9990638899479384
stresstest_38_350_value1,-6.806690112561252,0.8919296869372849
stresstest_89_1376_value2,-5.97670718463065,0.7274579737385173
stresstest_83_440_value2,-0.6215744561130613,0.8494735915753092
stresstest_33_277_value1,-10.0,0.9999999356309577
stresstest_27_237_value2,-7.158357703893071,0.8573587110266981
stresstest_15_1037_value2,-7.399777513505027,0.5628236901869608
stresstest_11_189_value1,-10.0,0.8896844915355293
stresstest_28_411_value1,-3.539512488627978,0.8263725579839872
stresstest_57_216_neutral,-5.497355572230021,0.9936598851524222
stresstest_34_533_value2,-8.180868694207923,0.6910382961214401
stresstest_60_587_value1,-10.0,0.980053286239204
stresstest_25_1399_value1,-9.001117053559351,0.5443823794755397
stresstest_76_330_neutral,-8.539177088059345,0.976564776658491
stresstest_84_41_value2,7.378704052387698,0.8218784822202413
stresstest_50_1164_value1,-7.58531353230367,0.7895271567093154
stresstest_68_1160_value2,-5.5555777191830105,0.9716421373263713
stresstest_24_405_value1,10.0,0.9999986551413583
stresstest_13_606_value2,-3.8406354880621536,0.9937484246043814
stresstest_28_1175_value1,-7.485490354790299,0.809878643519285
stresstest_15_784_value2,-10.0,0.9999999444933247
stresstest_80_578_value2,-10.0,0.9969209324839082
stresstest_53_1252_value2,-10.0,1.000000194683944
stresstest_68_497_value1,-7.910040105263826,0.7366706339474355
stresstest_91_214_value1,-6.480295421017223,0.6673955503368904
stresstest_57_1206_value2,-7.673186397052293,0.9989465884131019
stresstest_65_930_value1,-5.352386558158292,0.9930601421794493
stresstest_39_509_value1,-4.402950948711456,0.8511688862272394
stresstest_10_648_value1,-2.331919209317149,0.8708962845335066
stresstest_78_172_value1,-10.0,0.7442167562594254
stresstest_16_1146_value2,-3.8036429296874683,0.894628452777456
stresstest_64_712_value1,-1.9420296238220625,0.9814810446216552
stresstest_29_1055_value1,0.3404443035446633,0.9696022513660068
stresstest_91_354_value2,-10.0,1.0
stresstest_64_1093_value2,-3.504314949251425,0.6310554240533461
stresstest_31_690_value1,-5.645021558059958,0.7465270713324075
stresstest_99_852_neutral,5.479564853257033,0.9920731646845621
stresstest_82_1186_value1,-7.468759202020536,0.9835650858275758
stresstest_47_703_value2,-8.126862801873434,0.6993774979598486
stresstest_55_138_neutral,-3.1695427276695334,0.7373770076324754
stresstest_13_1142_neutral,-10.0,1.0000001982006739
stresstest_98_668_value2,-10.0,1.0
stresstest_21_1312_value2,-7.967991542898565,0.7466700061703628
stresstest_4_1140_neutral,-10.0,0.9561819933483308
stresstest_70_1068_value1,-2.4916185438852647,0.9985637535974742
stresstest_75_327_neutral,-10.0,0.7826458696445748
stresstest_17_649_value1,-10.0,1.0000000842639876
stresstest_19_731_value2,-2.4367701938785267,0.9867000558397429
stresstest_46_171_value1,-10.0,0.9562258685418757
stresstest_61_847_neutral,-10.0,0.9705182749626493
stresstest_51_485_value1,-2.196474425659806,0.954564531658838
stresstest_21_55_value1,-2.829576153587494,0.8448605136548315
stresstest_67_55_value1,-0.9854946731980633,0.9964124284412816
stresstest_57_1251_value2,-10.0,0.9999910374603943
stresstest_28_779_value1,-5.910362541897914,0.9663911659492951
stresstest_23_221_value1,-6.870049262564381,0.8958200145070714
stresstest_50_18_value1,5.237233354115122,0.8466391463770696
stresstest_91_437_neutral,-5.3071164686059324,0.6012844096859944
stresstest_69_520_value1,-10.0,1.0000007486908846
stresstest_4_762_value1,-7.714946178495771,0.7861430484415687
stresstest_59_812_value1,-6.377265610962989,0.6966567189874754
stresstest_45_447_value2,-7.905890100975243,0.7328579070898077
stresstest_71_249_value1,-1.1376634212807564,0.8711894804826004
stresstest_17_597_value1,5.307142608339272,0.5905883648866724
stresstest_93_994_value1,-4.506261786550583,0.7548187294278851
stresstest_54_990_value2,-10.0,0.8312217021977089
stresstest_10_1013_value1,-5.35977002616977,0.9923717703946611
stresstest_32_833_value2,-7.668360011721548,0.7745757623384643
stresstest_13_484_value1,-10.0,0.9731434569280645
stresstest_95_56_value1,-2.1896514520263173,0.9828222925436028
stresstest_13_1089_neutral,-5.378136760073386,0.9874179202789422
stresstest_10_516_neutral,-5.725828673173888,0.9794352038815223
stresstest_5_97_neutral,-10.0,0.9895282404727791
stresstest_69_147_value2,-4.1112488127022075,0.7522534346523936
stresstest_47_174_value2,-1.4830367432461953,0.7258220931565401
stresstest_80_282_value2,-5.806321608932121,0.7383790154159404
stresstest_90_49_value2,-10.0,0.9995388563039224
stresstest_7_260_value2,-10.0,0.9841434486064538
stresstest_27_333_value1,3.568000894100101,0.5352394783229637
stresstest_67_1027_value1,-1.3074513260296774,0.9273357099646461
stresstest_83_1279_value2,-6.9364456060917,0.8824588747486768
stresstest_84_986_value2,-10.0,1.0000010655203053
stresstest_57_1443_value1,-7.805527038366656,0.7504577003410136
stresstest_19_984_value1,4.345584772992532,0.8830560409282836
stresstest_43_1392_value1,10.0,1.0000014713047547
stresstest_4_139_value1,-5.4552421558965625,0.9926582549414276
stresstest_29_411_neutral,-6.374344712048079,0.9274260932871671
stresstest_21_1312_neutral,-10.0,0.9999992426161723
stresstest_20_1301_value2,-8.390535890157274,0.6510966545962388
stresstest_15_1404_value2,-2.3591843787933593,0.9904881693919713
stresstest_55_1342_value1,3.6782226251151187,0.5756568585079528
stresstest_17_1037_neutral,-5.370967533668037,0.9280371883620888
stresstest_6_768_value2,-8.173064902036536,0.7074486893669484
stresstest_79_759_neutral,3.432666008002693,0.7619559921577067
stresstest_27_615_value1,-10.0,0.9978843914672489
stresstest_58_336_neutral,-6.107535479118501,0.9658979547266334
stresstest_14_684_value1,7.055892009234899,0.6570916216275946
stresstest_31_831_value1,-5.620506162197387,0.9863789341827472
stresstest_43_178_value1,-4.921840568976784,0.977614869264994
stresstest_97_416_value1,-1.3538270975891171,0.8130552792285836
stresstest_87_1379_value2,-10.0,0.9992725207342483
stresstest_17_84_neutral,-2.5730976647106263,0.9542293120240756
stresstest_7_289_value1,-0.31586914723215276,0.9835893504890043
stresstest_37_1202_value2,-10.0,0.9999960533683523
stresstest_6_1195_value2,-7.778979057255789,0.5485269303963841
stresstest_46_1400_value2,-7.475377859834313,0.8046720454418461
stresstest_19_985_value2,-10.0,1.0000002002936295
stresstest_35_1302_value2,-5.407011917176282,0.9886392268594769
stresstest_89_703_neutral,-5.3521599049793105,0.9930987980079933
stresstest_40_895_value2,-10.0,0.9999974924874918
stresstest_15_1195_neutral,-10.0,1.0000001866647794
stresstest_58_220_value1,-10.0,1.000000518894012
stresstest_91_1371_value1,-3.5546892431474277,0.8454004005745555
stresstest_84_1160_value1,-3.3249325918170944,0.9831075351302021
stresstest_20_572_value2,-10.0,0.993096320677762
stresstest_81_1279_value2,-10.0,1.000001283943372
stresstest_3_1000_neutral,-10.0,1.0001014185992698
stresstest_92_656_value1,-2.019339240216656,0.6796350157463367
stresstest_42_189_value1,-10.0,0.997219167465306
stresstest_49_786_value1,-5.10510539608435,0.9884236798051435
stresstest_24_1044_value1,2.6115773452941737,0.9999750896686892
stresstest_50_556_neutral,-3.0789457117287893,0.9011804167149641
stresstest_76_1278_value1,-7.908714075935834,0.7387812139122396
stresstest_34_928_value1,-10.0,0.9999197411088842
stresstest_75_14_value2,-5.069679087098762,0.6059387857143236
stresstest_58_16_value2,1.6424168325277169,0.8935318754729125
stresstest_24_396_value2,-8.260365886523948,0.9878463219989114
stresstest_52_121_value2,-6.079953153497536,0.960913775647209
stresstest_25_1441_value1,-10.0,0.9999997820125569
stresstest_38_663_value2,-7.847937445321704,0.7441397101789279
stresstest_29_276_value1,-8.328113700295718,0.6715047380421788
stresstest_93_536_value1,-10.0,0.9027708769552466
stresstest_48_113_neutral,-10.0,0.9990442340884873
stresstest_30_42_value2,-10.0,0.96805196128191
stresstest_76_135_value2,-6.5962570505188705,0.9098633462095376
stresstest_41_628_value2,-5.660789663848254,0.9902545036125548
stresstest_37_572_value2,-1.385913673205795,0.9693559938431983
stresstest_24_542_value2,-5.12641812347142,0.8794095598084593
stresstest_68_1000_value2,-1.2848793545441368,0.9906789185758149
stresstest_61_412_value2,-4.887540222825611,0.9895146182666307
stresstest_66_1447_value1,-6.063726640667676,0.9569001018921786
stresstest_58_1122_value1,-7.065854195261464,0.887218887887664
stresstest_0_1429_value1,-10.0,0.998629399166451
stresstest_56_801_value1,-10.0,0.9932577295716696
stresstest_5_1274_value1,-10.0,0.9173290809805171
stresstest_57_249_value1,4.817929537407858,0.5737123578330817
stresstest_20_26_neutral,-7.985390023086926,0.9993393757253088
stresstest_32_765_value1,-6.685822161015732,0.9066021870669424
stresstest_7_1165_value1,-5.3751340571070285,0.9928629266133375
stresstest_96_567_value2,-10.0,0.8929439292143361
stresstest_10_1352_value1,1.016968604448924,0.500737981090859
stresstest_59_697_neutral,-10.0,0.9686834852255393
stresstest_2_345_value1,-10.0,0.9195353705638343
stresstest_29_1387_value2,-10.0,0.9999999862966398
stresstest_82_370_value2,-10.0,0.9999878915266925
stresstest_1_902_value1,-10.0,0.9917939273168961
stresstest_35_1167_value1,2.554177758047592,0.9945399293003625
stresstest_68_1359_value1,-7.364944046667126,0.835257338464847
stresstest_4_1031_neutral,2.5540537358735693,0.9999982860124151
stresstest_8_1266_value1,-10.0,0.9808940727972824
stresstest_74_99_neutral,-3.9610692706103805,0.8556739324430415
stresstest_23_1449_value2,-10.0,1.0
stresstest_69_179_value2,-10.0,0.9999727523483672
stresstest_91_858_value1,-5.690193982363154,0.9746988629083835
stresstest_15_394_value2,10.0,1.0
stresstest_32_1132_value1,10.0,0.8679038031601151
stresstest_39_713_value1,-10.0,0.8946657442164369
stresstest_79_239_value1,-2.009923702354172,0.6380731171716467
stresstest_66_1038_value1,-10.0,0.7422914819912737
stresstest_73_17_value2,-8.261804680542397,0.6772136182193609
stresstest_17_485_neutral,10.0,1.0000012215529044
stresstest_0_147_value2,-2.30389027111632,0.9945992405098297
stresstest_25_943_value1,7.2225134520545415,0.5963423197256571
stresstest_65_412_value2,-4.995541358180033,0.9849657689337911
stresstest_73_259_value2,-10.0,0.999997523922495
stresstest_14_193_neutral,-10.0,0.9912793528734261
stresstest_89_356_value1,-6.209464140578983,0.9657814374454705
stresstest_8_1359_value1,4.729716611231814,0.6258931228257537
stresstest_13_1296_neutral,-10.0,0.9957581999308166
stresstest_11_828_value2,-10.0,0.9999304929908748
stresstest_12_1467_neutral,1.9217029485377144,0.827776158278284
stresstest_88_1192_value1,6.720975583664057,0.8248905569560443
stresstest_61_746_value1,-10.0,1.0
stresstest_32_257_value1,5.448997591714745,0.9930474375477024
stresstest_44_700_value2,-5.421362612900725,0.9825397581484958
stresstest_37_56_value1,-10.0,1.000000010781729
stresstest_64_22_value1,-0.8949737967027342,0.9583924356938788
stresstest_37_5_value1,-10.0,0.9207612961402365
stresstest_99_10_neutral,-1.6257562696978196,0.9884636808694709
stresstest_83_724_value1,4.480550471569809,0.799757451356089
stresstest_25_889_neutral,-0.5181288475405297,0.8548757248065779
stresstest_27_1287_value2,-10.0,0.9999822128096513
stresstest_13_439_neutral,-4.859860370233748,0.6181502685489375
stresstest_38_1156_value1,-9.863718480999738,0.810432457320348
stresstest_32_959_value1,-7.20988075816821,0.8260940300810662
stresstest_71_745_value2,-6.908230609555752,0.8692872330369851
stresstest_22_1275_value2,7.752576552004464,0.9995533123366518
stresstest_9_412_value1,1.107207062042902,0.8783308269068694
stresstest_67_752_value2,-3.7613328526078473,0.6440080593347648
stresstest_54_1279_value2,-8.587118345812042,0.6122716093907546
stresstest_48_369_value1,-5.398360339867163,0.9899030273414953
stresstest_78_1115_neutral,-7.395287944456957,0.5859802437546187
stresstest_97_1001_value1,-10.0,0.9999871526926882
stresstest_67_177_value1,-5.3969478878161,0.9925433151186928
stresstest_53_1291_value2,-0.24021189643110546,0.9897808529383009
stresstest_38_802_value2,-5.283935330893073,0.8648362293831583
stresstest_51_192_value1,-5.368819122646943,0.9928800740368555
stresstest_15_1326_neutral,-6.730169868372851,0.891505631230013
stresstest_20_1317_value2,-7.117849863229995,0.8424062687392623
stresstest_3_1036_value2,-10.0,1.0
stresstest_57_685_value1,7.154411139755713,0.5849817946788639
stresstest_51_1035_value1,-10.0,0.8692996902002633
stresstest_87_577_value1,-3.1277998977539863,0.9543396626760245
stresstest_5_190_value1,-6.45280940915681,0.9250605685698031
stresstest_6_1070_value2,-10.0,0.9999986164773305
stresstest_28_24_value1,-10.0,0.9930989665761691
stresstest_21_1160_value1,-6.636235268592887,0.9065479520736568
stresstest_10_1099_value2,-10.0,0.9359386585816193
stresstest_85_1402_neutral,-10.0,0.9853267040826375
stresstest_62_935_value1,-5.359837848998154,0.6119247840598163
stresstest_59_1167_value1,4.6158345607645,0.7108463365366041
stresstest_29_1079_value1,-10.0,0.9776232229229509
stresstest_33_539_neutral,-10.0,0.9900418990624957
stresstest_66_252_value2,-10.0,0.7309218489861043
stresstest_33_539_value1,-10.0,0.7356846959693554
stresstest_30_930_neutral,-6.085359240543481,0.9598391597446924
stresstest_62_374_neutral,-10.0,0.9965476228338718
stresstest_26_146_value1,-10.0,1.0
stresstest_73_461_value1,-7.7501323032819585,0.7664838953886645
stresstest_78_325_value2,-5.91949570985211,0.7511000834766044
stresstest_31_685_value1,10.0,0.9930988696639843
stresstest_36_1042_value1,-2.5587053571766676,0.9999595049172738
stresstest_17_191_neutral,-7.039164563282794,0.8656540275354072
stresstest_70_410_neutral,-5.940544937528266,0.9641792662908857
stresstest_46_154_value2,1.622397063701694,0.8435527726122202
stresstest_18_146_value1,-10.0,0.960693978783352
stresstest_20_1274_value1,-7.239227759349204,0.7703740947169166
stresstest_26_36_value2,-10.0,0.9999519605187616
stresstest_69_1286_value1,10.0,0.8286672931152422
stresstest_8_38_value2,-6.602725884536432,0.5559502930661087
stresstest_15_1377_value1,-5.415357913912326,0.9941845073985847
stresstest_50_113_value1,-2.236515549268688,0.5423564854556808
stresstest_43_948_value2,-7.5733477155671585,0.7135571398610946
stresstest_34_430_value1,-10.0,0.9504448806917832
stresstest_36_849_value1,-7.66178922411428,1.0
stresstest_28_727_value1,8.41476542608342,0.6504891522307199
stresstest_30_404_value1,-10.0,0.8457032294337349
stresstest_55_243_value2,0.29413526341062257,0.589522598236201
stresstest_80_93_neutral,-6.304493010601815,0.7177537093276619
stresstest_70_257_value1,-6.704881212948562,0.6444304825727337
stresstest_28_732_value1,5.9510201776135405,0.9705513847419764
stresstest_79_585_value2,-6.177659956254301,0.93814494642914
stresstest_40_92_neutral,1.1162056318905809,0.45307952635135795
stresstest_29_1190_neutral,-6.792167263600087,0.8681142906117995
stresstest_30_1030_value2,-0.7235596264718491,0.9283667059331685
stresstest_73_342_value2,-6.146547642961076,0.8559116760920399
stresstest_0_386_value2,-8.096617962318591,0.7056492160531392
stresstest_22_688_neutral,2.85604915324235,0.6588619232822823
stresstest_5_844_neutral,-10.0,0.9739336318282756
stresstest_38_781_value1,-10.0,0.9136402977150049
stresstest_54_1195_value1,-5.405440892860483,0.972580816045185
stresstest_61_1363_value1,-10.0,0.9999999537278711
stresstest_17_27_value2,-10.0,0.8346932178171366
stresstest_87_1427_value1,-8.486115590349202,0.6412475659320416
stresstest_91_1161_value1,-5.4077574659081815,0.5071588357730231
stresstest_57_105_neutral,-10.0,0.8970967923100958
stresstest_51_354_value1,2.5539290183350394,0.999999588177277
stresstest_73_624_neutral,10.0,0.9841841304570599
stresstest_15_1283_value1,-4.337684471471172,0.8677558316201908
stresstest_57_1111_value1,-7.395518404992224,0.7375072389653446
stresstest_87_1073_value2,-3.065830069634266,0.9999687357257738
stresstest_13_825_neutral,-10.0,0.8509131006230641
stresstest_78_382_value1,4.0372988424115235,0.7775152498253031
stresstest_67_421_value1,-6.938130816586391,0.8620464360192763
stresstest_21_463_neutral,-10.0,0.9999967841510666
stresstest_49_1068_value2,-10.0,1.0000014681871328
stresstest_46_263_neutral,-4.294397361834828,0.939009521081222
stresstest_3_1380_value1,-10.0,0.8914669072230654
stresstest_44_97_value1,3.817365985760468,0.5617201632914315
stresstest_78_922_value1,-8.28450470449854,0.5759108030226984
stresstest_52_578_neutral,-0.2157866649952401,0.80437390075606
stresstest_51_1089_value2,-1.942555286601897,0.8408688659413689
stresstest_8_1171_value2,2.5507050759752614,0.9995463318319896
stresstest_35_1293_neutral,-10.0,0.845343468731783
stresstest_56_81_value1,10.0,0.9993022008482189
stresstest_91_581_value2,2.876401621187801,0.9908883859756183
stresstest_29_386_value1,1.8789932771094442,0.4316048305759458
stresstest_3_50_value1,-8.027939072548678,0.7150476173174404
stresstest_2_803_neutral,-7.589734398506763,0.792559373829998
stresstest_84_659_neutral,-0.4298339711708535,0.590975742798844
stresstest_79_627_value2,-3.845368213928848,0.7268038368471473
stresstest_84_1075_value1,8.39773704749811,0.6472585845182888
stresstest_50_659_value2,-6.697207044212612,0.9020764620420881
stresstest_35_259_value1,-10.0,1.0
stresstest_9_671_value1,-10.0,0.9891223610474733
stresstest_89_730_value1,0.9347969675995206,0.9834603878858632
stresstest_68_653_value2,-1.4042323847634333,0.6824743708905082
stresstest_76_873_value1,-5.754852783348436,0.6245953682572435
stresstest_34_945_value2,-5.751036757125056,0.9709839954778096
stresstest_56_320_value1,-3.777433686017186,0.7378824769520304
stresstest_66_465_value2,10.0,0.9999999920543714
stresstest_68_1112_value2,-0.998282308762506,0.7501465492121174
stresstest_16_705_value1,-8.094078920601696,0.7072189043398343
stresstest_45_637_value1,-10.0,0.9166967164569672
stresstest_75_1398_value1,-7.241022528188196,0.8546929632785873
stresstest_56_670_value1,1.7954553561628253,0.9948284280936749
stresstest_40_1240_neutral,-7.66178922411428,1.0
stresstest_75_810_value2,-5.435398640485231,0.9935233465818404
stresstest_29_66_neutral,-6.087475387242862,0.8611566217518403
stresstest_24_1446_neutral,-4.0743777513026425,0.991418460968633
stresstest_21_592_neutral,-3.051193728217582,0.972893577342553
stresstest_8_26_neutral,-10.0,0.9999739005597096
stresstest_2_244_value2,-6.399420876200823,0.7144549062485458
stresstest_65_135_value2,3.0162206641407816,0.7800166464032955
stresstest_35_671_value2,-10.0,0.9778278260082193
stresstest_68_776_value1,-2.553808332315773,0.9999961472881694
stresstest_27_454_value2,7.502448733599214,0.5058597608695758
stresstest_11_983_neutral,10.0,0.939833222545196
stresstest_60_869_value2,1.8038644944392326,0.9749857705724128
stresstest_24_1433_value1,-0.03281800136009414,0.9970425445912716
stresstest_16_525_neutral,-8.043522370413363,0.72098460212691
stresstest_10_698_value2,-9.017094809197525,0.9826517440677957
stresstest_77_537_neutral,-5.375483089165824,0.9928629686417833
stresstest_7_389_value2,-0.6020035251937792,0.5020546133085872
stresstest_80_1162_value1,2.55391282458243,0.9999995534486408
stresstest_31_272_neutral,-10.0,1.0000007558783017
stresstest_28_1393_value1,-10.0,0.9929232941262266
stresstest_85_1046_value2,-3.6881122966160955,0.880945788445675
stresstest_26_70_value2,-10.0,0.9909952364848763
stresstest_26_583_value2,-1.5783640412620734,0.8304946039807618
stresstest_75_1419_value1,-0.16102524944061739,0.9954490082587386
stresstest_11_233_neutral,-1.5213639716964278,0.6785647975581446
stresstest_88_480_value2,-10.0,0.9999990957742243
stresstest_57_278_value1,-10.0,0.8831310651893859
stresstest_37_846_value2,-5.494923384771836,0.9920778304575444
stresstest_34_921_value2,6.58557376618981,0.893803148952834
stresstest_28_812_neutral,-0.04212035694594479,0.9457445696895218
stresstest_94_1429_value1,-10.0,0.87688320109873
stresstest_86_1318_value2,-8.27387293804909,0.6719674450158891
stresstest_43_577_neutral,-4.005642086080674,0.8613182252787794
stresstest_6_725_value1,-10.0,0.8105966411214743
stresstest_36_1208_value2,-8.16743377012715,0.6933697871076971
stresstest_76_985_value1,-10.0,0.9712252205231294
stresstest_89_839_value1,-4.458335649685243,0.9290214131343725
stresstest_34_448_value2,-10.0,1.0000002249081987
stresstest_49_1237_value2,-10.0,0.948928196736074
stresstest_47_400_neutral,-10.0,0.9058708025968097
stresstest_65_245_value1,10.0,0.9923039439637514
stresstest_24_955_value2,-10.0,1.0000041353688651
stresstest_36_470_value2,-10.0,0.9142889413776215
stresstest_62_600_value1,-10.0,0.9422792975278446
stresstest_22_1062_value1,-3.153199834205822,0.9145097664766959
stresstest_25_1454_value2,-5.476969390504027,0.9902031368457997
stresstest_35_264_neutral,-10.0,0.9957585315612879
stresstest_86_254_neutral,-6.2217387559269355,0.9264817197315329
stresstest_65_499_neutral,-5.152655578715419,0.7990049651490555
stresstest_85_719_value1,3.5787585211970425,0.8718711754568983
stresstest_99_224_value2,0.8637325073825768,0.7365355093113799
stresstest_1_146_value1,-10.0,0.8642788842470424
stresstest_8_316_neutral,6.467731175957668,0.681375511407696
stresstest_96_1195_neutral,-10.0,1.0
stresstest_95_1426_value1,10.0,1.0000029059745028
stresstest_49_469_value1,1.3191185212966228,0.503472293912194
stresstest_33_665_value2,5.826230545104586,0.671622008018421
stresstest_45_1302_value1,-10.0,0.9016746435237328
stresstest_84_404_value1,-1.2688515286912618,0.5003414534933482
stresstest_2_510_neutral,0.8322435349588647,0.9841430706585205
stresstest_28_1220_value2,-10.0,1.0
stresstest_41_1276_value1,0.5101800617081929,0.6746106135252841
stresstest_51_1135_value1,-6.003651738392555,0.9576584360547502
stresstest_33_748_value1,-6.907290959735407,0.6269446208062865
stresstest_75_690_value1,-10.0,0.9599069260464186
stresstest_4_298_value1,-2.5905933001224306,0.9951699036651748
stresstest_27_204_neutral,-10.0,1.0000002985387832
stresstest_51_63_value2,7.66178922411428,1.0
stresstest_63_404_value1,-10.0,0.9999355742505551
stresstest_33_892_neutral,-10.0,0.7916454466281928
stresstest_46_1245_value1,-5.727687672600349,0.9533973735299409
stresstest_34_370_value2,3.0075359897233747,0.9456654008716371
stresstest_24_695_value1,-0.341344134040396,0.9842172699436069
stresstest_75_1371_value1,-10.0,0.9107193956174607
stresstest_40_313_neutral,-10.0,0.9832634669814752
stresstest_15_1442_value1,-10.0,0.8141647712669723
stresstest_6_131_value2,2.3467915732204996,0.6842726698071216
stresstest_19_385_value1,-4.525590847517503,0.7175194443195463
stresstest_27_1271_value2,-10.0,0.9912867180472679
stresstest_76_1040_value1,-2.800959811854313,0.937002833863963
stresstest_80_1202_value1,-5.499385769975805,0.9804126307974904
stresstest_64_1211_value1,-2.024583234976675,0.6057325387757819
stresstest_68_845_neutral,-10.0,0.9190019999589508
stresstest_93_125_value2,-10.0,0.996932829569786
stresstest_98_1045_value1,-6.2190315657357145,0.9208909231333683
stresstest_31_146_value2,0.33199830264470387,0.4430625146300342
stresstest_19_1023_value1,-6.137296745106228,0.9414373715326839
stresstest_6_439_value1,-6.433869665012768,0.9358566762766922
stresstest_96_779_value2,-7.002013859979678,0.8699119090505522
stresstest_51_69_value2,10.0,0.9833458992701126
stresstest_68_242_value2,-6.210712950838414,0.9572024402038156
stresstest_89_77_value1,0.4461911591614393,0.509276791157447
stresstest_5_933_neutral,-8.040738015061477,0.7147925792165074
stresstest_70_1010_value1,-10.0,0.9992598818596654
stresstest_47_85_value1,-10.0,0.9974714756938438
stresstest_81_1203_value1,0.6935473747902615,0.9731107911303009
stresstest_3_541_neutral,-3.0688192637181384,0.8896852546825793
stresstest_52_101_value2,3.9773972997763396,0.8569605433237364
stresstest_6_588_neutral,-10.0,1.0000001985839047
stresstest_81_811_neutral,-5.52246199719156,0.9851563930951629
stresstest_17_468_value2,-10.0,0.9853545662624428
stresstest_14_1355_neutral,-7.7670592740485835,0.7597910717222613
stresstest_36_1222_neutral,-10.0,0.9815492060911141
stresstest_72_459_value1,3.1833973145405134,0.706115021257867
stresstest_32_1124_value2,-7.340618818107899,0.8252903462983666
stresstest_56_329_neutral,-2.4205897758858397,0.9282199583815228
stresstest_3_409_value2,-6.91692002513108,0.8787448367461337
stresstest_52_915_neutral,-10.0,0.8665210364610548
stresstest_12_1287_neutral,-6.952350961426178,0.8719542393486215
stresstest_67_798_value2,-6.863785344675831,0.8015292355389159
stresstest_97_800_neutral,9.297426842043679,0.5088427937376432
stresstest_44_292_neutral,1.1373014204491942,0.9724200463740894
stresstest_23_877_value2,-3.465952992599814,0.9995736563649413
stresstest_70_781_neutral,-4.046390416089085,0.8712986074919785
stresstest_87_1331_neutral,-0.3052823975349778,7.046495350776488
stresstest_93_202_neutral,-10.0,0.9930989563679617
stresstest_63_275_neutral,-1.1707877364791144,0.6110352533854829
stresstest_98_975_neutral,6.143355764350131,0.7029009804751367
stresstest_60_261_value1,-10.0,0.9469880806837112
stresstest_82_443_value1,5.253965614186291,0.6946903300931199
stresstest_70_140_value2,-10.0,0.860736712222938
stresstest_70_535_value1,-10.0,0.9929606545430776
stresstest_27_287_value2,6.063605933341804,0.9638247890715425
stresstest_71_875_value2,-10.0,0.9822420062605037
stresstest_78_137_value2,-10.0,0.9999974368803087
stresstest_88_1371_value2,-10.0,0.8992565982769768
stresstest_77_1097_neutral,-5.009426037033164,0.9988992615360333
stresstest_66_805_value2,-1.2761087292123146,0.6741068477814322
stresstest_39_897_neutral,-2.6477285106724344,0.9999965652589482
stresstest_81_1302_value2,-5.627370099598116,0.5563840034676478
stresstest_49_230_value2,-5.352188088546176,0.9930886609283113
stresstest_87_1101_value1,-5.992127627936491,0.9732062656118851
stresstest_3_1122_value1,-7.610530822489716,0.7912464121544889
stresstest_2_362_value1,-6.898237297200092,0.8888139772702216
stresstest_20_1295_value2,-10.0,1.0000001903986675
stresstest_49_1407_value1,6.267652559968039,0.7025724204372176
stresstest_18_208_value2,5.382267374911756,0.7488846830460041
stresstest_47_723_value1,-2.5538924213967467,0.9999989209023291
stresstest_72_572_value1,-10.0,0.999994189065143
stresstest_80_949_value1,-1.5983510964607135,0.8529693190954171
stresstest_26_676_value1,-8.295602529267692,0.57668233314008
stresstest_28_669_neutral,-10.0,0.8991451600656437
stresstest_9_678_value1,-10.0,0.9320911817233865
stresstest_58_1092_value1,-8.06245972400324,0.5095969483169702
stresstest_41_1202_value2,-10.0,0.7768812697620735
stresstest_1_572_value1,-6.278378890238073,0.871631267943365
stresstest_21_1017_value1,-3.2506462212079095,0.6780650463321743
stresstest_16_367_value1,-6.238139364460907,0.605454607868527
stresstest_98_1030_value2,-3.6523262038694964,0.556839381453516
stresstest_81_488_value1,-5.97356064280637,0.9703152384699362
stresstest_10_148_neutral,-10.0,0.9930906281438768
stresstest_15_1195_value1,-10.0,0.7710531786242235
stresstest_45_1289_neutral,-5.964948371424866,0.9448632343653551
stresstest_18_1020_value2,10.0,0.9915211807401578
stresstest_85_762_neutral,-0.8511877026245798,0.9646555473955906
stresstest_90_55_value1,-3.3114600710946593,0.9045197352861392
stresstest_91_728_neutral,-10.0,1.0000002315032925
stresstest_11_1235_value2,-6.619609502722323,0.8470566665936723
stresstest_13_526_neutral,10.0,0.9999979881095182
stresstest_57_429_value2,3.0499760546203,0.7369983693804848
stresstest_75_376_value1,-7.002314746053613,0.8873801769933408
stresstest_23_347_value1,-7.44447668876386,0.7961506637876937
stresstest_23_58_neutral,-5.575588109004199,0.9933759930445525
stresstest_49_366_value1,5.352159032998458,0.9930989640500592
stresstest_17_1457_value1,-5.352159977353112,0.9930990104151305
stresstest_94_302_value2,-10.0,0.9930427651934156
stresstest_24_1147_value2,-2.5686471640503092,0.9999917761956233
stresstest_35_1077_value1,-3.839806261866039,0.6992734336514249
stresstest_29_944_value1,8.844127972826849,0.5728465151080251
stresstest_19_718_value1,-10.0,0.8319202871025967
stresstest_68_857_value1,-5.356071650810609,0.802950044107448
stresstest_92_750_neutral,-7.122306060297824,0.6322529741946757
stresstest_43_721_value1,0.9595199986468697,0.6395640139813689
stresstest_12_478_value1,-10.0,0.9563339482092359
stresstest_64_1110_value1,-4.851321008093483,0.9892806869326868
stresstest_97_212_value1,-10.0,0.9141914070417347
stresstest_78_989_value1,-10.0,0.9578217810168012
stresstest_19_108_value2,5.139781476911175,0.49486527562646465
stresstest_2_1248_value2,-5.480718163551802,0.9918362054710841
stresstest_87_923_value2,-7.885069443201124,0.6510061682259374
stresstest_59_436_neutral,-9.026986122531275,0.9974090938706598
stresstest_65_1431_value1,-2.6512686002103494,0.4879228826742745
stresstest_84_1307_value2,0.07185796518053407,0.9474395165963718
stresstest_91_4_value1,-7.707260916385694,0.9999917761074727
stresstest_18_307_value2,-10.0,0.9459295864083413
stresstest_19_773_value2,-6.0407689626595005,0.9233525080561018
stresstest_86_1121_value1,-7.497447005760225,0.8193695430410471
stresstest_80_492_value2,-10.0,0.9999928643300852
stresstest_56_478_value2,1.0468981157821031,0.6627297674713674
stresstest_12_497_neutral,-10.0,1.0000014571672404
stresstest_33_760_value1,-10.0,0.995422960464235
stresstest_57_304_value1,-10.0,0.8138647046690495
stresstest_34_480_value2,-10.0,0.8980131110399717
stresstest_23_815_value2,-8.321855735545276,0.6773044522436451
stresstest_80_524_value2,-0.654534409762018,0.9857619929881795
stresstest_37_1067_value1,7.086119086678994,0.8839333314542199
stresstest_6_23_value2,-10.0,0.9999656250421627
stresstest_65_66_value1,-4.832083440939152,0.9523849011368215
stresstest_99_1410_value2,-10.0,0.9939909739126269
stresstest_18_141_value1,10.0,0.9450137674420986
stresstest_82_248_neutral,-10.0,0.9332767799747184
stresstest_70_1372_neutral,-10.0,0.9675287613090053
stresstest_55_1134_neutral,-10.0,0.958852558915895
stresstest_59_310_value1,-7.498100802696197,0.7994587848564148
stresstest_0_1033_neutral,4.741660011186794,0.997913497876688
stresstest_92_1093_value2,-0.5802637128431696,0.5568130090673041
stresstest_3_889_value1,-6.402760219064116,0.685146851493591
stresstest_7_58_value2,-7.769894188948245,0.6743043155411642
stresstest_67_635_value2,-8.864257935478141,0.5632690474679101
stresstest_34_1036_value1,-10.0,0.9999970455920905
stresstest_97_413_value2,10.0,0.9971599859583302
stresstest_28_645_value1,7.983774982270003,0.5421387345679279
stresstest_52_1222_value1,-3.166939158079941,0.6701588582024275
stresstest_18_260_neutral,-10.0,0.9999965377086187
stresstest_77_565_value1,-10.0,0.929313074009359
stresstest_34_1013_value1,-5.352666190692406,0.993090566362818
stresstest_28_642_neutral,-10.0,0.9873940388720976
stresstest_36_1371_value2,-2.4786983380723715,0.876798615181814
stresstest_79_1350_value2,-10.0,0.9953191052951054
stresstest_55_991_neutral,-4.242382950591342,0.9118646491264312
stresstest_46_262_neutral,3.8826429351175484,0.8796210034957649
stresstest_23_537_value2,-5.904623777490562,0.9702543456058095
stresstest_86_1338_value2,0.4084702122679869,0.5222564182773496
stresstest_20_313_value1,10.0,0.9999999125755877
stresstest_88_386_value2,-10.0,0.9999828954493593
stresstest_42_1035_value1,-7.504253491482378,0.7917642609241379
stresstest_6_812_value2,-10.0,0.9999916730120937
stresstest_32_971_value2,-10.0,0.9217350911387497
stresstest_69_13_value1,-7.734998280201987,0.7669974971685258
stresstest_61_399_neutral,-1.430808394439134,0.6405249755742509
stresstest_34_1251_neutral,-10.0,1.000000187524997
stresstest_66_713_value2,2.5378047780791686,0.6725589621017345
stresstest_44_1221_value1,-5.479790571054827,0.9861147115158847
stresstest_44_280_value2,-10.0,0.9996492851700766
stresstest_4_726_value1,0.5576024205875211,0.6372226219861532
stresstest_68_178_value1,-10.0,0.9917083709738203
stresstest_20_1122_value1,-6.4572368579405595,0.8787423890354406
stresstest_0_438_neutral,-10.0,0.9999192277403675
stresstest_19_1312_value2,-10.0,0.9277811864512305
stresstest_6_130_value1,-10.0,0.9924842773958596
stresstest_29_1331_value1,10.0,0.9999913202508182
stresstest_40_1135_neutral,-6.510342194216689,0.925230835443967
stresstest_9_278_value1,10.0,0.9943933515820426
stresstest_98_1348_value2,-4.146386170200959,0.7948157149147596
stresstest_28_470_value1,-10.0,0.9850489197060712
stresstest_0_863_value1,-10.0,1.0
stresstest_80_457_value1,-2.8071322028383663,7.38905609893065
stresstest_28_842_value1,0.1790770815518792,0.9999395668310923
stresstest_50_236_neutral,-7.054067544652792,0.815301044379316
stresstest_29_851_value1,-7.343571837933777,0.8171596417967143
stresstest_95_1165_value2,-10.0,0.9930965301411454
stresstest_75_452_value2,10.0,0.9999999465221153
stresstest_1_878_value1,2.2952998995131586,0.9791800370551436
stresstest_93_748_value1,-5.817340665843368,0.9513450148628106
stresstest_57_1168_value2,-10.0,0.9604331245323654
stresstest_15_958_value1,-5.227643476584837,0.9159839199857285
stresstest_82_814_value2,-5.356827960093964,0.9931455661384095
stresstest_27_793_value1,-10.0,0.8397877650250469
stresstest_84_1088_value1,-10.0,0.8877498846168281
stresstest_53_146_value2,-10.0,0.9296811861559502
stresstest_88_1027_neutral,4.53515611995436,0.7180140347980112
stresstest_82_716_value1,10.0,0.9631471069861873
stresstest_19_620_value1,-10.0,0.9922519935315952
stresstest_7_1154_value1,10.0,0.9815976765068067
stresstest_0_1113_value2,-10.0,1.0000001016158762
stresstest_24_49_value2,-0.15279852506489622,0.8640343935176218
stresstest_97_215_value2,-6.52718921559559,0.6882779313690397
stresstest_0_1338_neutral,-2.6753603059282733,0.9958523408668827
stresstest_58_1049_value2,8.188574689244698,0.6847592460818729
stresstest_78_990_value1,10.0,0.956729677322852
stresstest_19_53_value1,-8.06295834136575,0.7176665664050863
stresstest_37_1038_value1,-6.078260046358969,0.916185004778484
stresstest_77_152_value1,-10.0,0.9859449860800823
stresstest_20_1358_value2,5.020538293250852,0.8308184339253962
stresstest_19_572_neutral,-6.1601115411060094,0.6212445134139469
stresstest_75_1277_value1,-0.03574725190484708,0.9319958321208388
stresstest_97_453_value1,6.226017453150174,0.778650890348048
stresstest_90_296_value1,-6.262504196571003,0.5200034746079135
stresstest_76_1197_neutral,-5.619584528740965,0.9112329131949181
stresstest_30_1257_neutral,-10.0,1.0000003457714999
stresstest_79_1406_value1,-6.7003234577055,0.9036534562524997
stresstest_43_187_neutral,-10.0,0.9930988417856538
stresstest_60_1089_neutral,-10.0,0.9364067012013471
stresstest_45_621_value1,-10.0,0.7690869588733821
stresstest_28_85_value2,6.716786726054538,0.5421937513912031
stresstest_20_94_value1,-6.443014374497211,0.919020818365064
stresstest_38_85_value1,-0.813909648807726,0.7503099241478484
stresstest_48_613_value2,4.520385437650068,0.5444876446628121
stresstest_37_446_neutral,-6.023091208031335,0.9684853071115312
stresstest_39_125_value2,-5.352159184815272,0.9930989570080639
stresstest_84_330_value1,-5.963687949251765,0.972506399389021
stresstest_33_814_value1,-10.0,0.9997991349618808
stresstest_61_684_neutral,-10.0,0.9999998468235034
stresstest_6_907_neutral,1.839299130933642,0.8415713164223555
stresstest_35_256_value2,-3.6740808509465457,0.8165751667069727
stresstest_70_689_value2,0.29040375004734365,0.4728518333052486
stresstest_40_72_neutral,-6.6624263710010485,0.6588252958809098
stresstest_77_463_neutral,-8.729286940508322,0.5871278440619543
stresstest_50_400_neutral,-5.801388334938258,0.9249495925412016
stresstest_11_392_value2,-10.0,0.6909482305365282
stresstest_86_835_value1,-10.0,0.9999969818229183
stresstest_77_4_value1,-7.5950675283792695,0.7862218093800653
stresstest_31_156_value2,-6.612251649387804,0.5725606798749416
stresstest_4_1215_neutral,-10.0,0.997153539929649
stresstest_37_357_neutral,-10.0,0.9787398585407292
stresstest_28_143_value1,-10.0,0.9930978800293684
stresstest_67_1256_neutral,-5.4559839423468155,0.9942595847527892
stresstest_18_1034_value2,-2.167916390158502,0.9774451241305908
stresstest_44_447_value1,-10.0,0.9973284557765529
stresstest_44_164_value1,1.328666174687034,0.47872081872719374
stresstest_19_377_neutral,-3.804904993050607,0.5837552676284261
stresstest_28_1448_value2,-7.124492583620883,0.8771213278561131
stresstest_31_542_neutral,-5.902532505104508,0.9709636062468084
stresstest_50_529_neutral,-10.0,0.9798183811382328
stresstest_78_1012_neutral,-6.210783934452594,0.9669861535141996
stresstest_97_203_neutral,-10.0,0.9955277668883155
stresstest_34_194_value1,2.038548858322342,0.9832820809271372
stresstest_63_838_value1,-8.167297009485635,0.5944408937878655
stresstest_15_317_value2,10.0,0.9999839281533611
stresstest_47_239_value1,-10.0,0.9291134346153396
stresstest_42_1385_value1,-5.447489612337311,0.9935647160544862
stresstest_36_1358_neutral,8.10982333295984,0.7042352990613129
stresstest_68_813_value2,-4.533077827413512,0.6251468245083538
stresstest_60_1109_neutral,-10.0,0.9498700244516999
stresstest_47_592_value1,-6.0355484392931364,0.9586678863430649
stresstest_70_1262_value1,-6.3988318027768765,0.701594173757334
stresstest_38_1107_value2,-4.521115722900343,0.6808226213477291
stresstest_18_789_neutral,-1.9813397481015824,0.8852955549428578
stresstest_69_1059_neutral,-2.570043448831546,0.8178135722850883
stresstest_86_882_value2,-10.0,0.9998220841373078
stresstest_78_121_value1,-10.0,0.9565969243556217
stresstest_56_1318_value1,2.1279347824107404,0.8409534593683814
stresstest_82_793_neutral,-10.0,0.9814754654386384
stresstest_42_868_value1,4.353437338900845,0.9313513562063648
stresstest_19_246_neutral,-5.397235022814334,0.9926607722827938
stresstest_96_773_value1,-7.66178922411428,1.0
stresstest_67_725_value1,-10.0,0.9108405655416605
stresstest_43_226_value1,-10.0,0.999999946919892
stresstest_12_939_value1,-10.0,0.9493122832972182
stresstest_25_684_value1,-10.0,0.925707142041201
stresstest_10_240_value1,-10.0,0.9999849143171982
stresstest_54_758_neutral,-2.2262874446468492,0.5556581359860925
stresstest_30_906_neutral,10.0,0.9710050766540634
stresstest_39_1136_value2,5.5933115396723165,0.5570468447489435
stresstest_86_645_value1,-10.0,0.9489443683805453
stresstest_82_413_value2,-2.0080871907943494,0.9756854607277944
stresstest_17_1061_value1,-10.0,0.9999692109793256
stresstest_44_328_neutral,2.7769290593828746,0.6877886120595206
stresstest_25_951_value1,2.050204494158875,0.9760567546799052
stresstest_73_187_value2,-3.4558190647611484,0.822361885490748
stresstest_29_427_value1,-7.169729819464926,0.8494507785536487
stresstest_27_308_value2,-6.607054653233782,0.6955507666681261
stresstest_89_480_value2,10.0,0.9997091244721292
stresstest_97_282_neutral,-8.161924842496232,0.6973406221622191
stresstest_79_222_value2,-7.891422121596831,0.7133522518354971
stresstest_9_1171_value1,-7.460575901898398,0.8357073071829831
stresstest_67_577_neutral,-6.04298666504821,0.9585932422985202
stresstest_85_236_neutral,-5.341861648436989,0.7890424681096434
stresstest_82_1253_neutral,10.0,1.0000010236789845
stresstest_81_41_value2,-4.464757148951149,0.8206752841595417
stresstest_38_1216_value2,-10.0,0.9964605916163423
stresstest_21_1205_value1,-10.0,0.9152328249866278
stresstest_2_344_value1,-7.801372859786388,0.7691880113295567
stresstest_51_1313_value2,-10.0,0.9997618824601753
stresstest_9_1464_value2,-10.0,0.999919444013327
stresstest_81_1434_value1,2.082929160064102,0.4847217294014855
stresstest_53_989_neutral,-10.0,1.000000139152008
stresstest_80_453_neutral,-3.7496930490885663,0.991843431425113
stresstest_96_1293_neutral,-10.0,0.9999490822747998
stresstest_72_661_value1,1.8967742110766936,0.8030436742407737
stresstest_33_584_value2,-7.735435825788364,0.7657586254879534
stresstest_92_178_neutral,-10.0,1.0
stresstest_7_1056_neutral,2.5538394611648596,0.9999973734251427
stresstest_65_1055_neutral,-10.0,1.0000001933889349
stresstest_95_890_value2,-1.878236144051722,0.4338073010055803
stresstest_47_611_value1,0.6739522520137793,0.8124610888711002
stresstest_17_208_value2,-10.0,0.9999999302739174
stresstest_90_1133_value1,-10.0,1.0000001885284133
stresstest_22_805_neutral,-6.617348196532565,0.8595809439007133
stresstest_59_956_value1,-7.428406195010868,0.8520182891977747
stresstest_55_1292_value1,-2.2440794953677474,0.631724724561172
stresstest_60_1324_neutral,3.613411768252934,0.9899658335435401
stresstest_89_1154_value2,-10.0,0.8428702377313674
stresstest_32_1288_neutral,-10.0,0.971910375929586
stresstest_18_547_value2,-10.0,0.9999924872341506
stresstest_43_576_neutral,-10.0,1.0000006853524022
stresstest_33_1077_value2,-2.4396115653669406,0.5324857608766599
stresstest_11_818_value2,-5.254644484408467,0.6632265851723793
stresstest_43_161_neutral,-10.0,0.8457032294344219
stresstest_18_739_value1,-10.0,0.9985340622877577
stresstest_80_916_neutral,-5.352653547589273,0.9930920911269253
stresstest_25_392_value1,-3.164395645601365,0.6949053433555111
stresstest_93_590_value1,1.0218103578239905,0.4566782819458459
stresstest_67_1459_value1,-3.6695445573353416,0.7045420486313081
stresstest_87_1317_value2,4.442719786271216,0.5262154019652254
stresstest_12_521_value2,-5.922826187342335,0.9695076338023007
stresstest_91_638_neutral,-6.3808179742075595,0.5581719041004398
stresstest_38_1066_value2,0.01275469391281034,0.9991760306804507
stresstest_19_707_value1,-10.0,0.9056644232057114
stresstest_26_325_value2,-10.0,1.000000250124349
stresstest_41_1017_value2,-10.0,0.9997756196781766
stresstest_21_264_neutral,-2.5633210983775903,0.9942214587919856
stresstest_96_1030_value2,-10.0,1.0000997458932765
stresstest_72_133_value1,-10.0,0.9999998175076584
stresstest_55_399_value1,-8.570542524145285,0.6107082359071193
stresstest_31_834_value1,10.0,1.0037108944140767
stresstest_65_959_neutral,-7.032586370078093,0.8691834519715921
stresstest_70_125_value1,-6.9894663172492,0.8049414223204074
stresstest_92_1164_neutral,-10.0,0.9876694150912981
stresstest_45_63_value1,1.7479720406388832,0.7494237071538238
stresstest_86_466_value2,-10.0,0.9755170071851175
stresstest_31_712_value2,-7.105631690046016,0.6250600340906021
stresstest_61_565_neutral,-10.0,0.8445948493672333
stresstest_78_480_value2,-10.0,1.0
stresstest_84_1248_value1,-10.0,0.9572898616765597
stresstest_54_887_value2,-1.7360948063524326,0.8081733618137812
stresstest_12_741_neutral,-7.087687718600255,0.852203778922492
stresstest_27_509_neutral,-10.0,0.9224245196606818
stresstest_24_1170_value2,-10.0,0.9149561435492726
stresstest_33_1360_value2,-10.0,1.0
stresstest_31_902_value1,-10.0,0.8968987682911452
stresstest_62_1116_value2,4.217257427476838,0.6820760584099597
stresstest_84_399_value2,-10.0,0.9534000364268492
stresstest_14_273_neutral,-10.0,0.9236578312876331
stresstest_39_1086_value2,3.520850739589541,0.7074270179983326
stresstest_81_797_value1,-6.978933013810035,0.8816281274735592
stresstest_49_148_neutral,-10.0,0.8607830863138464
stresstest_80_1193_neutral,-5.394107076526581,0.9927289543341503
stresstest_96_581_value1,-0.009677990485763526,0.9982594002613889
stresstest_93_884_neutral,-10.0,0.9658679663693999
stresstest_99_705_value1,-10.0,0.9755168866012749
stresstest_72_1072_neutral,-7.66178922411428,1.0
stresstest_42_975_value1,-10.0,0.9115780365944354
stresstest_93_462_neutral,-10.0,0.855278764916367
stresstest_15_1247_neutral,-10.0,0.7622526474701912
stresstest_13_43_value1,-10.0,0.9817860942176924
stresstest_80_1462_neutral,10.0,0.9216624641969767
stresstest_34_1199_value2,8.8354415724675,0.5718491063872551
stresstest_38_656_value1,-10.0,0.97869191781564
stresstest_80_330_value2,-10.0,0.9349990655233009
stresstest_45_775_value2,-10.0,0.9583653929930681
stresstest_78_1210_value1,-5.266341862452265,0.8598159438335636
stresstest_12_1410_neutral,-10.0,0.9055990800223184
stresstest_2_663_neutral,-10.0,0.9817748172343533
stresstest_29_283_value1,3.475068073596991,0.9846615964848922
stresstest_79_1448_neutral,-10.0,1.0
stresstest_38_795_neutral,-7.482102519613824,0.826716757514296
stresstest_62_450_value1,-1.5817244644535835,0.988228526843451
stresstest_69_1397_neutral,7.661791486217878,0.9999999989599628
stresstest_39_857_value1,1.4116712483258604,0.6835764611739599
stresstest_10_1356_value1,-4.43744750197169,0.6858085484455828
stresstest_66_297_value2,10.0,0.9918283732914902
stresstest_23_857_value2,-3.2525166544249187,0.9957944043368558
stresstest_58_55_value1,-10.0,1.0000001776508793
stresstest_41_287_value1,-10.0,0.9259506578546347
stresstest_75_578_neutral,-10.0,0.939024955367186
stresstest_81_279_value2,-7.695296499901505,0.6890250072433775
stresstest_94_0_neutral,-5.563703074923641,0.7627461366026183
stresstest_96_772_value1,-10.0,0.9982908475859973
stresstest_16_844_value1,-0.32743007169561406,0.7756814011744714
stresstest_86_1456_value2,10.0,0.9999309906732595
stresstest_77_763_value1,-5.005376659870279,0.949682003255601
stresstest_54_847_neutral,-6.948219456596956,0.877367173952797
stresstest_1_1328_value1,-10.0,0.8744278232657203
stresstest_60_954_neutral,-10.0,0.9712288485635143
stresstest_47_1275_neutral,-2.7518456244147793,0.9949847386883915
stresstest_81_1173_value2,10.0,0.9459247736506634
stresstest_39_221_value2,10.0,0.9947614572327105
stresstest_9_1422_value1,10.0,0.8561009957715265
stresstest_86_809_value2,4.870688775113765,0.5494021041301851
stresstest_87_399_value1,-5.017993682637928,0.805866680302326
stresstest_21_293_value1,2.3583770363157277,0.9983212623294002
stresstest_51_1388_value1,-6.502448289777167,0.9215249236201986
stresstest_22_1449_neutral,-10.0,0.9925942008900389
stresstest_78_234_value1,-5.352161390922433,0.9930974135037303
stresstest_45_210_value1,-3.3064444822624943,0.8915851908571881
stresstest_23_531_value1,5.352624678660614,0.9930937042146258
stresstest_69_125_value1,-7.17194932214738,0.837141510171571
stresstest_74_138_value2,5.356732513511635,0.9930223036331324
stresstest_73_470_neutral,-10.0,0.8786657611611962
stresstest_5_969_value2,6.136179718974177,0.9565322028867079
stresstest_16_442_value1,-8.301209519678514,0.6698544049191442
stresstest_60_559_neutral,3.373866251695414,0.6232559048135655
stresstest_10_1395_value2,-10.0,0.7918438017845156
stresstest_28_1467_neutral,-10.0,0.8746947639211115
stresstest_15_1447_value2,8.976791752673988,0.9977274779038912
stresstest_82_177_value2,-1.977330612719653,0.7786281676385561
stresstest_22_735_neutral,-10.0,0.98164698703793
stresstest_94_164_value1,-7.837409519541351,0.7494293205198665
stresstest_68_277_neutral,-10.0,0.9998481031004695
stresstest_87_820_neutral,1.366202092424137,0.5944461731546672
stresstest_60_1153_neutral,-4.976177448257437,0.9854766744944725
stresstest_37_1436_neutral,-10.0,0.8413709915773918
stresstest_49_697_neutral,-7.4979372489387135,0.8171765559850037
stresstest_37_1278_value1,-2.5383220202545074,0.8546765007197679
stresstest_30_533_neutral,-10.0,0.9999999903981999
stresstest_78_736_value2,-10.0,0.9999560259206722
stresstest_84_727_neutral,-10.0,0.995488395208314
stresstest_89_487_neutral,1.770546360773314,0.9980911337898999
stresstest_96_875_neutral,-10.0,0.9383807116370401
stresstest_42_869_neutral,-3.840041194905722,0.7418577850915147
stresstest_30_578_neutral,-10.0,0.960599807222831
stresstest_31_443_value1,-10.0,0.9561820623016498
stresstest_84_49_neutral,-10.0,0.8472089902334017
stresstest_28_1280_value2,-5.288313715367499,0.9462092124188525
stresstest_5_110_neutral,10.0,0.8038294806676884
stresstest_64_1150_neutral,-5.776777152880324,0.742148952175257
stresstest_58_263_value2,-7.66178922411428,1.0
stresstest_25_1430_value2,10.0,1.0
stresstest_4_1403_value2,-8.107169400078758,0.7013414276050651
stresstest_22_691_neutral,7.661792029422724,0.9999999922872053
stresstest_0_279_neutral,7.66178922411428,1.0
stresstest_71_763_value1,2.6345106711852733,0.9982352248584603
stresstest_38_324_value1,-0.2745666883748456,0.6440749439018404
stresstest_65_485_value2,-6.0940024537474065,0.7207684855992449
stresstest_53_1069_value1,1.5308020844154997,0.600522618923628
stresstest_23_227_neutral,-10.0,0.9930962134374637
stresstest_51_1397_value1,-10.0,0.9752057606794969
stresstest_2_1384_value1,1.0674965668769694,0.713833450997169
stresstest_85_881_value2,4.923931541297808,0.8914319708799912
stresstest_49_548_value2,-1.107114675950358,0.9584705482259822
stresstest_4_649_neutral,-3.4622696726066624,0.5599868192519578
stresstest_7_354_value1,-10.0,0.9183121678988811
stresstest_34_1131_value1,-10.0,0.9378103370720908
stresstest_70_1128_value1,-10.0,0.9356838212821371
stresstest_93_50_value2,-6.142038957661955,0.5852675133022135
stresstest_56_201_value1,-7.3624607105326865,0.5817940153130915
stresstest_91_716_value1,-6.052561464080347,0.94894943725997
stresstest_34_28_value1,-5.423901584601718,0.7715269517354727
stresstest_59_1020_value1,4.05203566581921,0.770568786251522
stresstest_91_1010_value1,-8.77250979540568,0.5869936511794919
stresstest_94_128_neutral,-10.0,0.9978334069577423
stresstest_22_407_value1,-10.0,0.7346403067940894
stresstest_92_132_value2,-6.929660881817264,0.8721511868467138
stresstest_99_495_value1,-6.436157529934185,0.9340436495200555
stresstest_63_236_neutral,-10.0,0.9196108572881181
stresstest_89_718_neutral,-7.240546144278885,0.8383490298300779
stresstest_77_160_neutral,-4.940890703633789,0.9909105223384731
stresstest_65_939_neutral,-10.0,0.9955200601786358
stresstest_39_1276_value2,-7.474778232537613,0.731344209400658
stresstest_16_1296_value1,6.8596584534138385,0.8835624731209366
stresstest_60_512_neutral,-10.0,0.9845176944531591
stresstest_38_551_neutral,3.8170172711587775,0.5220147226521408
stresstest_9_283_value1,-5.667039509153069,0.5805629165193575
stresstest_16_1157_value1,-7.42775739121399,0.8117257411081893
stresstest_81_669_neutral,-10.0,0.9655680772192204
stresstest_96_1297_neutral,-5.193661870586826,0.8736948475998608
stresstest_9_936_neutral,-3.5033488899965897,0.9726156394631366
stresstest_38_975_value2,10.0,0.9841691205634653
stresstest_82_779_neutral,-10.0,0.8990078887053647
stresstest_18_539_neutral,-10.0,0.9999924901638754
stresstest_9_480_value1,-5.25212191818284,0.5859602004173166
stresstest_80_149_neutral,-10.0,0.96337352099568
stresstest_53_27_neutral,-10.0,0.9930985856957332
stresstest_76_607_neutral,-4.342125304151212,0.9943127176104063
stresstest_18_1078_value1,-6.492889431976936,0.9390281257127746
stresstest_39_1009_value1,-10.0,0.7429671177801835
stresstest_60_1247_neutral,-7.397845392291924,0.8184907220652253
stresstest_92_306_value1,-2.5489488151150987,0.9997777172160645
stresstest_88_1029_value2,-10.0,0.7233055422152563
stresstest_89_442_value2,-10.0,0.9960542740346339
stresstest_96_879_value2,-6.285796683648164,0.8944211545535771
stresstest_29_35_neutral,10.0,0.8301314027088192
stresstest_27_225_neutral,-10.0,1.000000886635936
stresstest_86_52_neutral,-10.0,0.9990963866113352
stresstest_39_617_value1,5.817331168597488,0.9796352420064856
stresstest_6_582_value1,-10.0,1.0000003844097922
stresstest_5_365_value2,0.827525505930939,0.5806368570425532
stresstest_25_288_value2,-6.441686151665967,0.6831606033530644
stresstest_52_1014_value1,-10.0,0.9999792052386883
stresstest_89_187_value1,-6.130348757288009,0.9262400119819051
stresstest_13_1205_value2,-10.0,0.9650422108239696
stresstest_52_492_value1,-10.0,0.7777559096281671
stresstest_57_683_value2,-10.0,0.8535078240508189
stresstest_63_53_neutral,-7.297485702733712,0.844787550405508
stresstest_63_1466_value2,-6.513063622287137,0.9107221844287562
stresstest_27_306_neutral,-10.0,0.9313123757171614
stresstest_50_1193_neutral,-3.3733015559300488,0.9929192194767487
stresstest_21_70_neutral,-7.1179535894517825,0.871809053920827
stresstest_67_1343_neutral,-10.0,0.8963524394791295
stresstest_17_786_neutral,-10.0,0.8020764303516674
stresstest_90_1122_value2,-4.2092977367882645,0.8075823792654816
stresstest_34_767_neutral,-8.4963920546635,0.6288303107291453
stresstest_34_59_neutral,-10.0,1.0000005201939977
stresstest_34_1346_neutral,-6.4751602238976185,0.927395701158683
stresstest_93_30_neutral,-8.057605093543545,0.915315571243212
stresstest_51_1107_value1,4.990554187758194,0.5234713276823653
stresstest_31_357_value2,4.102044434994595,0.9901365597489056
stresstest_23_245_value2,-7.782050852179806,0.9774317327702993
stresstest_57_357_value1,-10.0,0.9879273370666976
stresstest_67_1113_value2,-10.0,0.988930749700889
stresstest_87_476_value1,-5.187170120633744,0.8613671949623943
stresstest_59_427_neutral,-3.3779919318161373,0.8597096903311658
stresstest_90_920_value2,-10.0,0.9184288554247937
stresstest_23_1435_value1,-10.0,0.988061819141419
stresstest_60_588_value2,4.8510080537487505,0.4652254992542442
stresstest_71_1472_neutral,-10.0,1.0
stresstest_14_852_neutral,-0.6822728964932231,0.9883476792050895
stresstest_7_479_value2,-7.761342652522488,0.7533681426832499
stresstest_85_1142_neutral,-10.0,0.9999968242073358
stresstest_97_1253_value1,6.695487365326521,0.7721548281758918
stresstest_43_204_value1,-10.0,0.8868592974886078
stresstest_23_1151_neutral,-10.0,0.9999834568076752
stresstest_23_896_value1,-5.393660147268428,0.9926900357467515
stresstest_35_502_neutral,4.539743173590287,0.8979559127689104
stresstest_22_282_value2,-10.0,1.0000006281661467
stresstest_73_1298_neutral,-10.0,0.7018834718261618
stresstest_53_480_value1,-8.110300734502074,0.7004465095718723
stresstest_70_1299_value1,-7.698780726394123,0.9999997330543692
stresstest_29_464_value2,5.909859362482802,0.9685021537283657
stresstest_67_463_value1,-5.6693484480327845,0.9528745266604433
stresstest_27_1117_value1,-10.0,0.9999982996447278
stresstest_2_77_neutral,-10.0,1.0
stresstest_2_115_value2,-10.0,0.7517254298958471
stresstest_54_742_neutral,-10.0,0.9323917773360307
stresstest_41_1390_value2,-7.092313419669796,0.6187321907950681
stresstest_32_882_value1,-4.10377064706075,0.6408853593581343
stresstest_61_94_value2,-10.0,0.992725167022605
stresstest_28_988_value1,6.720606318925989,0.8997883336629877
stresstest_3_190_neutral,-5.701018462631313,0.9773676357569187
stresstest_25_176_value1,-6.134758573543874,0.9243783828786077
stresstest_79_171_neutral,-6.885329408071969,0.877334136820705
stresstest_4_353_neutral,-10.0,0.9885180388079474
stresstest_47_94_neutral,-10.0,0.999772060131341
stresstest_94_1272_neutral,7.881812167604205,0.5046099422408377
stresstest_12_38_value2,-10.0,0.9999848356984565
stresstest_81_819_neutral,-5.679641408354917,0.7495740306141764
stresstest_41_1156_neutral,-4.137282480251702,0.9331238416481634
stresstest_96_366_value2,-10.0,1.0000003617805697
stresstest_63_356_value2,-10.0,0.9971726478492523
stresstest_88_27_neutral,-7.184764362949152,0.7697288038400624
stresstest_6_1292_value2,1.9157600318846304,0.9822949145406468
stresstest_56_283_value1,6.036216012360189,0.9292053398247833
stresstest_34_414_neutral,-5.387000914143643,0.9884673345495293
stresstest_8_547_value2,-4.61859894770368,0.9379676557413595
stresstest_46_827_neutral,-10.0,1.0
stresstest_30_226_value1,-8.204952980867326,0.698613168299413
stresstest_29_609_neutral,-5.574777235139513,0.7458498925445336
stresstest_15_74_value1,-10.0,0.8426081047850923
stresstest_89_1437_neutral,-10.0,0.9206302878425983
stresstest_33_652_value1,-10.0,0.9550492952516918
stresstest_66_1058_value1,-2.2027739616069937,0.9252454786278846
stresstest_68_728_neutral,-1.0092693742600474,0.5424567974357734
stresstest_70_1066_value2,10.0,0.9845146077496907
stresstest_55_625_value1,6.190753273494909,0.9593493935021122
stresstest_98_1399_value2,-0.8528337728177695,0.8378032091240617
stresstest_99_722_value1,-10.0,0.9020815975928036
stresstest_52_103_neutral,-10.0,0.9999997661241755
stresstest_4_150_value1,-10.0,0.8740578612518914
stresstest_36_203_value2,2.004465756766268,0.46599423168882875
stresstest_74_66_value1,3.4622849810943346,0.6264459239765653
stresstest_37_1003_neutral,-8.901766643823958,0.9996875896420192
stresstest_7_914_neutral,-10.0,0.8413445040555385
stresstest_76_969_value1,-10.0,0.9990452329212971
stresstest_72_985_value2,10.0,1.0
stresstest_10_1152_neutral,-8.56621024274727,0.6154594918492783
stresstest_75_1448_neutral,7.941021849179209,0.7280448073950767
stresstest_68_1210_value1,-10.0,0.7950734662334216
stresstest_76_957_value1,3.410544133735186,0.9260440149607807
stresstest_6_1211_value1,6.650713330201307,0.5404032270954552
stresstest_69_553_neutral,-10.0,1.0000001923626125
stresstest_43_443_value1,-10.0,0.7194237023351577
stresstest_63_548_value2,9.786044991428911,0.7356958382442487
stresstest_77_120_value1,-10.0,0.999999260637794
stresstest_4_267_value2,-9.914634665045627,0.9881298453565809
stresstest_52_1107_value1,-1.1053514087120364,0.8342239273387767
stresstest_1_876_neutral,0.8077296469212112,0.981351157851083
stresstest_41_791_neutral,4.149366951688949,0.9992739202727282
stresstest_51_51_value2,2.6125337345053,0.7233438990006688
stresstest_9_335_value2,-6.561009745368425,0.9473209316106566
stresstest_15_1270_value2,3.4717924997516505,3.79131683972057
stresstest_12_2_value1,-10.0,0.9995414161264102
stresstest_46_326_value1,-7.66178922411428,1.0
stresstest_60_889_value2,7.117990995067153,0.516260016288698
stresstest_54_1201_neutral,-5.950475632714219,0.717785343231504
stresstest_65_1135_neutral,-10.0,0.9999898633323671
stresstest_19_823_value1,2.0791121945890696,0.8965157861472057
stresstest_90_1412_value2,1.5334693836437439,0.673057496275672
stresstest_95_992_value2,-5.53126212210708,0.9915441200490576
stresstest_25_782_neutral,-3.9119614522037076,0.8636493071540627
stresstest_57_896_value2,-10.0,0.9999505074609875
stresstest_67_465_value2,-6.709858672511267,0.8960549644073555
stresstest_94_389_neutral,-10.0,1.0000001924816058
stresstest_89_65_value1,-10.0,0.9999407964931397
stresstest_60_653_neutral,6.012264606602972,0.5696127473777681
stresstest_19_900_value2,-3.858404682505676,0.5194644665001149
stresstest_4_999_value2,-10.0,0.9598089798613959
stresstest_25_512_value1,-10.0,0.8173308624841921
stresstest_33_8_value1,-10.0,0.9434005300256647
stresstest_2_414_neutral,10.0,0.9710051838471845
stresstest_9_1452_neutral,-10.0,0.9999999534799164
stresstest_21_257_value1,-7.806085524488721,0.9999979728412592
stresstest_7_329_value2,7.132436778626614,0.6036392258565638
stresstest_29_73_neutral,-10.0,0.9941626110607124
stresstest_94_75_value1,6.589201596361585,0.7387818362598882
stresstest_54_149_value1,-6.550207938505019,0.8234970069548393
stresstest_61_530_value1,-6.71181801052336,0.9086505836175051
stresstest_37_1033_neutral,4.419158756421258,0.6781103608176223
stresstest_38_763_value2,-4.034286403312013,0.9204031345907098
stresstest_84_708_value2,-6.941515833932548,0.5932294383745065
stresstest_3_1123_neutral,-6.241642944086127,0.8111505013714446
stresstest_96_446_value1,-10.0,0.9363042113968602
stresstest_59_1377_value2,-7.200198849432276,0.7714425375077063
stresstest_79_913_value1,-10.0,0.973201082439207
stresstest_70_999_value2,-1.9550746321048835,0.9830949611831843
stresstest_45_1138_neutral,-10.0,0.9856048291654486
stresstest_72_23_value1,0.4813322193895205,0.9327726899622562
stresstest_34_424_value2,-5.3955749567223625,0.9927080792104555
stresstest_60_826_neutral,-6.704218718497634,0.5557046935632549
stresstest_89_17_value2,-2.611203758864638,0.9199202206177798
stresstest_41_1314_value1,-6.813680351392594,0.8918161880783514
stresstest_98_132_value1,-10.0,1.0000002912910653
stresstest_97_977_value2,2.3698627483706933,0.8070593374235725
stresstest_72_1331_value1,-10.0,0.9817741544526845
stresstest_66_1470_value1,10.0,0.642680984132674
stresstest_73_392_value1,-6.42173033042761,0.8498607177426868
stresstest_23_729_value1,-7.10845356617448,0.8692625769257764
stresstest_10_280_value2,-7.520517894774153,0.5642514923130878
stresstest_80_740_neutral,-10.0,0.8271308909793778
stresstest_5_613_value2,5.209052808359016,0.8131283662328915
stresstest_40_144_value2,-2.5585579639395424,0.9991000133879969
stresstest_24_979_value1,-2.7100756107536355,0.9993099238228782
stresstest_75_744_value1,4.203201891578967,0.987370728695315
stresstest_28_150_value2,7.765408682172885,0.5586322234028601
stresstest_80_329_value2,-2.929277656135416,0.9865331788405014
stresstest_89_560_value2,1.7184324122030616,0.9859945935362765
stresstest_6_1304_neutral,-5.5267041574031985,0.9768871677911243
stresstest_53_351_value1,-4.73072044085108,0.6737913313946321
stresstest_37_23_neutral,-10.0,0.7861432898203168
stresstest_72_221_value2,5.043282385220305,0.9222111353253579
stresstest_47_1268_value2,2.7378318064360654,0.9437161431001442
stresstest_66_1295_value2,-5.361432803987273,0.9929680494458613
stresstest_33_1009_value1,7.30747031670419,0.8381726530552175
stresstest_22_1040_value1,-4.159084228195439,0.9990148037772392
stresstest_71_1133_neutral,-10.0,0.9296497179735203
stresstest_35_64_value1,-6.832258837516171,0.8313543508782004
stresstest_79_593_value1,-4.668424445776635,0.8420137142576181
stresstest_2_1024_value2,-10.0,0.8815523914473549
stresstest_18_750_value2,-10.0,0.9477632942970684
stresstest_5_811_value2,3.973396151565264,0.9856631185831368
stresstest_42_911_value1,-4.67469999628622,0.9083213123251054
stresstest_23_761_neutral,-10.0,0.8604224626024115
stresstest_19_159_value1,-6.293947917888878,0.6571332561265009
stresstest_34_832_value1,-6.8683490394451585,0.9097045577257089
stresstest_79_418_neutral,-8.431936014379534,0.627513150708384
stresstest_99_1380_neutral,-1.839541666943618,0.8171528608157811
stresstest_95_783_neutral,-5.415952822272344,0.9923455859816851
stresstest_84_570_value2,-2.630005812427208,0.9982688672524966
stresstest_33_596_value2,-10.0,0.9851887850974514
stresstest_84_84_neutral,-10.0,1.0
stresstest_6_1320_neutral,-10.0,0.981714741415171
stresstest_63_1106_value1,-1.2147921761996716,0.9867042552236928
stresstest_99_706_value2,-6.870058612904337,0.5462966833793117
stresstest_46_918_value2,-1.2614258981743027,0.9826706408845334
stresstest_96_365_value1,-7.838959121458114,0.7562623770519331
stresstest_94_1159_value2,-10.0,0.8697441268046092
stresstest_42_895_neutral,-10.0,0.9999976175471139
stresstest_49_671_value2,-7.389475433553208,0.8220014755214454
stresstest_87_109_value1,-6.2790345790843025,0.9436658777789937
stresstest_9_652_value2,-4.241276197736409,0.8572954966923857
stresstest_27_1454_value2,4.549556781395861,0.6225256907471346
stresstest_40_380_neutral,-10.0,0.9891937763939291
stresstest_21_36_neutral,-5.360560187673229,0.9917502063242378
stresstest_71_1060_value2,-10.0,0.9592269007913977
stresstest_82_726_value1,6.982975844906051,0.8714213224399715
stresstest_81_661_value1,-5.986092311607316,0.724070692567888
stresstest_64_418_value2,-10.0,0.9999987437611374
stresstest_65_940_neutral,7.66178922411428,1.0
stresstest_28_224_value1,-10.0,0.9999533044491278
stresstest_21_722_value2,7.66178922411428,1.0
stresstest_77_933_neutral,6.843224378135064,0.6470268374919635
stresstest_93_1014_neutral,-10.0,0.9971151519119532
stresstest_81_1385_neutral,-1.9118504986898872,0.9860909326589485
stresstest_77_1114_value1,-6.818387447339339,0.8290445814461849
stresstest_52_788_value1,-3.4873032356736253,0.9822632045512814
stresstest_32_614_value1,-10.0,0.901077068169279
stresstest_64_433_value1,-7.097010806747554,0.854140727934384
stresstest_70_546_value2,-7.651285494626583,0.6758086348300456
stresstest_5_1329_value1,-10.0,0.9719982181193767
stresstest_58_980_value2,-7.855808156737317,0.7409931851437656
stresstest_54_38_neutral,-10.0,0.9521017745849378
stresstest_4_158_value2,-10.0,0.8361445939825753
stresstest_27_540_value1,0.8626172488591628,0.9954258273256055
stresstest_57_666_value1,-10.0,0.9967227348230505
stresstest_5_1005_value2,-10.0,0.9930966155518587
stresstest_15_791_value2,-5.986236624817104,0.6169555469730814
stresstest_35_2_neutral,2.2623503816217156,0.991148101833932
stresstest_93_579_neutral,-10.0,0.9957252279779444
stresstest_2_89_value2,-10.0,0.9759169194208497
stresstest_46_161_value1,-6.428737785968752,0.9666094050680843
stresstest_13_798_value2,-10.0,0.8110750945185264
stresstest_9_70_value1,10.0,0.6132053458460376
stresstest_77_517_value1,-10.0,0.9799056086521092
stresstest_53_1268_neutral,-0.792608273034396,0.9808316546654913
stresstest_14_1335_value2,-7.080311206003524,0.85127306316198
stresstest_41_704_value1,-10.0,0.6865731744900412
stresstest_38_1109_neutral,-5.923111673765668,0.9719421149176993
stresstest_27_905_value1,2.733155736192389,0.8960882411220275
stresstest_59_579_neutral,-10.0,0.8646159649107519
stresstest_48_298_value1,-3.084033349339768,0.5599337537900484
stresstest_22_538_value1,-2.6753656094300773,0.9933084541362983
stresstest_82_1441_neutral,-2.553929747176222,0.9999999913701874
stresstest_2_289_neutral,-2.139103303750077,0.9993383692680116
stresstest_82_149_neutral,-2.87342656548927,0.47428577737066624
stresstest_14_500_neutral,-10.0,1.0
stresstest_31_582_value2,-2.4608269942155254,0.9840131497073151
stresstest_14_410_value2,-10.0,0.9296451364555082
stresstest_39_1174_value2,-7.406879663966893,0.8107045616475278
stresstest_13_11_neutral,-10.0,0.9998785561163822
stresstest_67_177_value2,-5.118129736446945,0.99574736868289
stresstest_58_778_neutral,5.479051229254835,0.7628861384231828
stresstest_24_811_value2,-4.222376592607891,0.8153236830769509
stresstest_61_829_value1,10.0,0.972484887929063
stresstest_81_560_neutral,-2.3181618645376334,0.999824110981273
stresstest_64_381_value1,-2.3212175613338135,0.7317900737231927
stresstest_51_697_value1,-10.0,0.9388062350271623
stresstest_34_479_value1,-3.4289717361048297,0.7350322165244348
stresstest_24_584_value2,-10.0,0.9939239896752271
stresstest_42_1180_value1,3.6400511756700595,0.9999380119658714
stresstest_6_282_neutral,-7.91397583126489,0.7405020051610678
stresstest_86_1317_value1,-0.3396792885121521,0.902311272957341
stresstest_39_772_neutral,2.785913598714898,1.0000039054259215
stresstest_3_886_value2,-10.0,0.983848314496943
stresstest_43_1367_value2,-7.314240615463777,0.7529299003843457
stresstest_83_1176_value2,0.37139017837466287,0.8889820044323111
stresstest_56_1408_neutral,-6.853579621540385,0.7884062761757173
stresstest_59_263_neutral,-10.0,0.9100384048291154
stresstest_36_631_value1,-3.5267233771444593,0.867179774928921
stresstest_99_157_value2,-3.9138507243187353,0.8809623061720261
stresstest_14_1269_value1,-3.6835659934840024,0.893892788852894
stresstest_34_385_neutral,-10.0,0.8986958118039903
stresstest_57_192_value1,-8.326461139764593,0.6641233805881379
stresstest_26_1123_value1,-10.0,0.8986022387815995
stresstest_25_473_value2,-6.887660863911756,0.6661682485484501
stresstest_15_1353_neutral,-10.0,0.931269077607597
stresstest_60_1447_value2,-7.283580653511906,0.7490849675573555
stresstest_80_1244_value1,-4.340131007746624,0.6040086391927375
stresstest_84_57_value1,4.856323072589168,0.788685992613496
stresstest_32_564_value1,7.355095627513775,0.5802062633299501
stresstest_14_680_value1,-0.09241147257032269,0.6777597256180159
stresstest_43_939_value2,-7.122883104484066,0.6347023248937868
stresstest_86_1385_neutral,2.888396401628272,0.7957878046869982
stresstest_83_1109_value1,1.7804300546035177,0.7212262413910986
stresstest_7_932_value1,-2.1961307424626897,0.9137307900412512
stresstest_28_188_value1,-10.0,0.9129304779302114
stresstest_3_669_neutral,-6.15372038417697,0.9416222396099916
stresstest_25_138_value1,4.402986702773368,0.654522468587969
stresstest_50_1353_value1,-0.014814727158169096,0.9991093268588098
stresstest_68_351_value2,10.0,0.9928744285881542
stresstest_17_229_value1,10.0,0.898204043346318
stresstest_47_79_value1,-1.9729824178386075,0.9648481643772926
stresstest_84_523_value2,-6.552334724768957,0.8873413275544807
stresstest_80_267_value1,-10.0,0.9840636298267575
stresstest_29_928_value2,-4.095619150813589,0.86606970124296
stresstest_88_102_neutral,-5.528424236510168,0.7562013510452315
stresstest_10_1174_neutral,10.0,0.6568532619216093
stresstest_29_209_neutral,-2.5104434055000646,0.9479790849638491
stresstest_45_1105_value2,-10.0,0.9628661273450918
stresstest_71_1343_neutral,-10.0,0.9533337609256737
stresstest_75_942_value2,-10.0,0.9927890350812852
stresstest_13_966_neutral,-7.679387406984264,0.8041312573584225
stresstest_76_1446_value1,6.629166154373217,0.5549495794632149
stresstest_27_560_value2,8.725810479397712,0.49928679705960455
stresstest_43_594_value2,6.410639155070439,0.9349057722844812
stresstest_23_618_value2,-3.2402063941626227,0.949771617717858
stresstest_1_616_value1,-3.894816128662021,0.7827402212486325
stresstest_51_768_value1,5.361918321256544,0.992838281556162
stresstest_30_1125_value2,-5.616383281837178,0.7619764822844234
stresstest_29_935_value1,5.283075783602687,0.8005683350097081
stresstest_42_657_value1,5.575523049151702,0.9923033011549209
stresstest_87_443_value1,-7.190745272574057,0.8526553354696454
stresstest_98_617_value2,-3.5713659772119755,0.9024027809342259
stresstest_43_921_neutral,-10.0,0.9999974923435804
stresstest_20_957_value2,0.019605316394509537,0.5412178155360792
stresstest_4_82_neutral,-10.0,0.8030970696312603
stresstest_84_290_neutral,-2.852130800671693,0.9101716702948485
stresstest_59_45_value1,-10.0,0.9999502703705142
stresstest_54_346_neutral,-1.429292851734986,0.746962196584849
stresstest_93_1105_value2,3.2212491514362354,0.6068593947929485
stresstest_90_280_value1,-5.352351713433856,0.9930958065620434
stresstest_57_429_neutral,2.5538024165212168,0.9999955001992986
stresstest_54_901_value1,-7.074009092740536,0.8598810511119145
stresstest_28_103_neutral,-6.1987086898557395,0.9574077470377541
stresstest_32_59_value1,-6.471900513579257,0.9070452788613363
stresstest_78_550_neutral,-10.0,0.9999941910507496
stresstest_10_148_value1,-8.12912891098107,0.6888039219227751
stresstest_98_359_value1,-6.505179611523987,0.8779466737180391
stresstest_10_1250_value1,-10.0,0.9529205333104628
stresstest_40_272_neutral,-5.009650344817712,0.8153353727633226
stresstest_68_412_neutral,10.0,0.9267335455697514
stresstest_2_15_neutral,-10.0,0.9910090060767037
stresstest_56_335_value2,-6.705439486090519,0.88453047724536
stresstest_14_648_value2,5.36525677135312,0.5690987419250397
stresstest_34_1132_value1,4.5682576419257925,0.50876925031124
stresstest_63_1439_neutral,6.081187424212067,0.960181829270665
stresstest_89_1253_value1,-4.645498090174196,0.86437417588455
stresstest_17_1136_value1,-8.767654619354186,0.586286869540437
stresstest_10_319_value2,-0.5142563646058907,0.606160471917658
stresstest_26_650_value1,-7.010611322311614,0.8701764700379352
stresstest_5_321_neutral,-5.379258103361484,0.9926992129270666
stresstest_4_402_neutral,-5.432404615211546,0.9773118139514322
stresstest_43_1435_neutral,-7.75654310615958,0.7564061642137959
stresstest_86_824_neutral,-10.0,0.9832995094778791
stresstest_69_218_neutral,-6.768418559338717,0.7227746261792989
stresstest_15_806_value1,-1.8519328968872133,0.9843037204900597
stresstest_31_946_value2,-7.679957953048948,0.8120032985384501
stresstest_92_668_value2,-5.376081667677071,0.9909473634899822
stresstest_95_425_neutral,-10.0,0.9768755845927457
stresstest_31_1364_value1,7.848913122921903,0.7470466489299857
stresstest_55_800_value1,5.352521399018785,0.546535215923351
stresstest_49_605_value2,-5.406731411763944,0.9929581899807651
stresstest_76_1110_value1,-7.593956650005906,0.7335081985773502
stresstest_65_1368_value2,-6.962035548098799,0.6416198269362483
stresstest_58_885_value2,-4.3878421740755345,0.8205715120561848
stresstest_59_1331_value2,-10.0,1.000000190218051
stresstest_73_1149_value2,2.0975128120333966,0.6133935220282333
stresstest_69_645_value2,10.0,0.8232161649120936
stresstest_24_738_value1,-10.0,0.9929942427297791
stresstest_99_836_neutral,-10.0,0.9362057924839621
stresstest_44_117_value2,7.539782003308166,0.5809626650589829
stresstest_71_428_neutral,-10.0,0.9973284557765529
stresstest_75_190_neutral,-10.0,0.9607465341530258
stresstest_39_40_neutral,-10.0,0.9999661075108883
stresstest_73_973_neutral,-6.575511302122912,0.9046513553843639
stresstest_58_273_value1,2.9546803841348703,4.269704072906084
stresstest_7_1320_value2,-8.875166856525162,0.9736699636930024
stresstest_56_995_value1,-10.0,0.8482237799371336
stresstest_29_1384_value1,-7.464740775988287,0.7519217047530822
stresstest_53_233_value1,-10.0,0.9098975461034332
stresstest_78_308_value2,5.475970476906125,0.98816849429932
stresstest_10_868_neutral,-10.0,0.9817721077008456
stresstest_47_1113_neutral,-8.285251864955887,0.6732887742491295
stresstest_2_449_value1,-10.0,0.9306376105740682
stresstest_3_466_value1,7.100173706671706,0.6257529288311381
stresstest_97_579_neutral,-10.0,0.9917381626598327
stresstest_75_1174_value2,1.6392932423333968,0.9973286596933777
stresstest_98_49_value1,1.0721309230860074,0.5531618356963218
stresstest_52_352_value1,10.0,0.9498791878070372
stresstest_19_901_value1,-4.9453247274856365,0.9916913610555943
stresstest_32_1141_value1,6.864418317470401,0.5043360920020801
stresstest_0_192_value1,-6.928493997662113,0.8678735143057044
stresstest_49_31_value1,10.0,0.9930965849149631
stresstest_73_964_value1,-4.036648470080423,0.9841972690678339
stresstest_1_957_value1,-3.1213181091906277,0.99873066807569
stresstest_56_868_neutral,10.0,0.9709493788143414
stresstest_91_1129_value1,-3.27040658302261,0.9631231980198133
stresstest_77_859_value2,-10.0,1.0000008143640173
stresstest_97_320_value1,-8.86134900217504,0.5675331790415427
stresstest_63_862_neutral,10.0,1.00000000056813
stresstest_34_1002_value1,-5.432528426725338,0.9766900620145138
stresstest_23_561_value1,-10.0,0.9999999883579519
stresstest_70_1248_value1,0.6194702407211831,0.6086678286916165
stresstest_99_470_value1,2.162761567467594,0.9325532738540229
stresstest_13_904_value2,10.0,0.9734998931779393
stresstest_11_273_neutral,-10.0,0.9608893088505892
stresstest_66_932_value2,-6.222851809880982,0.937528113240039
stresstest_21_118_value2,-3.779613242593312,0.793086212225333
stresstest_95_1042_value2,-10.0,0.9977052203640696
stresstest_34_216_value2,-10.0,0.9096522296573619
stresstest_53_578_neutral,-5.480005299916118,0.9932941545168568
stresstest_82_1465_value1,-8.185172552263364,0.7044837843743486
stresstest_16_204_value1,-10.0,1.0000000007748486
stresstest_2_82_value2,-2.0060748657816734,0.9990435046835695
stresstest_82_387_value2,-5.595919664621886,0.9930190699978955
stresstest_80_765_value1,3.2094954520115784,0.6959091396270772
stresstest_30_530_neutral,-6.235205138059761,0.9442968564847602
stresstest_9_1311_value2,-5.354624805307061,0.993065478475702
stresstest_25_301_neutral,-5.355249387819194,0.9930573422474438
stresstest_7_780_neutral,6.502259403503818,0.6734155901367581
stresstest_2_1447_neutral,-7.688366473500358,0.6846849899281258
stresstest_23_737_value2,-10.0,0.957786128801835
stresstest_75_1086_value1,-2.5794476419200087,0.608456965560928
stresstest_78_403_value1,-10.0,0.9999545228849146
stresstest_63_457_value2,-5.082920748234609,0.7608642645251503
stresstest_83_162_value2,1.2925044605611442,0.8065322846164482
stresstest_39_891_value1,-2.76872027059866,0.9485897499006805
stresstest_45_967_value2,-1.2586668415572484,0.6116026701254769
stresstest_68_800_value2,-4.899890676196796,0.9541634294643406
stresstest_80_172_neutral,-10.0,0.9999968684510281
stresstest_58_856_neutral,-1.2044039721377586,0.8491971622237688
stresstest_53_113_value2,2.7519757373171942,0.9240699495483643
stresstest_68_227_value2,0.4815588670728184,0.8987029753023233
stresstest_82_784_value1,0.5406605501338909,0.7210963915579939
stresstest_54_1286_value1,5.6542639665878,0.8257941446571159
stresstest_22_866_neutral,-7.615535758519971,0.5689514959892378
stresstest_32_1008_value1,3.912243926721464,0.8274442586853386
stresstest_17_127_value1,-1.8945401771355648,0.9794019507166688
stresstest_75_1099_value2,-7.762162897694924,0.7619919745165137
stresstest_69_1050_value1,-3.9917716469312383,0.9220246041409933
stresstest_31_98_value2,-10.0,1.0
stresstest_42_219_value1,4.092087982201442,0.7018059447417746
stresstest_64_232_value2,1.6500901696335488,0.8066827858248661
stresstest_9_1377_value2,-1.3877784077516835,0.5146161390707142
stresstest_79_1158_value1,-10.0,0.9589956188950437
stresstest_26_75_neutral,-0.07715085186754847,0.9254889845824441
stresstest_34_776_neutral,-10.0,1.0000001380604604
stresstest_59_798_neutral,-7.843971996990226,0.7535685540306832
stresstest_87_659_value2,4.6290616652759216,0.9825698813472931
stresstest_60_726_neutral,-10.0,0.7869223802740235
stresstest_25_612_value2,10.0,0.9848084246517309
stresstest_5_957_neutral,-10.0,0.9946777552807818
stresstest_56_311_value1,-10.0,0.9999931952241627
stresstest_89_804_neutral,-3.571772806454316,0.9069307708609069
stresstest_65_1218_neutral,-6.589223618101499,0.9173174144619901
stresstest_75_391_value2,6.292010645136735,0.9404852450364141
stresstest_91_1043_neutral,-7.735094041052951,0.7519314251620394
stresstest_17_581_value1,-2.9098103887378444,0.6664471216203565
stresstest_5_1161_value1,2.0862051919704303,0.7251727560968394
stresstest_62_745_value2,0.7884289269307035,0.9261717396316892
stresstest_9_905_value1,-10.0,0.9761059814775452
stresstest_62_138_neutral,0.01750627264452416,0.5908398843831707
stresstest_64_1034_value2,10.0,0.9999974920568705
stresstest_68_152_value1,-5.0565119043918205,0.961647890741992
stresstest_5_9_value1,-5.93906291508688,0.970634926212611
stresstest_77_753_value1,-6.445163426517591,0.9361683485892376
stresstest_13_472_value1,-4.77095078436516,0.8102530607801536
stresstest_64_1313_neutral,-10.0,0.9999972330229846
stresstest_66_1316_value2,7.746018081015774,0.7924258767172436
stresstest_98_1226_value2,-10.0,1.0
stresstest_29_269_neutral,-10.0,0.9702217941216886
stresstest_91_527_neutral,-10.0,0.9999977035180235
stresstest_59_1140_value1,-6.792001016895994,0.9094939113968309
stresstest_86_1389_value2,-7.092667818852804,0.5971684910900926
stresstest_79_834_neutral,-10.0,1.0
stresstest_21_1113_neutral,7.690017750151976,0.5441719013376892
stresstest_12_878_neutral,-10.0,0.9999965717197987
stresstest_61_569_value1,3.6986006391690176,0.7133216786083336
stresstest_25_1287_value2,-10.0,0.9369039194246864
stresstest_45_106_value2,0.012412813659320156,0.9250473018811028
stresstest_93_718_value2,-6.808019102469912,0.8856462292806827
stresstest_70_53_value2,-8.014317869806487,0.7112906923033171
stresstest_43_850_value1,-6.788382071428375,0.8870952967602381
stresstest_35_1426_neutral,-10.0,0.9999872791307718
stresstest_68_126_neutral,-8.112503412094604,0.9814093986861059
stresstest_6_1267_value2,-10.0,0.97867154668072
stresstest_20_765_neutral,-10.0,0.9999959156606674
stresstest_50_797_value1,-3.213901540493122,0.9349054713765828
stresstest_41_792_value1,-6.9902810274334435,0.8664862711519441
stresstest_58_670_value1,6.025568451540034,0.6666958509534746
stresstest_52_681_value2,10.0,0.8464133244144032
stresstest_71_418_value2,-8.654403263348199,0.5931001720417328
stresstest_71_678_value2,-2.9908142104260014,0.8740241549214433
stresstest_35_1137_value2,0.15013102237232187,0.7233774195034118
stresstest_26_182_value1,-10.0,0.9999974919133486
stresstest_59_1305_neutral,2.652492068323089,0.9388904599913301
stresstest_98_972_neutral,10.0,0.9457368778730191
stresstest_12_1123_neutral,-1.9550635823752598,0.9830935307263867
stresstest_41_786_value2,10.0,1.0
stresstest_68_1259_value2,-7.2114161732524815,0.8545681212362914
stresstest_14_1252_neutral,-7.0147920080294295,0.8670286899959794
stresstest_63_72_value1,-2.5540643824728186,0.9999978537600743
stresstest_18_149_value1,-10.0,0.990834092431889
stresstest_62_682_value2,-5.403787915703703,0.9927473170475668
stresstest_55_25_value2,10.0,0.9075986593863924
stresstest_5_900_value1,-6.110732784758942,0.9478754228536377
stresstest_28_353_value2,-7.754201773906996,0.7581348769401359
stresstest_12_1420_neutral,7.8153713256202115,0.45543934224638244
stresstest_10_978_value1,-5.505748955637316,0.9784759361486091
stresstest_3_839_value1,-6.456580142292934,0.884764964009991
stresstest_22_290_neutral,-8.005890182822235,0.7140451847198317
stresstest_21_292_value1,-6.747665222246997,0.8925663239015723
stresstest_14_817_neutral,-5.092282254944897,0.7898721396359384
stresstest_35_1278_value2,-2.54831366917167,0.9714180559508574
stresstest_52_411_value1,-10.0,0.7983226501540007
stresstest_53_312_value1,1.8090746923299836,0.6948604409843334
stresstest_84_999_value1,6.422315594188639,0.9608808703298967
stresstest_47_947_value1,2.067129914997613,0.6396071821561474
stresstest_7_12_value1,-5.808659503136868,0.9947206870716786
stresstest_92_689_neutral,-8.187372539597172,0.6713336658103548
stresstest_5_90_neutral,-5.798559449900961,0.7380727403540676
stresstest_26_745_value2,-8.293669959268687,0.6700212986637276
stresstest_71_115_neutral,-10.0,0.959178977867787
stresstest_94_1062_value1,-10.0,0.9998933941285174
stresstest_9_1237_value2,10.0,0.9362246258646167
stresstest_23_802_neutral,-7.795958838674962,0.7615058509804171
stresstest_86_78_value2,0.004728014351238274,0.8580805397857972
stresstest_3_967_value1,1.6981769813744885,0.8075449941162902
stresstest_2_181_neutral,-6.43631395060288,0.5753258664125647
stresstest_25_840_value1,6.24258340430604,0.7579092446266197
stresstest_14_1053_value2,10.0,0.999114465040013
stresstest_76_580_value1,1.8680996025183136,0.8740403548101139
stresstest_55_219_value1,0.7394254020652155,0.9977324870178995
stresstest_65_953_value1,-10.0,0.9050378627072035
stresstest_72_46_value2,-10.0,0.9974837886196877
stresstest_95_362_neutral,10.0,0.9957621162778865
stresstest_86_487_value1,-10.0,0.917772929402879
stresstest_69_1363_value2,-8.012320397563345,0.7330769605781239
stresstest_5_1346_value1,6.083802339950407,0.7135244420560106
stresstest_7_94_value2,-10.0,0.8161738561566466
stresstest_48_508_value1,-8.836819506087387,0.563751458051147
stresstest_78_775_value1,-7.875532770580149,0.6562908867014415
stresstest_28_1315_value2,10.0,0.7526057371203095
stresstest_28_1051_value1,1.6546046573392514,0.6797138923929497
stresstest_35_790_neutral,-3.5160071924121947,0.5564858001792943
stresstest_91_533_value1,-10.0,0.8620893679885945
stresstest_34_1400_value1,-4.738427345940209,0.6781245750894807
stresstest_44_928_neutral,6.175778879960818,0.6310610148943837
stresstest_71_82_neutral,-5.466593009070899,0.9927571391273825
stresstest_86_478_neutral,-3.3570419807190355,0.967015149686391
stresstest_55_1448_value2,7.757925161852465,0.7644704045637287
stresstest_8_470_value2,2.5831103433654707,0.7824264468206001
stresstest_2_646_value2,10.0,0.9998887296787102
stresstest_24_1253_value1,-1.0328605086506444,0.999703497170868
stresstest_3_680_value1,-5.368668779162295,0.9934677331309899
stresstest_19_961_value2,-5.238986912587806,0.8157864150107119
stresstest_80_1284_value2,5.394547732906234,0.9926935120817901
stresstest_3_872_neutral,-10.0,0.8033945612054769
stresstest_36_623_neutral,-6.90437916195469,0.8781657795727218
stresstest_55_795_neutral,2.085358349818673,0.620495619171472
stresstest_29_485_neutral,5.004120987074323,0.5684922745599195
stresstest_95_85_value2,-1.1392965350788933,0.9449978172209207
stresstest_77_348_value2,10.0,0.9648951402627247
stresstest_10_1258_value2,10.0,0.9691185972895856
stresstest_46_1345_value2,-6.139050088192769,0.9936393723641769
stresstest_70_1253_value2,-5.482959988919345,0.7527037887611548
stresstest_18_227_value2,10.0,0.9855389254909014
stresstest_0_432_neutral,-10.0,0.9349811551457214
stresstest_19_1254_value2,10.0,1.0
stresstest_58_867_value2,-7.68818358409173,0.7684418846351632
stresstest_99_61_value2,3.6819285269573365,0.714747298806855
stresstest_77_218_value2,0.0942437809299961,0.590976473418996
stresstest_93_1018_value1,-7.38518489244109,0.815548718365234
stresstest_14_765_neutral,-5.530476662428266,0.9927403425423021
stresstest_33_79_neutral,5.766854368205678,0.5147465382879146
stresstest_42_897_neutral,7.986313561836597,0.7315717502393341
stresstest_39_1185_neutral,-10.0,0.992726922521139
stresstest_10_1221_neutral,5.805760594468189,0.9075438221665736
stresstest_60_321_neutral,-10.0,0.9999839036272473
stresstest_67_1464_value1,0.6261779706481675,0.8415454905037905
stresstest_33_423_value1,-10.0,0.7932164184765739
stresstest_40_1219_neutral,-10.0,0.9300288899791375
stresstest_69_1233_neutral,-10.0,0.9390378776548989
stresstest_59_735_value1,-6.512461935882284,0.8948649877990108
stresstest_94_1352_neutral,-5.434827187661818,0.9863463750950886
stresstest_23_162_value2,-10.0,0.9757889774969971
stresstest_51_1062_value2,-1.2341317649071935,0.9940478596482092
stresstest_6_250_neutral,-10.0,0.6546262702071449
stresstest_89_653_value2,-10.0,0.9972751833181885
stresstest_93_1455_value2,-0.45274812286190524,0.6494110806573331
stresstest_10_1254_neutral,-1.9918867731395438,0.8618652628909993
stresstest_37_746_value2,3.637641492335582,0.722103341257796
stresstest_12_1173_value1,-5.794526942684703,0.7379302425489546
stresstest_86_740_value2,-10.0,0.9421184962389575
stresstest_18_352_neutral,-10.0,0.9512368577028081
stresstest_1_1052_value2,-10.0,0.704440216025243
stresstest_48_100_value1,1.7964827528208682,0.8726697094974514
stresstest_26_336_neutral,-9.440092880601611,0.8546306861658994
stresstest_60_664_value2,-10.0,0.9812913380634993
stresstest_95_563_value1,1.9110464942269896,7.38905609893065
stresstest_36_71_value1,-10.0,0.8713274860204455
stresstest_18_41_neutral,-6.203835315424915,0.9483467201125291
stresstest_98_740_neutral,8.252381044367535,0.6869353320939546
stresstest_76_340_value2,10.0,1.0125287833706094
stresstest_7_342_value2,-1.3323170467770522,0.8656889431677887
stresstest_79_796_neutral,-10.0,1.000000194683944
stresstest_20_300_value1,10.0,0.8157932014162488
stresstest_15_539_neutral,-4.639743341972874,0.8384099152849441
stresstest_72_146_value1,-10.0,0.8037992501235248
stresstest_24_600_value1,5.9421995312447775,0.9418320119471498
stresstest_22_1073_value2,-10.0,1.0000010252260352
stresstest_33_336_value1,5.00920902409757,0.49770028358755947
stresstest_55_684_value1,-10.0,0.8388925086560437
stresstest_31_338_neutral,4.847145260316007,0.7102013469022859
stresstest_73_750_value1,-6.466607799752905,0.9234631334812633
stresstest_52_1281_value1,-8.169402853263962,0.7001648947290174
stresstest_28_191_value2,-6.035294365101874,0.9772946712965533
stresstest_83_436_neutral,-5.364825726917831,0.9921986264242731
stresstest_53_173_value1,7.516353386621249,0.7203379427013973
stresstest_56_1132_value1,10.0,1.0
stresstest_63_382_neutral,4.413274017087656,0.6908272251760984
stresstest_94_1194_neutral,-2.1847325252606464,0.9701699182578261
stresstest_45_989_value2,-5.332093191864273,0.7070846481411612
stresstest_41_74_value2,0.807367692933705,0.9999501854766725
stresstest_4_332_value2,-0.2807304127786347,0.5976301405393131
stresstest_58_805_value2,-5.353249378832551,0.9928664827900687
stresstest_4_301_value1,-7.67194338799451,0.9999872827115373
stresstest_23_1460_value1,1.453584996045713,0.5242960240891095
stresstest_54_725_value2,1.7087860950215923,0.5322617953182176
stresstest_65_1079_neutral,-8.312170095373501,0.6629078660518695
stresstest_33_165_value1,-7.155727996631733,0.8394082074308771
stresstest_35_1202_value1,-8.019870845319334,0.7174100490715373
stresstest_16_907_neutral,10.0,0.990247975597484
stresstest_9_360_neutral,-10.0,0.9999586970402968
stresstest_26_894_neutral,-10.0,0.700688778094565
stresstest_99_64_neutral,-10.0,0.9996235292982277
stresstest_46_607_neutral,-10.0,0.8067524799287992
stresstest_35_898_neutral,-6.287400466122439,0.9648389600351248
stresstest_25_131_value1,-5.425029544147011,0.9954346913419353
stresstest_53_1411_value1,6.889731921658545,0.8773458190195607
stresstest_17_574_value1,1.4266535856471199,0.5048918394337639
stresstest_40_483_value2,-5.353774131197676,0.9930772901334812
stresstest_2_422_value1,5.112310186979458,0.8012930421025827
stresstest_45_530_value1,-5.296568018362033,0.7866034804400192
stresstest_11_535_value1,-8.015155855552603,0.7331330580444553
stresstest_15_494_neutral,-3.106887201850283,0.9705917152986965
stresstest_70_845_neutral,-8.530437086981516,0.6335086895870652
stresstest_60_1359_value1,-6.366515859283875,0.9267782549836763
stresstest_80_176_value2,-6.992482198922599,0.8925961480861281
stresstest_34_665_value2,-10.0,0.7885202499030342
stresstest_71_36_neutral,-10.0,0.9999963196964785
stresstest_76_1410_value2,10.0,0.9760090662961693
stresstest_65_791_neutral,-8.169265728004968,0.6901019191797844
stresstest_57_779_value1,-8.919436006525242,0.5612684984424648
stresstest_6_1167_neutral,-7.930438010259591,0.5438408641442868
stresstest_69_1432_value2,-10.0,0.9987979439579753
stresstest_0_793_value2,10.0,0.992645734623484
stresstest_53_101_neutral,6.050193668350435,0.9218430560430814
stresstest_38_617_neutral,-3.0329884788045978,0.9801791725907942
stresstest_36_552_value1,2.5537424477308783,0.9999974168737458
stresstest_90_107_value2,4.485186985690027,0.6982837556816889
stresstest_99_697_neutral,-10.0,0.9999905063319744
stresstest_0_1368_value1,10.0,1.0000002011335989
stresstest_10_960_value1,-2.610392231938591,0.999994569170269
stresstest_85_1105_value1,-10.0,0.8321263416473652
stresstest_13_518_value1,-4.175374811155915,0.873763528715621
stresstest_5_805_value1,-1.9769497575884503,0.9283212095798914
stresstest_77_963_neutral,-4.242374437121269,0.9866369923736837
stresstest_39_449_neutral,-4.924522613790433,0.7822817289749078
stresstest_14_392_value2,2.295893547418597,0.954554815055252
stresstest_72_1177_neutral,10.0,0.987544746903668
stresstest_98_193_value1,-1.9895106879883597,0.8123602692068895
stresstest_11_485_value2,2.4391015812624506,0.9755270382790122
stresstest_56_65_value1,-4.975158594442357,0.9805616163996344
stresstest_63_521_value1,-10.0,0.999988374614736
stresstest_96_1180_value1,0.6186677765474756,0.6286432291273254
stresstest_0_1283_neutral,-3.5404660236357084,0.9999313782518541
stresstest_29_996_value1,-10.0,0.6794145789671511
stresstest_26_35_neutral,-0.034156648395224296,0.9884421479468698
stresstest_22_145_value2,-5.39345677334563,0.9923437134433821
stresstest_58_132_neutral,-5.129869369844786,0.9956652115218243
stresstest_26_1401_value2,-10.0,0.9928169597873241
stresstest_99_567_value1,7.511842763351874,0.7942936328021013
stresstest_20_755_value1,-3.5366244807859952,0.633278139839987
stresstest_46_314_value1,6.675251794329716,0.9074336670517893
stresstest_69_118_neutral,0.13404127311472147,0.6587384554131245
stresstest_80_520_value1,10.0,0.9999999023318201
stresstest_5_85_neutral,-1.0711346421275134,0.5706201263970415
stresstest_80_465_value1,3.640821640332886,0.7737656108509827
stresstest_53_741_neutral,-5.154538209330264,0.9952866301857495
stresstest_52_559_neutral,-10.0,1.0000008728597976
stresstest_73_800_neutral,-7.456985343857478,0.7373909273379302
stresstest_95_1413_value1,-7.66178922411428,1.0
stresstest_54_409_value2,-0.5142887220861465,0.5265650058154453
stresstest_4_187_value2,1.9213129458575924,0.7373655619880392
stresstest_40_400_value2,-10.0,1.0
stresstest_1_219_value2,-10.0,0.9753804746442328
stresstest_69_661_neutral,-10.0,1.0
stresstest_36_1293_neutral,-6.615711276209183,0.9141953350361353
stresstest_40_26_value2,-2.624758793069384,0.9649928500979752
stresstest_68_895_value1,-6.517259167936069,0.9181883482153176
stresstest_45_497_neutral,-10.0,0.9999866644775688
stresstest_11_1309_neutral,-10.0,0.7481669909213432
stresstest_30_700_neutral,-10.0,0.9705606704320096
stresstest_90_123_value2,-5.2424515715927855,0.9273779676552376
stresstest_0_77_value2,-3.279795267477784,0.949871444451059
stresstest_91_1443_value2,-10.0,0.9999955977149237
stresstest_49_861_neutral,-1.6424652021435482,0.7444296616418291
stresstest_11_1250_value2,-5.788902266951181,0.624228521287703
stresstest_63_1428_value2,-2.085170738492048,0.5740294190711634
stresstest_70_571_value1,6.352344362745378,0.7605917295907191
stresstest_49_1271_value2,-10.0,0.8723517206620885
stresstest_77_1284_value1,4.11128721248756,0.6793381656983286
stresstest_60_351_neutral,-5.758045914984389,0.9927304085255687
stresstest_38_488_neutral,10.0,1.0000006962961512
stresstest_73_189_value1,-5.352291357868707,0.9930964316023583
stresstest_15_574_value2,-5.352369738010057,0.9930589151875528
stresstest_26_1430_neutral,7.884768066142261,0.7422953812681955
stresstest_25_951_neutral,-10.0,0.9930989640500592
stresstest_51_1451_value1,0.0,1.0
stresstest_28_1391_value2,-10.0,0.6627088774067985
stresstest_61_293_value2,-10.0,0.990944144949155
stresstest_9_51_value1,10.0,0.9620575017569675
stresstest_56_1470_value1,-3.7203057665838846,0.8669886123934706
stresstest_60_114_neutral,-4.806460127499101,0.7977787006618582
stresstest_5_564_value2,-10.0,0.8359981658221943
stresstest_97_845_value2,-9.493763190542621,0.6629340445302634
stresstest_21_788_neutral,8.830413163250297,0.572819514469145
stresstest_69_1332_neutral,-6.124435485958281,0.9720599978058766
stresstest_28_99_neutral,10.0,0.9797858370912559
stresstest_64_1002_value1,-10.0,0.879288273596762
stresstest_81_464_value1,-6.765221191104709,0.6413175019137832
stresstest_4_449_value2,-10.0,0.8567966684297034
stresstest_14_108_value1,-0.24632945258108932,0.7440430856997933
stresstest_97_1138_neutral,-2.0472488368242048,0.9791747487992644
stresstest_60_1184_value1,-6.776676606394165,0.8754520473776723
stresstest_84_139_value1,5.521858845964843,0.974433925390056
stresstest_76_1373_value2,10.0,0.9947991453236744
stresstest_1_1247_value1,-2.015662772901006,0.9657256870373224
stresstest_47_72_neutral,-8.563663543158555,0.6163385599944095
stresstest_72_1137_value1,-10.0,0.9999906901136404
stresstest_50_1353_value2,3.205768192777667,0.9346685344584463
stresstest_81_770_value2,2.4737442790228923,0.570598337440712
stresstest_86_576_value1,10.0,0.9752032290016077
stresstest_13_299_value2,-2.2729964854111047,0.9501556358262615
stresstest_51_568_value2,6.081152779874351,0.9606162017985018
stresstest_96_516_value2,2.572949763451447,0.999857253014291
stresstest_70_611_value1,-6.866979385196732,0.8723156536026302
stresstest_21_873_value2,-10.0,1.0000026423993562
stresstest_73_280_value2,4.362594411681996,0.9856781448189312
stresstest_83_152_value1,-5.985702278340096,0.9422070773685316
stresstest_90_1364_value1,-10.0,0.9930988541923678
stresstest_12_482_value1,-2.972645807371922,0.9963263953209952
stresstest_94_1046_value2,8.879696857674404,0.5548677523727298
stresstest_96_1304_value1,-10.0,0.9749621901892593
stresstest_26_842_value2,-5.333804710050859,0.6685287625198363
stresstest_71_432_neutral,-10.0,0.9930966254172618
stresstest_70_905_neutral,-10.0,0.8087528834102349
stresstest_17_1313_neutral,-10.0,0.9809258135008643
stresstest_58_230_value1,-6.58140957588741,0.9163955829031265
stresstest_65_472_neutral,-6.924035364469077,1.0000867430030302
stresstest_21_1405_value1,-5.514249355387759,0.7210029512685677
stresstest_7_111_value1,6.1464442395984396,0.9526072298042549
stresstest_39_398_value1,-10.0,0.9432070868668949
stresstest_76_735_value2,-10.0,1.0
stresstest_2_1267_neutral,5.464365321162013,0.9888010741410945
stresstest_2_358_value1,-7.64685289575715,0.7843527765559906
stresstest_9_1010_value2,-10.0,0.9999995901054418
stresstest_76_1441_neutral,-10.0,1.0
stresstest_18_982_value1,2.585751075458362,0.43553168820645743
stresstest_46_605_value2,6.1137196475682485,0.7023198080885888
stresstest_21_674_value2,-5.217535483390139,0.48459110651029597
stresstest_41_474_value2,2.3327412310257998,0.9034154579262956
stresstest_93_319_value2,-10.0,0.982868106121914
stresstest_46_1005_neutral,-1.3006890774917617,0.9411275556310074
stresstest_57_82_value2,8.537945482910906,0.6364227245635694
stresstest_41_6_value1,-6.925652756904984,0.8460056306405056
stresstest_82_154_neutral,-10.0,0.9999265577531666
stresstest_27_706_value2,-10.0,0.9500325806471404
stresstest_70_1446_value1,2.6584975245122995,0.6563602890813344
stresstest_10_460_value1,-7.734348269497134,0.7657031043550757
stresstest_0_1022_value1,-6.486558104782295,0.5534428293626376
stresstest_38_867_value1,10.0,0.8781238028934898
stresstest_29_1002_value1,-10.0,0.9785724308264923
stresstest_90_57_value2,5.823131771032655,0.9749462311949816
stresstest_92_401_value2,-6.5247419034423615,0.911453368339888
stresstest_40_1036_value2,10.0,0.8476045022222788
stresstest_67_352_value2,5.862456790248853,0.5742675400977507
stresstest_29_107_value1,2.8308960213009122,0.991708101920818
stresstest_25_728_neutral,-10.0,0.9960943912974854
stresstest_67_1263_value2,-0.17604781044714163,0.5274962763884592
stresstest_38_560_value1,-10.0,0.903224271293757
stresstest_98_69_value1,-6.591719467616875,0.9103782706481097
stresstest_20_469_value1,-10.0,0.9544396413912545
stresstest_57_1029_value1,-7.200652735537223,0.7964229392486885
stresstest_7_875_value1,2.6570967707329167,0.9334305415250065
stresstest_87_1339_value2,-6.7298113286518655,0.9066974332880859
stresstest_96_1239_value1,0.11965504698890468,0.9555323529096653
stresstest_53_807_neutral,-3.3389729548054254,0.5019636118160267
stresstest_38_1237_value1,3.48521158666079,0.545762334718105
stresstest_13_983_value1,-7.603337604190617,0.5763697414285506
stresstest_65_464_value1,-5.38916893717593,0.9934955196156106
stresstest_75_1000_value1,-10.0,1.0000000766187902
stresstest_86_1116_value2,-4.942535060161096,0.6344522917474672
stresstest_96_417_neutral,-6.351064890429387,0.9221471121207375
stresstest_86_414_value2,0.6272529817471152,0.9365075489028257
stresstest_82_315_neutral,7.783020170885043,0.672024629988619
stresstest_4_831_value1,7.661801152009894,0.9999989965877888
stresstest_43_1040_value1,-1.008316549444932,0.6356962483094246
stresstest_70_208_neutral,-7.497347036236378,0.7936004706567485
stresstest_99_126_value2,-7.867634536884793,0.7524281887632461
stresstest_57_353_neutral,5.607157740096793,0.654027244385952
stresstest_8_951_value1,10.0,1.0000001842638897
stresstest_61_1367_value2,-2.553797501894909,0.9999951335110758
stresstest_42_1208_value2,-5.569144700105739,0.985119637807422
stresstest_61_813_neutral,10.0,0.959806272291766
stresstest_31_68_value1,-5.933507965561002,0.9673533249245212
stresstest_71_200_value1,1.9555462959590997,0.9828590381710798
stresstest_36_384_value1,3.769359548172704,0.5559224422623557
stresstest_5_1102_value1,-10.0,0.9713513089338051
stresstest_90_129_neutral,1.0339560377548584,0.9828635194161369
stresstest_75_196_value1,10.0,0.993088998651741
stresstest_84_487_value2,10.0,0.8903169414677369
stresstest_26_1079_value1,-5.641631249730248,0.749615891191556
stresstest_90_357_value1,-4.3746072157421505,0.5389607185221114
stresstest_3_859_neutral,-6.240659025185819,0.9441272740556959
stresstest_42_348_value2,-5.906082820657342,0.9363924260106646
stresstest_47_537_value2,-10.0,0.892147631175716
stresstest_80_923_value1,-10.0,1.0000008336086716
stresstest_91_316_neutral,-10.0,0.7519832357757983
stresstest_43_395_value2,-10.0,0.9576169682786073
stresstest_27_1219_neutral,-2.2093845492079276,0.9732060433167045
stresstest_17_1287_value1,5.695228300143664,0.5460111426514326
stresstest_93_766_neutral,-6.028681370762817,0.9311992143701969
stresstest_36_453_value2,10.0,0.99343640344305
stresstest_33_1241_neutral,-5.478821433307818,0.9718515186832729
stresstest_67_262_value2,1.9678602244952745,0.9186687378410527
stresstest_49_1154_neutral,-4.738543737010349,0.6758303641094213
stresstest_68_1352_neutral,-7.506935265136845,0.6742173315337913
stresstest_88_489_neutral,-4.3666044585328585,0.5300515816365936
stresstest_67_683_value2,-5.352387884327212,0.9929953866129843
stresstest_56_49_value1,5.609028575558207,0.4430869721158894
stresstest_10_1113_neutral,10.0,1.0
stresstest_99_288_neutral,10.0,0.7389458960090269
stresstest_13_140_value1,10.0,0.8220973298901597
stresstest_26_495_value1,2.1340722328612554,0.9652857884509485
stresstest_73_553_value1,-10.0,0.9999999981487022
stresstest_93_1174_value2,2.308640999806638,0.9972726437304613
stresstest_54_1130_neutral,6.0181140176646375,0.9741372869738316
stresstest_12_160_value1,2.553792310680275,0.9999954796278092
stresstest_58_875_value2,5.159398891564828,0.9858293026914945
stresstest_62_275_value2,0.4026058252582758,0.956114917761955
stresstest_19_540_value1,0.9705539704432085,0.9951138242151802
stresstest_2_352_value2,-1.9848480065668548,0.6227908668260547
stresstest_49_609_neutral,5.500940964125861,0.7697716695235008
stresstest_85_793_neutral,-4.14060540896833,0.8654855193147981
stresstest_78_23_value2,-10.0,0.9636682545967473
stresstest_77_671_value2,4.654200580300888,0.8414297270533267
stresstest_60_159_value1,-10.0,0.9999947077680579
stresstest_95_757_value1,1.5253636605696967,0.9415592447333683
stresstest_89_1043_neutral,-10.0,0.8005380199059343
stresstest_71_972_value1,-0.7621246208389264,0.5239553812379354
stresstest_59_1181_value1,-4.939069681192993,0.9659194834678178
stresstest_11_1107_value1,10.0,0.8009652037242168
stresstest_46_678_neutral,-5.356654927677884,0.9930298095847347
stresstest_71_1081_neutral,-1.5955875821069978,0.9880288368692253
stresstest_88_310_value1,-6.479239266126247,0.8935314991248322
stresstest_39_92_neutral,-7.2938871611418,0.8304849423787136
stresstest_40_534_value2,-5.107859482742857,1.0
stresstest_25_123_value1,-5.741490481294656,0.9794940456900869
stresstest_4_28_value1,-7.764765667913266,0.9976833730854687
stresstest_9_412_value2,0.7711589065215443,0.6283691998035447
stresstest_82_1422_neutral,-10.0,1.0
stresstest_45_258_value1,-2.4908808533562903,0.9306652648787883
stresstest_95_790_value1,-6.067390218906583,0.9498267704793288
stresstest_21_925_value2,-10.0,0.9951782020747204
stresstest_42_717_neutral,-5.386021815993276,0.9932563799777029
stresstest_66_1452_value1,0.21717475689386828,0.8248271782713484
stresstest_57_546_value2,-10.0,0.8700759918576774
stresstest_73_844_neutral,5.108025229030504,0.6726770155946887
stresstest_16_1225_value2,-0.34730714675454,0.8076146979389649
stresstest_27_413_neutral,-8.846878120303563,0.5722070024575511
stresstest_6_314_value1,5.794035922371419,0.9769049513115976
stresstest_89_381_value1,1.3619106350589156,0.9784293333438555
stresstest_16_1441_value2,-10.0,0.9898553238878224
stresstest_62_44_value1,-10.0,0.8725864163053052
stresstest_77_355_value1,-5.768914120603283,0.6118019028601236
stresstest_37_1177_neutral,-10.0,0.7763698906558253
stresstest_46_735_neutral,3.86393420244816,0.7627999889642986
stresstest_43_519_value1,10.0,0.6496234893670725
stresstest_60_1062_neutral,-8.189859591460335,0.6907530441990563
stresstest_55_553_value1,-3.2703440852229644,0.8339375518687057
stresstest_77_332_value1,-5.969232713403555,0.9681327539617314
stresstest_20_334_value2,2.3797027268151187,0.5536785797863873
stresstest_58_612_value1,1.3012424159661897,0.5723303156045019
stresstest_32_142_value1,-4.019365196170857,0.7296352010182957
stresstest_7_815_neutral,7.420282555495422,0.742459122052124
stresstest_45_94_value1,-1.3900070224060128,0.9993197785653594
stresstest_39_165_neutral,-0.6615232811905902,0.9353273829461142
stresstest_9_883_value1,-10.0,0.8999069195875332
stresstest_7_958_value1,-10.0,0.9805859523185388
stresstest_15_949_value1,5.3531122321692415,0.7417557031791532
stresstest_39_554_value1,-5.123561030589002,0.8203121888459197
stresstest_14_507_neutral,10.0,0.712390035336432
stresstest_55_806_value2,3.0042953785556032,0.9891065222080397
stresstest_61_303_value1,-2.1512691706699636,0.9607878985966815
stresstest_59_470_value2,-10.0,0.9999953471977219
stresstest_10_697_neutral,-8.082211050298026,0.7181208921732241
stresstest_32_750_value1,-10.0,0.8019799450412689
stresstest_87_598_neutral,-10.0,0.9760418356708457
stresstest_70_576_value1,10.0,1.000000197659736
stresstest_73_449_value1,-1.8361419205079106,0.9814471751144164
stresstest_81_652_value2,1.6069575614306923,0.9428925596255961
stresstest_3_66_value2,-1.6097044788663408,0.9021739484721688
stresstest_42_423_neutral,-0.03707370888260748,0.9938096789237617
stresstest_92_811_value2,10.0,0.7921704917867632
stresstest_62_784_value2,7.648466748104703,0.5285400427138327
stresstest_87_1323_neutral,-6.182502704593764,0.9144645754563373
stresstest_60_1066_neutral,4.0974108292772735,0.904519338178396
stresstest_81_914_value2,5.352159032998458,0.9930989640500592
stresstest_15_879_neutral,-6.0571636080315665,0.6965725185800651
stresstest_55_508_value1,-5.558679951701542,0.982263589381551
stresstest_80_613_value2,-3.4255602045293996,0.9063491565496927
stresstest_40_552_neutral,-5.7122301504137365,0.9940475054736175
stresstest_14_753_value2,1.7076162867936653,0.5430755830467497
stresstest_11_101_neutral,6.568870939738026,0.9208925359396958
stresstest_37_496_value2,-1.275079505437597,0.9639822360776663
stresstest_34_340_value2,-2.242590298971555,0.8052203219624202
stresstest_71_635_value1,-10.0,0.8811650370692643
stresstest_98_725_value1,0.06991378082958999,0.6025081572110998
stresstest_88_332_neutral,5.514876999971929,0.991869367588271
stresstest_69_97_value1,-10.0,0.9989121592913338
stresstest_85_389_value2,10.0,0.9999999523750714
stresstest_67_611_value2,2.3577239748539935,0.5027092707475322
stresstest_85_1371_value1,3.4366378198481686,0.7423072980162957
stresstest_20_1258_value2,7.30713117052472,0.5740759913204605
stresstest_16_78_value1,-7.854056728307218,0.7489804359982569
stresstest_18_710_neutral,-3.1866340178993973,0.5537724926710575
stresstest_22_141_neutral,-10.0,1.0000956354575075
stresstest_77_1_neutral,0.22602487230338847,0.7359294443522343
stresstest_67_1426_value1,-4.909278909906302,0.5821829450473099
stresstest_57_337_value1,-1.457096823075476,0.45823743948989404
stresstest_56_443_value1,6.747117267500321,0.5001044432782159
stresstest_32_1071_neutral,-10.0,0.9999998741446333
stresstest_33_919_neutral,-7.465403928901333,0.8014430436084895
stresstest_74_89_neutral,-7.559256111184634,0.7904947444887488
stresstest_42_1168_value2,-10.0,0.9989757885205852
stresstest_70_241_value1,-1.1789085526930585,0.5295341981460646
stresstest_29_803_value2,7.882107548363781,0.7374324106225336
stresstest_66_689_value1,7.583287206400215,0.48777099786265166
stresstest_42_509_value1,-10.0,0.9909512208786251
stresstest_58_473_value1,-10.0,0.9838779777385175
stresstest_45_124_value2,-10.0,0.8661078265371218
stresstest_14_939_value2,-6.676650853154548,0.9114979150541517
stresstest_57_379_neutral,-7.574218065324643,0.8021092196291951
stresstest_87_979_value1,-10.0,0.9998915237870579
stresstest_37_569_value2,4.266807976321802,0.68853763172971
stresstest_10_1112_value2,2.1166858879815007,0.5423357224958079
stresstest_74_294_value1,-0.6418693216117675,0.9732407003971625
stresstest_35_404_value1,-5.172324617985832,0.9524371836184082
stresstest_71_561_value1,6.631927130259597,0.8542781426702684
stresstest_21_449_neutral,10.0,0.9870323983324247
stresstest_46_740_neutral,7.798802601985103,0.7464275284483233
stresstest_72_643_value1,-2.865462946054217,0.8417352873913969
stresstest_87_1280_value1,0.7636447608964521,0.9958832502442657
stresstest_3_1404_value1,-1.5674211949235617,0.9786896167467919
stresstest_34_1032_neutral,-10.0,0.9999658263173598
stresstest_35_5_value2,-1.050752330596266,0.7123731777698025
stresstest_42_223_value1,-2.5802508025684867,0.9967578649473048
stresstest_29_1230_value1,5.28205819638685,0.9837661900105895
stresstest_72_1309_value1,6.9265832958321,0.8995792394728004
stresstest_12_226_neutral,-10.0,0.9804181485216175
stresstest_95_886_value2,1.859573822908883,0.9594938580046484
stresstest_83_211_value1,-10.0,0.999986102190936
stresstest_26_234_neutral,2.472713221249769,0.6878431738441507
stresstest_17_1016_value2,8.34122851084115,0.6544064204440682
stresstest_31_916_neutral,-10.0,0.9930363184505986
stresstest_93_793_value1,-10.0,0.9592155681439275
stresstest_34_1347_value2,2.4457408919607126,0.8146288627852067
stresstest_97_1097_value2,-10.0,0.9520712132979104
stresstest_9_1341_value1,-1.4892747859064388,0.8506889831784882
stresstest_62_261_neutral,-10.0,0.998590005270781
stresstest_17_860_value2,-5.3523126839504735,0.9930945805468546
stresstest_53_776_value2,-6.932047552386796,0.8768574466167505
stresstest_6_690_value1,-6.017314895651285,0.7235561571158677
stresstest_91_696_neutral,-7.000363995672535,0.8662122581465678
stresstest_94_1206_value1,-2.610943556483795,0.7071606164389916
stresstest_67_624_value1,-10.0,0.9912750518905366
stresstest_67_858_value2,-10.0,0.9999835388910034
stresstest_42_960_value1,-5.4038043997342005,0.9886226968649447
stresstest_85_946_value1,2.751004942877311,2.7796876694191766
stresstest_63_1008_neutral,-10.0,0.8041025385151909
stresstest_61_1208_value1,-10.0,0.9999999460144422
stresstest_45_1150_neutral,-2.176155908694227,0.9783270546859116
stresstest_84_633_value1,-1.5773324903876242,0.9880289438789543
stresstest_76_197_value2,10.0,0.938116749753223
stresstest_95_974_neutral,5.464214244899819,0.9869320608133826
stresstest_42_809_value2,-5.070599092181718,0.8240107303424011
stresstest_85_1134_value2,-10.0,0.9617368842259449
stresstest_13_333_neutral,-1.2077765417155375,0.6446597024685313
stresstest_60_249_value2,3.223375498139136,0.9139565247103613
stresstest_90_1276_neutral,-10.0,0.9803870954077865
stresstest_14_540_value1,7.810640124102592,0.500938995319771
stresstest_59_319_neutral,-10.0,0.9989344330260206
stresstest_42_898_value1,0.6376808681810457,0.5138460494146988
stresstest_6_221_neutral,-7.77772435045521,0.9931224234502025
stresstest_63_193_value2,-4.814726134992016,0.5311388511932057
stresstest_59_879_value2,-3.727356115612921,0.5980989352873959
stresstest_88_1059_neutral,-10.0,0.9472997904600958
stresstest_41_1449_value2,-2.0767502481069635,0.9906485963239493
stresstest_20_831_neutral,3.8088064587744155,0.7651353006457905
stresstest_58_524_value1,-10.0,0.6930283814578281
stresstest_12_613_value1,-2.8830085061478012,0.6480519293034955
stresstest_94_453_value1,10.0,0.9950473009790356
stresstest_41_303_neutral,3.942326476851171,0.6293452578719431
stresstest_44_1207_value2,-5.356050403967089,0.993208102920692
stresstest_27_1385_value1,-10.0,0.9965530647889239
stresstest_22_383_value2,1.1519201788444668,0.49272254798963583
stresstest_24_1185_neutral,-10.0,0.9904573030781121
stresstest_85_1324_neutral,-10.0,0.9999988225603149
stresstest_24_694_value1,-5.534853800003211,0.9547101543603458
stresstest_0_349_value2,-2.6053296403684088,0.9999967205723738
stresstest_31_1308_neutral,-10.0,0.9999975311775489
stresstest_73_556_value1,-6.037173100237929,0.7946715163487563
stresstest_27_650_neutral,-5.297670211275171,0.9003984262799652
stresstest_97_920_neutral,-10.0,0.9001555233636073
stresstest_27_704_neutral,-10.0,0.9970376378345909
stresstest_73_660_value1,6.85065554369481,0.6116953956602567
stresstest_99_970_value2,-1.1656146527847182,0.9874608263734772
stresstest_88_500_neutral,-10.0,1.0
stresstest_89_1424_value1,-6.354792927215116,0.5509483924575398
stresstest_28_1337_value1,6.381162111428209,0.9374233177544394
stresstest_20_1103_neutral,-5.940187874826389,0.9253859679861652
stresstest_20_83_value1,10.0,1.0000000007341978
stresstest_53_1080_value1,1.524113542754601,0.9730350235796861
stresstest_93_629_value2,-10.0,0.7749149194831825
stresstest_16_1087_value2,10.0,0.8255724678540867
stresstest_71_159_neutral,3.552691019062999,0.5218310682084497
stresstest_28_917_value2,-9.554378470964924,0.9903084101985417
stresstest_70_209_value1,-6.136308524174702,0.9420062456753128
stresstest_36_419_neutral,-4.116870094784723,0.9607836858475344
stresstest_53_1156_value1,-7.33781866544924,0.8226852780088957
stresstest_51_1210_value1,0.5797041944189033,0.8975954298316696
stresstest_2_1320_value2,3.217480969884914,0.6399888535975978
stresstest_29_745_value2,-2.6717250593159814,0.9009268624828041
stresstest_69_1027_value1,-1.8224293210735918,0.7301732992112807
stresstest_7_268_neutral,-2.915229770294349,0.5959963364793464
stresstest_52_429_value1,10.0,0.763231993222273
stresstest_32_77_neutral,-5.988386824659356,0.9393580958904136
stresstest_66_1215_value2,-6.353537056731207,0.8976628492925625
stresstest_28_667_value2,-0.9258187365274736,0.8243207448276667
stresstest_51_1371_neutral,6.327045379237502,0.9305770898398525
stresstest_85_511_value2,-3.5757777577445458,0.6116431894547012
stresstest_32_1196_value2,-10.0,1.0
stresstest_12_958_value1,-10.0,0.994365251180277
stresstest_96_91_value2,-6.6956419416482085,0.9069704586931044
stresstest_59_353_neutral,4.997069673214697,0.8109097212215347
stresstest_19_481_value2,4.999710411520672,0.5998400626340564
stresstest_26_790_neutral,-10.0,1.000000189741008
stresstest_97_760_value2,-1.8716842537475364,0.9842739161001962
stresstest_59_1371_value2,-4.895114216096793,0.8259139391113401
stresstest_33_716_value2,10.0,1.0
stresstest_91_955_value2,-6.500172291757309,0.9344898798374265
stresstest_79_701_value1,-1.6278880298471516,0.9929811494666515
stresstest_80_1360_value1,-3.0024144226562313,0.9988204335125133
stresstest_0_184_value2,2.9656608501324664,0.8435734272180822
stresstest_93_485_value1,10.0,0.9968069335331945
stresstest_26_1416_value1,-10.0,0.9152353095467175
stresstest_80_28_neutral,-2.553998711985525,0.999973518695542
stresstest_81_119_value1,-6.510186096087588,0.7269256478686379
stresstest_57_216_value1,-5.153962629754993,0.874949659592629
stresstest_69_1256_value2,10.0,0.9944587382204755
stresstest_17_1161_neutral,-10.0,0.9999980444394133
stresstest_14_1463_neutral,-5.934486233770293,0.9700930623301491
stresstest_79_1371_neutral,0.018995037652109303,0.8519297394499376
stresstest_98_9_neutral,-10.0,0.9830846014741701
stresstest_46_972_value2,1.1659574882585058,0.8431284491556422
stresstest_21_650_neutral,-10.0,0.9007012795288761
stresstest_52_172_value1,-10.0,0.9481611615801301
stresstest_67_677_value1,-10.0,1.0000001378478975
stresstest_3_331_value1,-3.141933770183756,0.9359906235631985
stresstest_91_482_value1,10.0,0.972992355089564
stresstest_81_1289_value2,10.0,0.7581830287368053
stresstest_61_112_neutral,5.4282785659326995,0.9921068065679556
stresstest_14_311_value1,1.3587649136946145,0.9760892940588213
stresstest_89_1025_neutral,5.34691256260227,0.7389394957965665
stresstest_67_41_value1,2.3923830535528428,0.9829320518140795
stresstest_15_1428_value1,8.033003666108417,0.7188847742300901
stresstest_34_913_value1,-10.0,0.9879269774719067
stresstest_14_240_value1,-10.0,0.9899542588075103
stresstest_18_920_value1,-5.947517495086555,0.9446779620604995
stresstest_2_429_value2,2.996474609881977,0.9017124658116562
stresstest_26_1221_value2,-10.0,0.8759261330779354
stresstest_73_1370_value1,10.0,0.9999457628498853
stresstest_9_1067_neutral,2.5560472287878224,0.904772305510731
stresstest_5_114_value1,-4.175966245811416,0.5475342703798657
stresstest_75_601_value2,4.0499499645859816,0.996461960256904
stresstest_51_1103_value1,10.0,1.0000039052393386
stresstest_91_748_value1,8.013573911927695,0.6292907577579195
stresstest_50_1186_neutral,-5.947866716807244,0.9571964558648562
stresstest_15_1149_value2,7.661888046464056,0.9999807448477928
stresstest_72_758_value1,10.0,0.8907942254717776
stresstest_50_175_value2,-10.0,0.9760426553028215
stresstest_97_167_value2,-1.8084747588003371,0.9996492513197791
stresstest_42_67_value2,-2.053997099000832,0.530370112276592
stresstest_21_1213_value2,-10.0,0.9284337658433819
stresstest_8_566_neutral,10.0,0.999998274048101
stresstest_78_1252_value1,-6.004516992557066,0.9505633693078989
stresstest_43_1002_value2,5.2540165963533845,0.9559338299680051
stresstest_88_1372_value1,-3.337965622260977,0.7356158945800441
stresstest_89_747_value2,0.1243973349177418,0.7600914468740486
stresstest_10_171_value2,6.0799363498782615,0.9609279821033219
stresstest_38_1059_value2,10.0,0.906354755807121
stresstest_73_424_neutral,-7.06565492421268,0.8635998102259905
stresstest_87_979_neutral,-6.325876069201348,0.9232532792915114
stresstest_38_239_value1,-10.0,0.9802786284167255
stresstest_76_827_value2,-10.0,0.8509785923100607
stresstest_37_461_value2,-10.0,0.9999926032497274
stresstest_47_760_value2,-10.0,0.9979926559279503
stresstest_13_124_value2,3.0678932575982487,0.6174891148188614
stresstest_53_752_value1,-10.0,0.994388001420109
stresstest_17_963_value2,-10.0,1.0000002397767407
stresstest_75_1189_value1,-10.0,0.8254822691572294
stresstest_83_122_neutral,-6.9790705482444935,0.8742365670776282
stresstest_82_809_value1,10.0,0.9902090738260362
stresstest_47_374_value2,-10.0,0.9884441753611994
stresstest_84_977_neutral,3.6238738790096465,0.9443688615656566
stresstest_14_756_value1,-10.0,0.9999770399868155
stresstest_21_1440_value1,-7.881258701131554,0.6535414498339416
stresstest_80_1347_value2,10.0,0.7262667189045118
stresstest_39_472_neutral,10.0,0.8226995576960477
stresstest_57_990_neutral,10.0,0.9748692612624335
stresstest_64_644_value2,-10.0,0.8496074602645639
stresstest_30_107_value1,-10.0,0.9820022367177084
stresstest_96_1016_value2,5.7175405106587585,0.9935931033478467
stresstest_35_749_value2,1.0221963708381363,0.670646113989411
stresstest_20_298_value1,-10.0,0.9105395801258174
stresstest_37_1140_value2,0.07356316973065322,0.9948009698691089
stresstest_25_1385_value2,-5.160474630886105,0.9952548073225325
stresstest_8_1025_value2,-3.8510477760341226,0.9210425195353958
stresstest_17_464_value2,1.2644225511749345,0.8634483306457653
stresstest_21_1068_value1,8.124453454349137,0.7005191954120243
stresstest_21_691_value2,-3.2969458061766437,0.8986394747177447
stresstest_10_653_value2,0.599397379120099,0.7531974872022442
stresstest_89_304_value1,5.477952579346001,0.9926658903281718
stresstest_46_804_neutral,-10.0,0.9999963254282401
stresstest_21_434_value1,0.5479273292590647,0.9805008090358281
stresstest_21_453_neutral,-6.245670323517075,0.9609775443510846
stresstest_69_93_value2,-5.446851179207321,0.9938321322167241
stresstest_10_207_value2,-2.6256176912652585,0.783477922777614
stresstest_28_906_value1,10.0,1.0000000002910812
stresstest_75_1307_neutral,10.0,0.8929946641343718
stresstest_35_940_value2,4.340724246782735,0.5572312665563073
stresstest_24_76_value1,-7.309290649436335,0.8245221257580537
stresstest_2_950_value1,5.287155891198282,0.9940798236147076
stresstest_88_754_value1,-3.7562836461874483,0.9838927191646271
stresstest_42_1401_value1,-1.1516360731672055,0.9703389171054262
stresstest_71_1179_value1,-7.102338109237753,0.6036860679758574
stresstest_19_159_value2,8.495064404429165,0.6421895375691814
stresstest_65_1036_value1,2.5654196002424077,0.9999892851581047
stresstest_95_1424_neutral,-1.5618884907087802,0.9882444172183256
stresstest_46_763_value2,8.004953481821873,0.7039551958198189
stresstest_53_1160_value1,6.612874032517103,0.5487541176297704
stresstest_78_462_neutral,-10.0,0.9982273633680656
stresstest_65_800_neutral,3.69360627736523,0.679208381958332
stresstest_84_992_value1,-10.0,0.9585385182804631
stresstest_8_1022_neutral,10.0,0.9910579837356694
stresstest_72_1137_neutral,3.7369722324649715,0.5994064858859952
stresstest_28_78_value2,-2.561713977137736,0.997624870624063
stresstest_46_315_value2,3.813512842985087,0.8083128878915803
stresstest_69_48_value1,-1.1473573112333524,0.9490118530826377
stresstest_83_878_value1,-2.8544727662956206,0.9315136048533281
stresstest_12_1085_value2,-7.194251546649197,0.7420684011900955
stresstest_8_227_value2,7.33391800577718,0.8522859578095641
stresstest_9_813_value2,-6.110175637183325,0.6630678822452793
stresstest_13_1347_value2,10.0,0.9942092228200388
stresstest_6_45_neutral,-10.0,0.6734379521178149
stresstest_34_794_value2,0.1802074525708087,0.9097164895748948
stresstest_73_1293_value1,-10.0,0.9999974779908186
stresstest_51_636_value2,-10.0,0.9831712120432147
stresstest_85_682_neutral,-10.0,1.0
stresstest_13_1212_neutral,-5.352191531073925,0.9930890122797603
stresstest_41_1212_value1,0.9323815988139952,0.8201934197145663
stresstest_33_482_value1,-10.0,1.0
stresstest_9_148_value2,-8.315221738037815,0.995580003969318
stresstest_39_1096_value1,-10.0,0.9235542631452445
stresstest_99_718_neutral,-10.0,0.982713688422247
stresstest_11_1210_value2,1.6080707639872067,0.9883571973775476
stresstest_2_799_neutral,10.0,0.8689653796053999
stresstest_23_1361_neutral,-10.0,0.9999729698814402
stresstest_19_1354_value1,10.0,0.8291701936992719
stresstest_89_154_value2,8.217513942476165,0.6841900168776941
stresstest_36_144_neutral,10.0,1.0000007072314159
stresstest_7_489_value2,10.0,0.9532667880339182
stresstest_30_835_value2,5.321300964019885,0.6387488829378872
stresstest_37_990_value1,1.8104777263595344,0.555405662562507
stresstest_54_1401_value2,4.446309204603889,0.4575334983176339
stresstest_12_414_neutral,-7.688494559848002,0.7655540720573955
stresstest_21_302_value2,0.21302783305902007,0.6535491149842175
stresstest_98_480_value2,6.918730744272578,0.6400160752074188
stresstest_41_1339_neutral,10.0,0.9919529389967278
stresstest_73_1423_value2,10.0,0.894745635768062
stresstest_36_747_value1,-2.6329424529815966,0.645393244681277
stresstest_77_1145_value2,10.0,0.9791648414048165
stresstest_93_1111_value2,-7.731287845796157,0.6827158756772438
stresstest_0_1312_neutral,7.11582756203666,0.851000788277749
stresstest_52_912_value2,5.535059767957634,6.953115501675512
stresstest_20_491_neutral,-6.18263210123955,0.9537512583950685
stresstest_99_844_value2,-2.1725789643731606,0.7547836820602101
stresstest_44_274_neutral,7.1555570355674245,0.706306655744997
stresstest_84_257_neutral,8.200766475929285,0.5101619676661365
stresstest_37_649_value2,-7.582470572627427,0.5831722834745273
stresstest_73_619_value2,-7.938222400066665,0.5467220150013311
stresstest_43_913_neutral,10.0,0.7200681861014416
stresstest_71_731_value1,-10.0,0.9288910577150461
stresstest_67_292_value1,-3.749192541960621,0.5229956129017223
stresstest_61_835_value1,-10.0,0.9939623005754632
stresstest_9_900_value2,-7.704766501431378,0.6852323774084963
stresstest_61_1237_neutral,-1.527625944129274,0.8489982063866117
stresstest_24_48_value2,2.754226443770116,0.9920191544352238
stresstest_47_1425_neutral,-7.814434253974193,0.6270595997941459
stresstest_70_1017_value2,-1.7673724874596237,0.959020672041697
stresstest_70_168_value1,3.6997841581315365,0.9988922438384031
stresstest_7_310_value2,-10.0,0.7536423034749558
stresstest_51_762_value1,2.9640638761696656,0.7912631585813509
stresstest_78_498_neutral,7.165914863214439,0.5678689970516382
stresstest_21_445_value2,0.09937060068150926,0.7228594239885698
stresstest_66_53_neutral,4.262789786620797,0.6549883839546169
stresstest_4_1184_value1,8.464114269300788,0.5664722177916366
stresstest_52_657_neutral,-2.1546124078394966,0.5964310038235415
stresstest_77_1466_value1,10.0,1.0000010214588064
stresstest_14_652_value1,-1.6762961732431525,0.5139425154240436
stresstest_25_1081_value2,7.313210193606407,0.6151398436407217
stresstest_21_493_value2,-10.0,0.9930563248191706
stresstest_3_268_value1,-10.0,0.9347804052317022
stresstest_33_260_value2,-7.808532236782276,0.7586663326837545
stresstest_92_650_value1,3.2671810919365947,0.9959526204897535
stresstest_76_611_value2,-6.860983833646358,0.8870227613899311
stresstest_10_1281_value2,7.666060907835715,0.8012098312541552
stresstest_62_385_value2,-7.630226474521011,0.7874708518207134
stresstest_46_471_neutral,-2.53385957533348,0.5470353903433137
stresstest_32_669_value1,-10.0,0.9999974914968497
stresstest_25_1218_neutral,10.0,0.9369115916687437
stresstest_51_652_neutral,-1.6895811670291263,0.5468983081985673
stresstest_80_810_value2,6.309745526318722,0.7178241416484898
stresstest_45_429_neutral,-10.0,0.9999193324557872
stresstest_62_1399_value1,-0.09918325709447202,0.8133307216576436
stresstest_59_601_value1,-6.276982032725896,0.7080280189697211
stresstest_27_1334_value2,10.0,0.9129951446795349
stresstest_75_465_neutral,-2.0664289599051364,0.9939593613010126
stresstest_62_451_neutral,-4.844526229839402,0.9784878128737735
stresstest_17_408_neutral,-10.0,0.9998577009947199
stresstest_64_1467_value2,-10.0,1.0
stresstest_0_958_value2,10.0,0.9715292439502053
stresstest_19_999_value2,3.225163113461654,0.9213164851100343
stresstest_6_780_value1,10.0,0.8537526032153447
stresstest_82_647_value2,6.529817547699408,0.8012561118026503
stresstest_10_961_value2,2.9311404868417803,0.9258109444550418
stresstest_19_1298_value1,-10.0,0.993072648711503
stresstest_7_1406_value1,-5.183692601189086,0.8476239837155826
stresstest_35_666_neutral,-0.1707725009614944,0.9709350218392114
stresstest_14_425_neutral,-5.37949580580826,0.6573369210993766
stresstest_69_88_value1,-6.458010921504135,0.9656321750471738
stresstest_69_315_value1,10.0,0.999999990751809
stresstest_89_919_value1,-10.0,0.9774950229694945
stresstest_76_668_value1,2.5538262285092452,0.9999958088557168
stresstest_36_1202_value2,-10.0,0.9909965482184536
stresstest_1_766_value1,-4.3768583130223755,0.6832239322918648
stresstest_23_1231_value1,2.8456483032382125,0.6229989518426275
stresstest_39_245_neutral,-10.0,0.9960412931039538
stresstest_60_372_neutral,7.768875936839482,0.7719816015555847
stresstest_49_1191_value1,6.888400279106725,0.6308955397845716
stresstest_3_805_value2,10.0,0.8800723898559617
stresstest_4_687_value1,-5.910044954740547,0.7272240878422854
stresstest_45_397_value2,0.7611481404421601,0.49577213122651803
stresstest_78_853_value2,5.118031313327532,0.9957718757272468
stresstest_91_323_neutral,-4.970305007352829,0.676238267053173
stresstest_9_1044_value2,2.5727726545494494,0.9493221792518736
stresstest_51_1254_value2,3.209155451093644,0.8209405375054204
stresstest_32_1446_value1,-1.9881716574571189,0.8236738161217602
stresstest_36_105_neutral,10.0,1.0000001632684488
stresstest_90_71_neutral,-2.7438868544158175,0.5106545750329949
stresstest_0_1354_neutral,-10.0,0.999981570509794
stresstest_37_738_value2,-7.08974694198111,0.8503396397975204
stresstest_57_362_value2,-0.20642605547204518,0.8598664778015038
stresstest_30_506_value2,10.0,0.9988948450440782
stresstest_3_745_value1,10.0,0.9814903892608995
stresstest_0_1308_value2,1.6781434357718779,0.6846650343373173
stresstest_84_433_value1,-10.0,0.7675376506126833
stresstest_67_637_value2,-10.0,0.8722604201911842
stresstest_90_111_neutral,1.3804515807938686,0.6531668649515682
stresstest_5_450_value1,3.57386406691074,0.7128642011181857
stresstest_23_1234_value1,4.623548997336304,0.4592581119114108
stresstest_68_435_value1,-10.0,0.9924150484762693
stresstest_47_499_neutral,-4.958177531303076,0.798697964086873
stresstest_6_1432_value1,6.865111493294447,0.8930192996932284
stresstest_43_405_value2,9.479489129973299,0.9891371900105644
stresstest_38_573_value1,8.654863115313246,0.5915846482648803
stresstest_53_698_value1,-10.0,0.8498761080884186
stresstest_68_115_value1,-10.0,0.9930706706753833
stresstest_72_478_value2,5.143718239763608,0.9662138637765227
stresstest_31_936_value1,1.9470626419268628,0.7770172199181878
stresstest_75_1383_value2,-2.4650534388726997,0.7622532688625032
stresstest_72_744_neutral,-5.995219122135351,0.9743398983576683
stresstest_41_1033_neutral,-0.5649656144843822,0.41610463266050807
stresstest_43_1380_neutral,-7.367110377264607,0.817094080425624
stresstest_82_976_neutral,-10.0,0.9950552823361103
stresstest_31_40_value1,10.0,0.9945253404110237
stresstest_99_79_value2,-1.81294363243794,0.9815508545341864
stresstest_28_414_neutral,8.814265761405428,0.5745949916489682
stresstest_30_202_value2,-2.2789560458200624,0.547888739193238
stresstest_99_572_value1,10.0,0.9997532472418886
stresstest_33_671_neutral,-0.048677408246286594,0.9940607756470912
stresstest_97_31_value2,6.485858319960487,0.8968785854426523
stresstest_80_1250_value1,10.0,0.9999961432246762
stresstest_0_103_value1,-7.303709318342682,0.8363289549817472
stresstest_32_571_value1,-1.9230139861198734,0.8677325400441849
stresstest_70_8_neutral,-10.0,0.9156790978791167
stresstest_16_925_value1,0.5031649694507236,0.4475300585395677
stresstest_30_1009_value1,10.0,1.0
stresstest_39_1114_value1,10.0,0.9817565211145503
stresstest_29_635_neutral,10.0,0.9999978616686819
stresstest_5_1272_value2,-8.21201415883026,0.694791302480409
stresstest_35_467_neutral,-5.681121127676355,0.5872335945736952
stresstest_28_978_value2,10.0,0.7406643892326071
stresstest_91_1222_value1,0.8667862577983918,0.7509291888169974
stresstest_19_353_value1,-10.0,0.9998731069050942
stresstest_91_723_neutral,6.595481527978038,0.9040844270122717
stresstest_96_624_value2,5.868857468018293,0.9690331947528353
stresstest_91_1190_neutral,5.352949665145775,0.9931027890174206
stresstest_81_574_value2,1.1786839036581276,0.9004355496094988
stresstest_49_1059_value2,-7.012480860001454,0.8652759028683386
stresstest_25_721_value1,-5.121372515332234,0.9928367987827028
stresstest_11_369_value1,-5.5714376045376275,0.5710562919374614
stresstest_87_319_value2,4.902165069544944,0.6689700453299434
stresstest_56_1374_neutral,-6.0848755460747315,0.959685371227775
stresstest_27_1143_neutral,-3.5870668573392095,0.9920712555663226
stresstest_94_1150_value2,-5.9145446553136924,0.6551483891895563
stresstest_84_1188_neutral,-3.689021167506476,0.8546417953236092
stresstest_1_700_value2,-6.7822952945944195,0.6896082994804151
stresstest_18_1250_neutral,-10.0,0.9214540031326355
stresstest_77_1187_neutral,-4.510050023222943,0.6956185291759951
stresstest_77_48_neutral,2.5117546910798008,0.9754140076223454
stresstest_7_990_neutral,-4.652886035629115,0.8446465666669255
stresstest_13_884_value1,-5.595471604271208,0.7627331358400417
stresstest_16_184_neutral,2.902384460099985,0.4957853402142249
stresstest_7_377_value2,-10.0,1.0
stresstest_21_1443_value1,2.4435501923723106,0.7184076517540919
stresstest_30_1259_value2,4.371541934245319,0.6595512192486095
stresstest_56_640_neutral,10.0,0.9757838976392776
stresstest_3_1272_neutral,9.50491030752008,0.9639077746263128
stresstest_97_1059_value1,2.1010221187768225,0.6641650850120528
stresstest_57_780_value2,-4.567843820715847,0.706739863654582
stresstest_53_750_value1,-5.352251577571962,0.9931037664071388
stresstest_62_103_value1,10.0,0.9999251495440291
stresstest_8_1003_value2,-7.279677575004959,0.8675341949014138
stresstest_29_833_value2,-10.0,0.9935615853087708
stresstest_29_120_neutral,-2.9955334256210717,0.9358513534340165
stresstest_71_695_value1,-0.019019770398001398,0.7834912078585906
stresstest_45_1247_neutral,10.0,0.9726239542190758
stresstest_54_890_value2,-10.0,0.999776883182027
stresstest_7_280_value2,5.353985364191786,0.9932074711886454
stresstest_83_1309_neutral,-5.403400806250805,0.7726191051195993
stresstest_64_306_value2,-8.536793230917114,0.6293775572235563
stresstest_16_851_value2,-6.928412075056284,0.8144348475450227
stresstest_85_395_value1,-2.1253553017334434,0.6303095304402923
stresstest_36_16_value1,10.0,0.9564419129391789
stresstest_5_563_value2,-1.5889137945259766,0.8312921609961536
stresstest_47_1046_neutral,2.315323440202158,0.5102438146208346
stresstest_66_1293_neutral,-1.3892391184013204,0.8926731346060859
stresstest_84_19_neutral,-4.033162467357592,0.927881110905155
stresstest_85_796_value1,-2.030004157400306,0.455898469922505
stresstest_37_1447_neutral,7.6695083073555885,0.6164995958745262
stresstest_54_422_value1,-7.361675942762135,0.6748918024274538
stresstest_81_1156_value1,-3.061891487563645,0.7626007946234755
stresstest_71_1340_neutral,-5.3953077356259636,0.9925490164670034
stresstest_22_89_value1,6.666890053746523,0.665652421616075
stresstest_36_261_neutral,10.0,0.9789944347631084
stresstest_25_1360_neutral,10.0,0.9999958031926326
stresstest_22_641_neutral,-4.739860668836645,0.9631146092506674
stresstest_65_594_value1,-5.169303892333298,0.9866607042332947
stresstest_84_1280_value2,5.352746786132661,0.9930910576095106
stresstest_6_169_value1,3.3736826794218677,0.8633232901381119
stresstest_61_919_value2,-8.47047032472957,0.6250474155159343
stresstest_20_149_neutral,-10.0,0.999552776011934
stresstest_21_585_value1,3.2681375800536894,0.6661148514787572
stresstest_39_1193_value1,10.0,0.8914387870724211
stresstest_25_1206_value1,-6.486940261343633,0.9172867194497544
stresstest_11_961_value1,2.736859871917354,0.7020901703359189
stresstest_25_1364_value2,10.0,0.9877930734393439
stresstest_51_27_neutral,-5.417756000957588,0.988672657959148
stresstest_95_1008_neutral,-2.1475688533328845,0.985304196468748
stresstest_23_380_value2,4.269159326647515,0.9941464458463707
stresstest_6_1358_neutral,2.473589397905289,0.9875170812714168
